3271|33058|121055.97|1992-01-01|true
5607|91021|35241.97|1992-01-01|true
20742|136801|117182.58|1992-01-01|true
23010|91141|91129.24|1992-01-01|true
27015|10954|38701.36|1992-01-01|true
27137|54109|271876.20|1992-01-01|true
37543|124229|172141.57|1992-01-01|true
45697|109417|327952.80|1992-01-01|true
59718|24749|81257.61|1992-01-01|true
88199|36158|259184.69|1992-01-01|true
115585|143335|190374.40|1992-01-01|true
126753|136505|199326.27|1992-01-01|true
139655|25249|113272.49|1992-01-01|true
159266|99056|120670.21|1992-01-01|true
161954|127711|179671.72|1992-01-01|true
175975|7511|277536.21|1992-01-01|true
176768|112850|363509.99|1992-01-01|true
179335|82357|73928.46|1992-01-01|true
183488|116027|217481.23|1992-01-01|true
189441|26461|207972.36|1992-01-01|true
190656|23695|150384.61|1992-01-01|true
201414|11642|168718.81|1992-01-01|true
228804|96325|132920.07|1992-01-01|true
234946|34885|170795.27|1992-01-01|true
249668|115781|36870.68|1992-01-01|true
287971|142165|33001.96|1992-01-01|true
300416|107147|102007.54|1992-01-01|true
302497|133474|280071.20|1992-01-01|true
303079|42031|48956.27|1992-01-01|true
334181|28667|108114.75|1992-01-01|true
339300|44791|303769.56|1992-01-01|true
343335|32153|222285.28|1992-01-01|true
346916|63947|311364.36|1992-01-01|true
359170|107341|93815.56|1992-01-01|true
360261|93742|11454.62|1992-01-01|true
368004|115313|111588.39|1992-01-01|true
383079|79501|164696.88|1992-01-01|true
391429|129724|250001.60|1992-01-01|true
414725|34972|26960.83|1992-01-01|true
433446|126361|102858.61|1992-01-01|true
434722|9376|134221.60|1992-01-01|true
436836|63235|171809.32|1992-01-01|true
441253|83678|173407.82|1992-01-01|true
446144|25181|260325.63|1992-01-01|true
458982|102265|224072.68|1992-01-01|true
463072|54256|351887.91|1992-01-01|true
466659|77882|96506.17|1992-01-01|true
470693|122989|267264.25|1992-01-01|true
494854|27956|230373.15|1992-01-01|true
497314|88357|84822.72|1992-01-01|true
515077|118834|272882.67|1992-01-01|true
560930|25048|242635.20|1992-01-01|true
571586|37652|213398.20|1992-01-01|true
575495|5365|200660.27|1992-01-01|true
613377|143623|45500.64|1992-01-01|true
621763|42481|45034.27|1992-01-01|true
623553|119389|51937.92|1992-01-01|true
628352|24943|295722.42|1992-01-01|true
630278|116089|11799.84|1992-01-01|true
636423|94549|254737.12|1992-01-01|true
638595|27112|186137.55|1992-01-01|true
639553|109993|159056.45|1992-01-01|true
642151|2128|206352.04|1992-01-01|true
646854|134503|229192.11|1992-01-01|true
656230|134236|129913.92|1992-01-01|true
682656|83854|184322.01|1992-01-01|true
685120|110767|140299.17|1992-01-01|true
690274|114347|144232.68|1992-01-01|true
699493|36206|228722.06|1992-01-01|true
703012|132998|162032.57|1992-01-01|true
706371|73999|12845.76|1992-01-01|true
717701|127393|155686.17|1992-01-01|true
721220|9263|214359.98|1992-01-01|true
721893|41219|290580.46|1992-01-01|true
723777|112528|223837.36|1992-01-01|true
727232|25193|102378.77|1992-01-01|true
743810|96827|156503.70|1992-01-01|true
779654|32492|90179.30|1992-01-01|true
780903|6539|64377.91|1992-01-01|true
787490|75227|170349.35|1992-01-01|true
795073|83155|227940.48|1992-01-01|true
803488|4153|149963.43|1992-01-01|true
819428|142003|105145.33|1992-01-01|true
821696|41077|117448.17|1992-01-01|true
828739|93590|171207.47|1992-01-01|true
834854|62452|167521.32|1992-01-01|true
842980|72862|57750.93|1992-01-01|true
855717|88390|85796.89|1992-01-01|true
857472|97922|334686.87|1992-01-01|true
862278|26126|204990.76|1992-01-01|true
871712|56122|68138.83|1992-01-01|true
874625|102112|34229.87|1992-01-01|true
902276|21508|80727.77|1992-01-01|true
904677|3043|127654.95|1992-01-01|true
913152|87788|249478.58|1992-01-01|true
923360|128519|209985.49|1992-01-01|true
952960|34949|14112.14|1992-01-01|true
964006|9118|140207.63|1992-01-01|true
964547|70876|70504.67|1992-01-01|true
990147|69892|7259.17|1992-01-01|true
1002753|61658|2262.86|1992-01-01|true
1006694|56521|69330.10|1992-01-01|true
1038022|67475|71288.52|1992-01-01|true
1049856|8194|227571.93|1992-01-01|true
1049991|125006|166919.15|1992-01-01|true
1054181|139421|185501.90|1992-01-01|true
1059108|61309|39737.31|1992-01-01|true
1059425|110114|101195.24|1992-01-01|true
1069285|128716|165643.81|1992-01-01|true
1070688|36031|19018.02|1992-01-01|true
1073059|120637|166949.57|1992-01-01|true
1081793|85418|120862.73|1992-01-01|true
1091458|99907|140730.79|1992-01-01|true
1104708|48770|234742.37|1992-01-01|true
1110658|93866|81965.61|1992-01-01|true
1111877|15592|153986.59|1992-01-01|true
1115494|147511|179670.44|1992-01-01|true
1123776|55729|20728.08|1992-01-01|true
1132739|139438|254480.99|1992-01-01|true
1133666|122833|216760.16|1992-01-01|true
1139266|17032|27775.03|1992-01-01|true
1157222|18431|221872.99|1992-01-01|true
1159971|46559|5326.28|1992-01-01|true
1161669|126736|177519.54|1992-01-01|true
1185794|63079|347801.18|1992-01-01|true
1186308|23122|438359.73|1992-01-01|true
1190181|67618|78902.84|1992-01-01|true
1203046|53731|313147.33|1992-01-01|true
1203332|44632|389085.79|1992-01-01|true
1211207|62329|133333.97|1992-01-01|true
1215648|135569|129675.05|1992-01-01|true
1243424|7090|80058.71|1992-01-01|true
1244838|58181|189336.74|1992-01-01|true
1247234|103238|47028.07|1992-01-01|true
1249954|37417|158879.22|1992-01-01|true
1255365|107173|118494.14|1992-01-01|true
1275397|35923|100358.12|1992-01-01|true
1285220|131153|322443.42|1992-01-01|true
1290816|97643|45241.90|1992-01-01|true
1298054|125599|188214.53|1992-01-01|true
1304070|7999|206960.21|1992-01-01|true
1314020|103994|178399.21|1992-01-01|true
1332388|92455|174468.02|1992-01-01|true
1332613|84082|213654.50|1992-01-01|true
1340194|130349|189552.26|1992-01-01|true
1352897|112750|195256.01|1992-01-01|true
1353862|114863|165340.94|1992-01-01|true
1359333|53218|85724.82|1992-01-01|true
1362790|66571|277874.19|1992-01-01|true
1373925|5828|278450.09|1992-01-01|true
1377542|67691|370761.77|1992-01-01|true
1399905|143111|161408.84|1992-01-01|true
1401891|5509|57249.24|1992-01-01|true
1410629|61826|68822.45|1992-01-01|true
1430276|44831|132491.61|1992-01-01|true
1498310|139370|62832.99|1992-01-01|true
1508679|77716|261560.48|1992-01-01|true
1517600|58531|147891.43|1992-01-01|true
1540774|42073|55502.05|1992-01-01|true
1543525|141085|42505.35|1992-01-01|true
1545379|122560|12489.61|1992-01-01|true
1552449|19397|57827.19|1992-01-01|true
1555776|120415|40711.24|1992-01-01|true
1559970|60217|290043.13|1992-01-01|true
1572673|12238|27492.11|1992-01-01|true
1585734|64717|68591.27|1992-01-01|true
1586021|140308|13632.46|1992-01-01|true
1591622|140200|85432.73|1992-01-01|true
1604453|890|40723.66|1992-01-01|true
1608033|91699|25776.44|1992-01-01|true
1614787|2545|56644.78|1992-01-01|true
1629218|121828|262436.98|1992-01-01|true
1639335|132481|127252.34|1992-01-01|true
1643075|104261|105026.08|1992-01-01|true
1656837|63331|232736.23|1992-01-01|true
1673569|107912|258376.94|1992-01-01|true
1680997|73945|202564.38|1992-01-01|true
1681090|148286|153810.10|1992-01-01|true
1685828|53842|133837.32|1992-01-01|true
1701152|147571|83715.04|1992-01-01|true
1706016|66221|14644.37|1992-01-01|true
1719271|46345|58807.05|1992-01-01|true
1727298|99502|90356.18|1992-01-01|true
1731587|110485|28122.09|1992-01-01|true
1737829|72994|22604.83|1992-01-01|true
1752322|2797|77273.52|1992-01-01|true
1758628|34207|148135.47|1992-01-01|true
1782787|78266|213879.57|1992-01-01|true
1787520|8737|183586.73|1992-01-01|true
1791557|26509|109850.87|1992-01-01|true
1792544|70669|75505.39|1992-01-01|true
1794374|35326|271413.48|1992-01-01|true
1832480|70841|58617.16|1992-01-01|true
1837095|43300|61057.43|1992-01-01|true
1866913|129595|140954.20|1992-01-01|true
1868227|147094|120609.68|1992-01-01|true
1874662|78604|25532.56|1992-01-01|true
1875747|114898|214607.16|1992-01-01|true
1876097|48646|44469.63|1992-01-01|true
1880321|16021|6447.01|1992-01-01|true
1885254|65795|164856.74|1992-01-01|true
1902082|57539|108198.05|1992-01-01|true
1913443|132799|325957.59|1992-01-01|true
1920001|70319|205593.20|1992-01-01|true
1929409|136064|92485.11|1992-01-01|true
1939168|12454|83027.53|1992-01-01|true
1942917|107302|37110.35|1992-01-01|true
1945668|47384|33409.52|1992-01-01|true
1950566|62045|255323.53|1992-01-01|true
1950726|37852|108313.71|1992-01-01|true
1955750|80039|198258.00|1992-01-01|true
1974598|123511|156887.68|1992-01-01|true
1983334|91987|13262.80|1992-01-01|true
1984517|121093|9063.34|1992-01-01|true
2001892|143665|146032.69|1992-01-01|true
2005603|69730|164417.71|1992-01-01|true
2033824|82363|60313.01|1992-01-01|true
2048934|98677|171399.62|1992-01-01|true
2069187|79772|155113.95|1992-01-01|true
2069926|29233|80683.57|1992-01-01|true
2074886|71314|79741.72|1992-01-01|true
2074976|42650|142928.52|1992-01-01|true
2083685|95581|72600.25|1992-01-01|true
2088422|23728|124473.02|1992-01-01|true
2104164|20818|135428.11|1992-01-01|true
2109282|117200|326727.75|1992-01-01|true
2132197|99581|68828.39|1992-01-01|true
2138215|116467|56172.35|1992-01-01|true
2144260|55639|234089.95|1992-01-01|true
2144770|73481|142756.37|1992-01-01|true
2153317|10762|285145.35|1992-01-01|true
2156225|129004|193650.93|1992-01-01|true
2160263|52165|78151.47|1992-01-01|true
2161799|148319|171628.80|1992-01-01|true
2167527|64205|199990.39|1992-01-01|true
2168096|103219|48109.77|1992-01-01|true
2171652|138470|172763.02|1992-01-01|true
2179398|124102|134569.08|1992-01-01|true
2184032|120376|240883.09|1992-01-01|true
2185443|28924|26199.94|1992-01-01|true
2185830|61324|180447.60|1992-01-01|true
2194401|139330|113249.82|1992-01-01|true
2206016|48397|111414.34|1992-01-01|true
2208802|52795|132958.82|1992-01-01|true
2237796|123055|93729.55|1992-01-01|true
2259587|67436|282829.29|1992-01-01|true
2270529|64627|139569.47|1992-01-01|true
2275169|76708|48721.39|1992-01-01|true
2284740|140584|132736.20|1992-01-01|true
2303527|27770|215189.38|1992-01-01|true
2307681|112862|39984.81|1992-01-01|true
2319395|47839|37406.59|1992-01-01|true
2319618|120152|235945.66|1992-01-01|true
2323621|63367|309848.09|1992-01-01|true
2325219|97931|153113.21|1992-01-01|true
2330151|54469|293818.19|1992-01-01|true
2335747|102724|127440.92|1992-01-01|true
2343683|79987|198643.85|1992-01-01|true
2388551|19363|102667.39|1992-01-01|true
2391552|13075|197127.21|1992-01-01|true
2469159|132268|72326.44|1992-01-01|true
2494370|24451|164466.51|1992-01-01|true
2505350|94019|126034.75|1992-01-01|true
2510022|71050|146742.48|1992-01-01|true
2518852|111289|173025.72|1992-01-01|true
2526177|63160|72361.29|1992-01-01|true
2533476|131984|85069.19|1992-01-01|true
2533701|27167|49935.62|1992-01-01|true
2534624|137477|178437.80|1992-01-01|true
2543170|135391|188502.44|1992-01-01|true
2559431|88238|220765.48|1992-01-01|true
2569185|41092|50761.11|1992-01-01|true
2583427|138523|47735.31|1992-01-01|true
2583776|26359|267935.24|1992-01-01|true
2587813|100618|86127.19|1992-01-01|true
2593507|128183|127323.86|1992-01-01|true
2643653|126457|87585.84|1992-01-01|true
2653089|145315|287458.90|1992-01-01|true
2674662|67993|150528.89|1992-01-01|true
2690343|87661|60801.79|1992-01-01|true
2700708|12358|68563.70|1992-01-01|true
2701954|110983|47324.07|1992-01-01|true
2704001|80539|272525.22|1992-01-01|true
2712033|57046|85499.77|1992-01-01|true
2720386|99313|134059.26|1992-01-01|true
2741217|10252|155547.82|1992-01-01|true
2746625|74618|65815.17|1992-01-01|true
2746852|113309|168889.48|1992-01-01|true
2784001|73736|65347.64|1992-01-01|true
2785572|108134|182479.05|1992-01-01|true
2787906|145744|250953.09|1992-01-01|true
2835846|48085|217819.59|1992-01-01|true
2840000|80092|127120.44|1992-01-01|true
2843298|116423|29555.31|1992-01-01|true
2843905|105820|137652.24|1992-01-01|true
2860608|140722|249393.93|1992-01-01|true
2862565|24268|238873.76|1992-01-01|true
2865025|17204|129587.95|1992-01-01|true
2882052|92074|139264.22|1992-01-01|true
2884131|55306|127156.76|1992-01-01|true
2908514|10084|170285.32|1992-01-01|true
2913059|78763|293987.44|1992-01-01|true
2913477|69802|17254.24|1992-01-01|true
2941507|49078|135803.81|1992-01-01|true
2954913|147742|43253.49|1992-01-01|true
2961568|1822|45711.43|1992-01-01|true
2974083|122671|283016.85|1992-01-01|true
2977088|31831|164717.47|1992-01-01|true
2987362|91114|189425.74|1992-01-01|true
2992996|113594|90931.91|1992-01-01|true
3001924|20680|188049.08|1992-01-01|true
3007013|115660|154777.20|1992-01-01|true
3009031|101677|69986.11|1992-01-01|true
3042913|51220|125371.31|1992-01-01|true
3053511|11788|4441.59|1992-01-01|true
3066403|6926|187589.21|1992-01-01|true
3066689|133165|41766.92|1992-01-01|true
3070311|138256|162194.08|1992-01-01|true
3088161|862|174943.58|1992-01-01|true
3097249|24119|224012.44|1992-01-01|true
3133382|111745|336411.74|1992-01-01|true
3138151|95708|184144.72|1992-01-01|true
3142627|30505|142816.13|1992-01-01|true
3153504|51662|286389.35|1992-01-01|true
3163814|60544|129968.46|1992-01-01|true
3172390|31013|178818.74|1992-01-01|true
3182115|74683|166637.96|1992-01-01|true
3214433|6439|209631.87|1992-01-01|true
3238823|36068|92642.17|1992-01-01|true
3239905|104737|35159.47|1992-01-01|true
3240576|34246|206661.40|1992-01-01|true
3265059|46442|233972.67|1992-01-01|true
3266373|68126|140947.01|1992-01-01|true
3272003|60442|197368.34|1992-01-01|true
3273383|98428|129089.88|1992-01-01|true
3293793|115790|178666.09|1992-01-01|true
3301026|58285|112264.82|1992-01-01|true
3333572|79115|301209.29|1992-01-01|true
3363171|50245|22636.75|1992-01-01|true
3370945|10411|169201.68|1992-01-01|true
3375654|95947|160794.83|1992-01-01|true
3395076|96577|160450.00|1992-01-01|true
3421223|125926|102090.03|1992-01-01|true
3440037|2504|103764.26|1992-01-01|true
3446912|118354|77337.16|1992-01-01|true
3450533|70288|77704.07|1992-01-01|true
3454183|40573|202675.50|1992-01-01|true
3469025|114799|34962.89|1992-01-01|true
3483748|18712|111243.94|1992-01-01|true
3492899|126112|65447.61|1992-01-01|true
3501697|64714|100657.14|1992-01-01|true
3507392|15715|191451.13|1992-01-01|true
3518178|18968|32721.40|1992-01-01|true
3522915|50818|141140.71|1992-01-01|true
3523809|137345|96135.10|1992-01-01|true
3537221|73198|178355.23|1992-01-01|true
3542944|135241|195721.64|1992-01-01|true
3546976|141070|159859.96|1992-01-01|true
3552900|60383|229281.78|1992-01-01|true
3557312|135091|106611.73|1992-01-01|true
3558821|19513|26318.68|1992-01-01|true
3575970|113317|164848.78|1992-01-01|true
3582149|68408|37179.47|1992-01-01|true
3583684|79039|164888.36|1992-01-01|true
3584578|51349|229294.02|1992-01-01|true
3589984|77564|23024.63|1992-01-01|true
3595365|54697|134588.69|1992-01-01|true
3600130|5081|95456.95|1992-01-01|true
3608005|125365|90063.65|1992-01-01|true
3608804|109663|114321.44|1992-01-01|true
3626148|48725|193232.71|1992-01-01|true
3643973|7367|32508.34|1992-01-01|true
3654977|104146|351529.18|1992-01-01|true
3657665|10867|205973.41|1992-01-01|true
3666020|130769|137454.03|1992-01-01|true
3668544|88306|266497.53|1992-01-01|true
3694500|114967|204839.39|1992-01-01|true
3696455|55804|115424.76|1992-01-01|true
3701600|65726|68866.68|1992-01-01|true
3703075|105134|31501.33|1992-01-01|true
3704996|87386|241199.66|1992-01-01|true
3737891|13330|150373.43|1992-01-01|true
3741124|12580|149849.59|1992-01-01|true
3741763|77041|242953.42|1992-01-01|true
3753186|29704|159014.14|1992-01-01|true
3765445|80530|230576.10|1992-01-01|true
3785735|55097|80155.54|1992-01-01|true
3788131|85843|67968.03|1992-01-01|true
3804260|99475|214190.56|1992-01-01|true
3812550|14486|55277.13|1992-01-01|true
3839363|90862|85813.35|1992-01-01|true
3850144|110240|267061.39|1992-01-01|true
3870533|38558|111841.53|1992-01-01|true
3891367|142885|49961.46|1992-01-01|true
3891972|9883|248347.46|1992-01-01|true
3897508|81665|102126.67|1992-01-01|true
3902531|71147|82968.42|1992-01-01|true
3903875|67906|8320.09|1992-01-01|true
3907655|149806|75717.34|1992-01-01|true
3919623|74039|141118.73|1992-01-01|true
3925505|31471|107817.61|1992-01-01|true
3930276|135022|173568.02|1992-01-01|true
3954465|83902|50036.28|1992-01-01|true
3958784|29084|77454.99|1992-01-01|true
3973414|13060|206414.79|1992-01-01|true
4010469|49385|200738.13|1992-01-01|true
4031011|47971|45972.87|1992-01-01|true
4055584|65296|59148.89|1992-01-01|true
4065797|26155|179640.02|1992-01-01|true
4083873|113807|228959.28|1992-01-01|true
4097125|78607|83571.98|1992-01-01|true
4097248|10945|58893.68|1992-01-01|true
4100452|98851|32518.17|1992-01-01|true
4103971|37201|209152.63|1992-01-01|true
4107620|96916|152863.55|1992-01-01|true
4109575|85601|270261.94|1992-01-01|true
4118048|148366|12764.86|1992-01-01|true
4137536|92660|247399.34|1992-01-01|true
4145538|128546|138039.70|1992-01-01|true
4158663|29293|227444.33|1992-01-01|true
4185536|53707|186849.57|1992-01-01|true
4204423|47534|159970.36|1992-01-01|true
4211585|123943|127484.77|1992-01-01|true
4224195|109165|1549.58|1992-01-01|true
4227367|17074|234331.89|1992-01-01|true
4227684|117512|87493.22|1992-01-01|true
4262209|92453|105065.49|1992-01-01|true
4262469|91033|99962.49|1992-01-01|true
4280615|9937|177176.70|1992-01-01|true
4283297|81457|301637.49|1992-01-01|true
4324771|142297|150528.97|1992-01-01|true
4336832|91963|160909.79|1992-01-01|true
4342979|22921|44691.28|1992-01-01|true
4363238|94199|262126.13|1992-01-01|true
4373831|103855|160155.08|1992-01-01|true
4373953|19285|91448.22|1992-01-01|true
4376420|9799|240151.16|1992-01-01|true
4382788|42811|31528.06|1992-01-01|true
4384101|2920|206385.80|1992-01-01|true
4390050|46304|63515.29|1992-01-01|true
4396228|98177|36560.16|1992-01-01|true
4406368|41951|229706.72|1992-01-01|true
4415174|59128|42064.41|1992-01-01|true
4426117|19082|162134.92|1992-01-01|true
4435329|24727|41082.00|1992-01-01|true
4443042|89728|119855.60|1992-01-01|true
4444707|52241|83595.43|1992-01-01|true
4446240|135205|54166.12|1992-01-01|true
4455718|54103|105751.97|1992-01-01|true
4473894|7408|221347.63|1992-01-01|true
4480455|129628|323104.44|1992-01-01|true
4484070|70184|181929.35|1992-01-01|true
4505796|51283|128441.60|1992-01-01|true
4512386|87475|165572.02|1992-01-01|true
4513792|144545|249922.64|1992-01-01|true
4521603|89240|210720.52|1992-01-01|true
4522082|33646|258213.73|1992-01-01|true
4522406|131644|45606.76|1992-01-01|true
4538915|90889|77323.05|1992-01-01|true
4548353|89450|133030.78|1992-01-01|true
4550146|128497|171158.19|1992-01-01|true
4554916|111454|261955.77|1992-01-01|true
4578720|36575|161745.95|1992-01-01|true
4582561|36779|207150.11|1992-01-01|true
4587877|12869|183742.81|1992-01-01|true
4596678|34325|136394.52|1992-01-01|true
4606436|43774|110693.92|1992-01-01|true
4637220|4951|80188.59|1992-01-01|true
4649571|138610|68955.59|1992-01-01|true
4651429|119633|154188.20|1992-01-01|true
4664516|110314|161656.30|1992-01-01|true
4667937|138505|61131.41|1992-01-01|true
4677542|17023|102636.86|1992-01-01|true
4681636|126137|116422.02|1992-01-01|true
4685093|92030|124815.32|1992-01-01|true
4692097|123323|47715.66|1992-01-01|true
4697030|72215|157706.93|1992-01-01|true
4698852|6812|91962.87|1992-01-01|true
4733415|41831|326991.17|1992-01-01|true
4749669|88795|65427.39|1992-01-01|true
4764353|43373|271212.81|1992-01-01|true
4771680|87050|168717.90|1992-01-01|true
4772902|140249|171154.93|1992-01-01|true
4804226|7403|131609.12|1992-01-01|true
4811553|96974|148223.23|1992-01-01|true
4812032|20968|164444.71|1992-01-01|true
4813991|47009|11327.12|1992-01-01|true
4817442|102211|108077.77|1992-01-01|true
4844614|61484|322328.62|1992-01-01|true
4847269|145130|126667.17|1992-01-01|true
4848802|53111|253315.10|1992-01-01|true
4859008|9316|183255.89|1992-01-01|true
4861346|120718|157768.78|1992-01-01|true
4868679|102253|227145.32|1992-01-01|true
4880773|15901|163626.11|1992-01-01|true
4905731|47077|80600.28|1992-01-01|true
4920806|131281|35014.10|1992-01-01|true
4953216|63443|154479.23|1992-01-01|true
4967591|47392|235896.14|1992-01-01|true
4969154|142660|155027.59|1992-01-01|true
4996835|26359|149601.94|1992-01-01|true
4998912|47822|188168.15|1992-01-01|true
5002593|146399|228782.77|1992-01-01|true
5010052|104875|84598.81|1992-01-01|true
5018977|104149|69203.09|1992-01-01|true
5038981|107743|183142.88|1992-01-01|true
5044099|33901|36676.33|1992-01-01|true
5051174|9581|93875.31|1992-01-01|true
5051553|81523|54461.60|1992-01-01|true
5062656|43118|248014.98|1992-01-01|true
5073441|117568|355047.37|1992-01-01|true
5081635|117493|106365.98|1992-01-01|true
5102567|60661|48643.48|1992-01-01|true
5104800|105944|202222.98|1992-01-01|true
5114023|70405|73394.88|1992-01-01|true
5121094|23882|180961.78|1992-01-01|true
5137190|78592|116264.81|1992-01-01|true
5154438|136930|201093.74|1992-01-01|true
5165159|141004|157383.25|1992-01-01|true
5185474|34390|39710.58|1992-01-01|true
5188999|60707|188503.83|1992-01-01|true
5205888|125902|55701.36|1992-01-01|true
5230983|17825|113278.41|1992-01-01|true
5235042|140920|252285.03|1992-01-01|true
5235271|107785|41161.99|1992-01-01|true
5246597|108589|86505.56|1992-01-01|true
5261152|48871|86554.43|1992-01-01|true
5267971|144784|26032.56|1992-01-01|true
5276642|118778|101928.64|1992-01-01|true
5277504|38828|52982.33|1992-01-01|true
5283303|54475|306922.84|1992-01-01|true
5285063|95732|54758.56|1992-01-01|true
5287876|61312|56433.03|1992-01-01|true
5290823|136816|78468.82|1992-01-01|true
5292964|55019|27768.87|1992-01-01|true
5316032|81797|273059.67|1992-01-01|true
5326274|99784|52535.89|1992-01-01|true
5332163|112225|78903.74|1992-01-01|true
5353702|16504|240873.73|1992-01-01|true
5364544|32726|143220.99|1992-01-01|true
5365731|71998|263166.94|1992-01-01|true
5373861|133145|138275.53|1992-01-01|true
5383875|48292|33789.37|1992-01-01|true
5390343|131869|256424.24|1992-01-01|true
5404962|81559|161735.12|1992-01-01|true
5416230|147377|24419.37|1992-01-01|true
5419109|91057|244127.88|1992-01-01|true
5431079|81157|156974.97|1992-01-01|true
5431845|30760|29396.21|1992-01-01|true
5439651|136829|41780.98|1992-01-01|true
5440359|58420|187479.90|1992-01-01|true
5449283|102184|135327.09|1992-01-01|true
5465024|84970|253469.55|1992-01-01|true
5468352|35152|107300.01|1992-01-01|true
5482118|43577|271592.11|1992-01-01|true
5485507|83875|256643.97|1992-01-01|true
5487392|60970|116710.65|1992-01-01|true
5493121|81674|197896.32|1992-01-01|true
5493955|30973|268392.99|1992-01-01|true
5495776|68894|76113.61|1992-01-01|true
5497253|146203|126667.86|1992-01-01|true
5505478|99932|250323.80|1992-01-01|true
5508097|80057|233024.77|1992-01-01|true
5520036|5674|166941.06|1992-01-01|true
5520544|45382|91883.05|1992-01-01|true
5551524|76079|244392.08|1992-01-01|true
5557568|50473|161934.59|1992-01-01|true
5559427|52960|82080.56|1992-01-01|true
5559747|40342|199410.33|1992-01-01|true
5566467|5240|204989.68|1992-01-01|true
5572069|61795|143808.05|1992-01-01|true
5586306|147610|78117.82|1992-01-01|true
5603490|20630|169073.59|1992-01-01|true
5613031|49306|68900.41|1992-01-01|true
5615043|65350|155583.15|1992-01-01|true
5628998|49814|157665.55|1992-01-01|true
5640354|58582|105571.73|1992-01-01|true
5644391|100300|28692.55|1992-01-01|true
5653190|17830|105262.59|1992-01-01|true
5660483|3583|31518.61|1992-01-01|true
5660774|53731|102091.29|1992-01-01|true
5663939|49988|199206.13|1992-01-01|true
5670564|57106|300462.98|1992-01-01|true
5672545|114925|141074.04|1992-01-01|true
5677125|33623|65150.50|1992-01-01|true
5688898|6422|131827.52|1992-01-01|true
5689668|73948|31559.36|1992-01-01|true
5693284|126898|238128.57|1992-01-01|true
5706884|144607|174875.86|1992-01-01|true
5714757|58784|139510.02|1992-01-01|true
5729347|55819|62981.26|1992-01-01|true
5742180|16432|82743.88|1992-01-01|true
5750435|3964|142646.88|1992-01-01|true
5757698|59842|155420.38|1992-01-01|true
5764199|70421|278381.77|1992-01-01|true
5765569|16228|124544.07|1992-01-01|true
5772962|55256|167086.36|1992-01-01|true
5775681|133768|129920.80|1992-01-01|true
5781479|65527|13756.19|1992-01-01|true
5782625|145031|155983.02|1992-01-01|true
5802566|119017|282176.26|1992-01-01|true
5804165|140185|205997.48|1992-01-01|true
5806789|113264|1324.24|1992-01-01|true
5820484|84034|221237.19|1992-01-01|true
5825536|14428|99869.94|1992-01-01|true
5854464|41117|237332.76|1992-01-01|true
5861955|46804|145375.25|1992-01-01|true
5863808|93251|250459.65|1992-01-01|true
5880514|28687|92221.08|1992-01-01|true
5885633|71485|183949.02|1992-01-01|true
5896037|12416|53083.96|1992-01-01|true
5898340|107990|45945.87|1992-01-01|true
5902817|104884|360281.32|1992-01-01|true
5922213|88210|114925.83|1992-01-01|true
5929827|22634|23522.12|1992-01-01|true
5969254|98558|96356.11|1992-01-01|true
5976226|81875|51228.42|1992-01-01|true
5984835|93515|108346.95|1992-01-01|true
5988388|119038|16296.21|1992-01-01|true
5996838|4156|26777.89|1992-01-01|true
5998247|14444|205383.50|1992-01-01|true
1248|47026|252419.47|1992-01-02|true
3139|16475|52870.80|1992-01-02|true
3712|63805|175776.59|1992-01-02|true
51648|105251|298046.09|1992-01-02|true
53988|58816|94992.82|1992-01-02|true
63906|14123|310867.73|1992-01-02|true
69378|36602|151197.71|1992-01-02|true
69476|111821|87439.06|1992-01-02|true
90690|63439|253254.57|1992-01-02|true
108992|149030|195781.40|1992-01-02|true
128610|126635|38897.55|1992-01-02|true
128710|45985|162424.25|1992-01-02|true
130852|116437|319466.42|1992-01-02|true
135392|8236|155097.20|1992-01-02|true
152805|27481|123419.94|1992-01-02|true
153954|72784|126736.71|1992-01-02|true
156868|122170|163782.04|1992-01-02|true
165571|40027|265035.21|1992-01-02|true
165636|20774|152777.65|1992-01-02|true
168197|69067|72397.20|1992-01-02|true
169063|130375|61424.78|1992-01-02|true
228422|27446|16221.59|1992-01-02|true
229026|101674|108170.62|1992-01-02|true
249894|31567|229721.69|1992-01-02|true
252960|98113|68635.28|1992-01-02|true
255876|77167|107759.20|1992-01-02|true
258630|108716|172236.15|1992-01-02|true
261251|79408|47331.56|1992-01-02|true
265862|58231|199927.19|1992-01-02|true
271808|16891|48273.19|1992-01-02|true
296005|5998|54679.67|1992-01-02|true
308578|53107|39763.80|1992-01-02|true
331045|117241|72325.63|1992-01-02|true
332675|43543|38561.36|1992-01-02|true
336066|121522|140361.52|1992-01-02|true
338048|96185|307095.69|1992-01-02|true
348931|133750|36876.21|1992-01-02|true
349347|5342|51776.32|1992-01-02|true
361057|109268|286890.61|1992-01-02|true
362566|16732|99015.53|1992-01-02|true
363520|35432|117567.33|1992-01-02|true
370820|97555|36583.45|1992-01-02|true
382657|68275|256166.93|1992-01-02|true
386433|119576|75804.25|1992-01-02|true
388037|87964|194826.07|1992-01-02|true
398274|10184|138337.50|1992-01-02|true
401377|56336|86712.13|1992-01-02|true
404832|65773|96202.62|1992-01-02|true
405825|45805|95639.82|1992-01-02|true
411074|123835|99916.79|1992-01-02|true
416871|112139|183132.15|1992-01-02|true
448963|105227|273455.31|1992-01-02|true
454244|19261|162887.46|1992-01-02|true
455718|9218|119358.04|1992-01-02|true
456614|132706|265149.49|1992-01-02|true
462309|108307|47278.37|1992-01-02|true
466528|124282|37904.07|1992-01-02|true
468739|121607|293924.46|1992-01-02|true
497505|116491|313220.46|1992-01-02|true
522242|126334|84157.18|1992-01-02|true
549955|69115|266041.00|1992-01-02|true
562400|115366|248871.58|1992-01-02|true
570021|63976|104708.80|1992-01-02|true
577444|46040|73518.86|1992-01-02|true
585575|68050|162861.86|1992-01-02|true
597891|124064|157529.20|1992-01-02|true
598849|67396|249506.97|1992-01-02|true
599778|56375|239760.43|1992-01-02|true
600929|56899|236420.24|1992-01-02|true
622432|124486|180197.41|1992-01-02|true
631968|817|228508.97|1992-01-02|true
633378|103447|245118.25|1992-01-02|true
644224|77824|159194.51|1992-01-02|true
645123|22651|135499.07|1992-01-02|true
648710|73657|160213.04|1992-01-02|true
672162|135749|262580.90|1992-01-02|true
678147|133687|81257.74|1992-01-02|true
688003|38146|1539.94|1992-01-02|true
697187|70003|13198.60|1992-01-02|true
697952|108520|206890.62|1992-01-02|true
708640|97585|39187.22|1992-01-02|true
709316|111170|97609.99|1992-01-02|true
710022|90452|205097.03|1992-01-02|true
717345|78700|171462.48|1992-01-02|true
728002|119114|231345.28|1992-01-02|true
754851|30232|211669.64|1992-01-02|true
766435|14230|242994.43|1992-01-02|true
776901|21616|192653.52|1992-01-02|true
787203|18451|40672.84|1992-01-02|true
799394|94169|217708.04|1992-01-02|true
804131|48791|152542.35|1992-01-02|true
859649|59029|78706.95|1992-01-02|true
866532|128861|310047.07|1992-01-02|true
890020|128174|218434.54|1992-01-02|true
894499|39697|162067.05|1992-01-02|true
895559|24184|274494.62|1992-01-02|true
900512|88388|220371.17|1992-01-02|true
910370|124939|28296.40|1992-01-02|true
944992|32155|285901.55|1992-01-02|true
961383|24259|58646.00|1992-01-02|true
962880|67073|136251.57|1992-01-02|true
981669|46441|142632.29|1992-01-02|true
993283|85414|166333.67|1992-01-02|true
1028868|115178|167260.09|1992-01-02|true
1031425|58888|151311.39|1992-01-02|true
1044803|80233|179950.83|1992-01-02|true
1047045|6154|38942.09|1992-01-02|true
1057669|130229|161110.86|1992-01-02|true
1077926|149110|197210.61|1992-01-02|true
1099428|131332|7089.98|1992-01-02|true
1100099|130184|88356.96|1992-01-02|true
1100608|111392|43132.34|1992-01-02|true
1116259|100603|224465.79|1992-01-02|true
1121574|1018|147153.42|1992-01-02|true
1141924|700|165316.12|1992-01-02|true
1149701|64256|123457.81|1992-01-02|true
1178438|16739|324950.51|1992-01-02|true
1182946|60281|40392.76|1992-01-02|true
1206979|81047|118782.08|1992-01-02|true
1211873|16547|51931.26|1992-01-02|true
1214470|76960|123472.40|1992-01-02|true
1214947|80765|140632.99|1992-01-02|true
1219303|98884|319968.87|1992-01-02|true
1225508|58855|49975.75|1992-01-02|true
1236739|123938|15871.44|1992-01-02|true
1241030|55376|302519.29|1992-01-02|true
1244839|131479|176517.47|1992-01-02|true
1249249|113698|10543.05|1992-01-02|true
1257893|61711|50601.24|1992-01-02|true
1259264|31741|205380.16|1992-01-02|true
1265153|13843|168314.27|1992-01-02|true
1269798|115370|237642.97|1992-01-02|true
1276033|29479|119702.18|1992-01-02|true
1279367|46817|27024.98|1992-01-02|true
1290020|57563|31797.62|1992-01-02|true
1302822|18016|138138.19|1992-01-02|true
1306528|96233|46915.61|1992-01-02|true
1306948|145555|94562.12|1992-01-02|true
1311714|143665|45598.71|1992-01-02|true
1315264|138737|171663.50|1992-01-02|true
1331301|40348|275004.86|1992-01-02|true
1336739|110566|123375.40|1992-01-02|true
1339457|21496|57532.95|1992-01-02|true
1343686|95756|14926.34|1992-01-02|true
1350337|50347|207558.03|1992-01-02|true
1365568|65836|211034.14|1992-01-02|true
1372421|90725|102231.88|1992-01-02|true
1389671|8626|120873.25|1992-01-02|true
1391588|83779|70971.81|1992-01-02|true
1403268|109880|143422.06|1992-01-02|true
1412295|61603|60953.19|1992-01-02|true
1417734|115865|133506.53|1992-01-02|true
1431041|127174|64829.56|1992-01-02|true
1433765|9350|331339.83|1992-01-02|true
1458116|112501|60553.15|1992-01-02|true
1480390|69355|256700.77|1992-01-02|true
1496384|57871|189158.73|1992-01-02|true
1523813|56659|166981.92|1992-01-02|true
1525282|108728|262217.54|1992-01-02|true
1536577|45911|270648.78|1992-01-02|true
1545986|127915|149278.51|1992-01-02|true
1550948|34436|311288.16|1992-01-02|true
1567815|93401|162711.56|1992-01-02|true
1578112|62999|200577.75|1992-01-02|true
1584419|54646|69273.12|1992-01-02|true
1595430|69289|64359.64|1992-01-02|true
1596450|98407|102806.20|1992-01-02|true
1597504|39884|40042.68|1992-01-02|true
1600103|141073|194033.65|1992-01-02|true
1612642|24977|65418.51|1992-01-02|true
1641479|26795|178382.22|1992-01-02|true
1651044|144733|121392.37|1992-01-02|true
1663138|47056|267854.57|1992-01-02|true
1668001|49693|222382.37|1992-01-02|true
1702119|57782|23367.91|1992-01-02|true
1730147|56776|45440.72|1992-01-02|true
1749509|142006|117353.07|1992-01-02|true
1766178|53575|274585.70|1992-01-02|true
1789347|25219|93854.78|1992-01-02|true
1804929|92981|254480.77|1992-01-02|true
1816899|106958|222774.15|1992-01-02|true
1825351|33911|228948.72|1992-01-02|true
1834631|145088|176777.07|1992-01-02|true
1834759|57448|65374.14|1992-01-02|true
1844384|86669|241191.87|1992-01-02|true
1853026|111394|274477.53|1992-01-02|true
1853766|147181|38469.15|1992-01-02|true
1859941|27878|8199.07|1992-01-02|true
1868997|129910|82203.53|1992-01-02|true
1876353|56308|169207.15|1992-01-02|true
1887301|97481|212310.70|1992-01-02|true
1894753|96058|96464.47|1992-01-02|true
1905383|15701|109082.04|1992-01-02|true
1933409|56528|229903.49|1992-01-02|true
1957795|99266|60981.69|1992-01-02|true
1958018|23065|256239.82|1992-01-02|true
1958720|43036|162030.19|1992-01-02|true
1963654|94303|107347.10|1992-01-02|true
1968706|72289|95302.85|1992-01-02|true
1969735|132158|190061.05|1992-01-02|true
1970662|64540|352385.73|1992-01-02|true
1994180|59432|125765.80|1992-01-02|true
2005027|113905|80884.44|1992-01-02|true
2040519|94069|104114.57|1992-01-02|true
2045927|97672|83745.31|1992-01-02|true
2059137|105185|73315.77|1992-01-02|true
2068736|66118|117492.60|1992-01-02|true
2073281|52060|60528.87|1992-01-02|true
2084134|25357|101990.42|1992-01-02|true
2095905|112000|184533.22|1992-01-02|true
2102785|856|170472.92|1992-01-02|true
2129766|30695|109981.20|1992-01-02|true
2143009|84403|115175.96|1992-01-02|true
2154018|38324|69983.95|1992-01-02|true
2156833|78892|127585.95|1992-01-02|true
2178627|139091|265948.44|1992-01-02|true
2183046|129305|166062.87|1992-01-02|true
2198113|27004|36967.68|1992-01-02|true
2198534|55732|74044.25|1992-01-02|true
2200580|1784|6771.90|1992-01-02|true
2221313|44588|44728.14|1992-01-02|true
2255367|36109|62420.70|1992-01-02|true
2258596|122044|338996.06|1992-01-02|true
2259426|73979|280974.58|1992-01-02|true
2262534|142822|169571.83|1992-01-02|true
2273829|51232|31981.62|1992-01-02|true
2277761|66358|173541.25|1992-01-02|true
2292135|132929|29773.84|1992-01-02|true
2304999|76963|243738.33|1992-01-02|true
2305767|147310|291117.84|1992-01-02|true
2333856|117106|48735.30|1992-01-02|true
2366981|13070|30005.62|1992-01-02|true
2370082|81604|142227.27|1992-01-02|true
2371552|84226|250312.26|1992-01-02|true
2399008|69880|131108.63|1992-01-02|true
2436774|79957|25114.28|1992-01-02|true
2472002|43613|70086.80|1992-01-02|true
2481568|106259|58009.42|1992-01-02|true
2481985|3760|78083.25|1992-01-02|true
2489158|106318|3775.26|1992-01-02|true
2489763|112814|74471.67|1992-01-02|true
2490882|91108|331890.33|1992-01-02|true
2536679|135743|60734.39|1992-01-02|true
2555524|45208|92204.35|1992-01-02|true
2578368|17656|72678.08|1992-01-02|true
2582530|7916|25200.62|1992-01-02|true
2593604|135802|190955.09|1992-01-02|true
2610531|11294|230073.42|1992-01-02|true
2623457|29024|117386.73|1992-01-02|true
2624130|59575|296679.56|1992-01-02|true
2654949|102899|135372.05|1992-01-02|true
2657030|90034|63065.14|1992-01-02|true
2660642|70570|117125.56|1992-01-02|true
2693059|126985|178545.95|1992-01-02|true
2699108|143582|166384.23|1992-01-02|true
2703559|63052|53670.65|1992-01-02|true
2744324|116008|170744.69|1992-01-02|true
2752257|28763|203017.05|1992-01-02|true
2772228|79801|245552.25|1992-01-02|true
2779648|92776|130241.60|1992-01-02|true
2787014|118874|409303.90|1992-01-02|true
2789249|82832|311998.94|1992-01-02|true
2791013|64255|212828.32|1992-01-02|true
2793477|55750|174472.95|1992-01-02|true
2794663|33809|150048.48|1992-01-02|true
2797028|99142|86579.16|1992-01-02|true
2805793|136094|168383.81|1992-01-02|true
2820199|94726|67258.93|1992-01-02|true
2831207|17626|215707.74|1992-01-02|true
2947460|133417|241778.06|1992-01-02|true
2954529|113680|59798.17|1992-01-02|true
2955237|121900|150899.71|1992-01-02|true
2966692|62872|153914.75|1992-01-02|true
2989920|69271|141152.07|1992-01-02|true
2995779|87638|43296.46|1992-01-02|true
3002343|63568|174515.60|1992-01-02|true
3006883|85805|165192.04|1992-01-02|true
3012037|19823|7033.03|1992-01-02|true
3012612|9619|138902.06|1992-01-02|true
3014246|96653|271682.69|1992-01-02|true
3030433|143927|18596.71|1992-01-02|true
3031426|14309|281172.68|1992-01-02|true
3056321|37663|361728.33|1992-01-02|true
3059203|4469|179540.48|1992-01-02|true
3078659|64955|167099.77|1992-01-02|true
3090048|40909|116085.59|1992-01-02|true
3099397|60118|216333.05|1992-01-02|true
3108835|143231|134184.95|1992-01-02|true
3128386|18412|166848.42|1992-01-02|true
3132932|2717|95745.02|1992-01-02|true
3136679|149600|133281.35|1992-01-02|true
3176770|52438|125685.88|1992-01-02|true
3178247|8719|247134.89|1992-01-02|true
3181095|38767|11217.08|1992-01-02|true
3181124|96916|36578.87|1992-01-02|true
3185924|19739|106029.37|1992-01-02|true
3204613|81490|112594.37|1992-01-02|true
3211074|77080|57826.27|1992-01-02|true
3213094|60457|7599.51|1992-01-02|true
3221120|103936|42763.29|1992-01-02|true
3227847|60668|160672.53|1992-01-02|true
3240967|140974|296997.29|1992-01-02|true
3244643|78022|75294.26|1992-01-02|true
3265410|114764|54104.53|1992-01-02|true
3278690|72221|36912.24|1992-01-02|true
3280230|100768|178885.69|1992-01-02|true
3297383|117712|272561.80|1992-01-02|true
3301184|74344|162519.59|1992-01-02|true
3309095|107435|325381.09|1992-01-02|true
3317763|46838|76306.67|1992-01-02|true
3331683|20156|6493.02|1992-01-02|true
3336422|12833|37146.50|1992-01-02|true
3359937|65270|159694.06|1992-01-02|true
3373925|36604|239326.93|1992-01-02|true
3390784|117499|51974.91|1992-01-02|true
3398243|147826|277994.05|1992-01-02|true
3405095|108175|271258.61|1992-01-02|true
3406183|8842|70912.05|1992-01-02|true
3408676|149929|2923.88|1992-01-02|true
3410084|73141|47141.64|1992-01-02|true
3434210|47147|23150.21|1992-01-02|true
3439458|141658|194552.23|1992-01-02|true
3444614|137089|216187.26|1992-01-02|true
3448130|41287|278478.86|1992-01-02|true
3449383|128665|213377.74|1992-01-02|true
3476353|43663|346762.24|1992-01-02|true
3497889|78184|212587.28|1992-01-02|true
3500231|138338|244791.93|1992-01-02|true
3512577|17371|127091.69|1992-01-02|true
3536899|26915|142939.45|1992-01-02|true
3544100|58946|143542.56|1992-01-02|true
3544929|10859|44258.66|1992-01-02|true
3550595|73364|235485.42|1992-01-02|true
3557474|40114|184436.33|1992-01-02|true
3558465|133033|242207.86|1992-01-02|true
3561543|77290|208026.43|1992-01-02|true
3566848|19111|165232.03|1992-01-02|true
3567046|28859|44683.45|1992-01-02|true
3582179|53083|148619.34|1992-01-02|true
3605798|52966|29450.87|1992-01-02|true
3616160|103969|328561.73|1992-01-02|true
3618148|75523|294673.56|1992-01-02|true
3626433|107441|159382.01|1992-01-02|true
3631073|20317|117611.65|1992-01-02|true
3648737|104866|184950.68|1992-01-02|true
3690406|20095|63938.33|1992-01-02|true
3692801|77597|81253.90|1992-01-02|true
3695334|98902|29255.28|1992-01-02|true
3710725|33907|183423.97|1992-01-02|true
3710756|45394|356931.49|1992-01-02|true
3719712|1564|158234.40|1992-01-02|true
3721860|6196|153869.08|1992-01-02|true
3725509|47918|275856.89|1992-01-02|true
3726080|97160|189225.31|1992-01-02|true
3740897|119035|108022.90|1992-01-02|true
3745504|120866|150885.18|1992-01-02|true
3752260|103340|158143.25|1992-01-02|true
3763494|100510|201690.20|1992-01-02|true
3764004|86335|80373.96|1992-01-02|true
3766880|127106|54364.48|1992-01-02|true
3770631|121826|106800.39|1992-01-02|true
3772576|119143|117722.12|1992-01-02|true
3773058|57799|32857.79|1992-01-02|true
3774887|100675|225023.14|1992-01-02|true
3787936|3097|181425.28|1992-01-02|true
3790407|133022|64731.08|1992-01-02|true
3795425|45016|268471.55|1992-01-02|true
3800580|141125|51269.47|1992-01-02|true
3802051|139711|5717.25|1992-01-02|true
3805444|68932|40079.07|1992-01-02|true
3806081|128986|42052.35|1992-01-02|true
3811399|42388|32721.24|1992-01-02|true
3814753|137644|236252.54|1992-01-02|true
3815138|19094|60905.95|1992-01-02|true
3828325|29789|110259.96|1992-01-02|true
3873506|65182|73658.66|1992-01-02|true
3888327|18982|64476.10|1992-01-02|true
3893763|73622|66506.94|1992-01-02|true
3904805|60214|178996.00|1992-01-02|true
3907942|15382|208265.67|1992-01-02|true
3921090|99653|184322.07|1992-01-02|true
3922278|128233|157410.70|1992-01-02|true
3923106|67378|228458.68|1992-01-02|true
3938691|87479|150269.40|1992-01-02|true
3953510|49936|91156.31|1992-01-02|true
3953797|123101|51413.36|1992-01-02|true
3962272|91385|250891.85|1992-01-02|true
3979746|19861|11095.06|1992-01-02|true
3985991|91868|65144.65|1992-01-02|true
3987111|364|74658.57|1992-01-02|true
3989923|143443|271670.91|1992-01-02|true
3991330|141667|115672.67|1992-01-02|true
4001984|35527|113814.29|1992-01-02|true
4061508|17656|88219.71|1992-01-02|true
4084416|35092|226919.57|1992-01-02|true
4087746|78313|10305.36|1992-01-02|true
4088354|11915|57219.45|1992-01-02|true
4094661|2992|246593.29|1992-01-02|true
4096100|127072|182850.61|1992-01-02|true
4103042|33775|210425.56|1992-01-02|true
4132514|107167|78952.53|1992-01-02|true
4133185|58825|53232.08|1992-01-02|true
4133440|8662|24486.66|1992-01-02|true
4134371|32422|69491.44|1992-01-02|true
4135204|148573|162204.22|1992-01-02|true
4139459|83788|57613.81|1992-01-02|true
4144544|73585|13030.32|1992-01-02|true
4153956|129010|170338.27|1992-01-02|true
4157955|145046|5392.26|1992-01-02|true
4163300|133850|107240.33|1992-01-02|true
4168800|92279|132986.23|1992-01-02|true
4180417|36661|122171.10|1992-01-02|true
4188099|93377|345344.69|1992-01-02|true
4190563|57713|278903.47|1992-01-02|true
4222085|137320|169639.53|1992-01-02|true
4242503|30925|290836.32|1992-01-02|true
4243554|61618|164785.02|1992-01-02|true
4247588|115285|200293.75|1992-01-02|true
4252323|10474|293658.90|1992-01-02|true
4255586|92083|188025.39|1992-01-02|true
4258370|100072|18629.20|1992-01-02|true
4265988|60983|99826.54|1992-01-02|true
4279556|106783|174684.61|1992-01-02|true
4285639|148220|46920.81|1992-01-02|true
4286211|91553|85531.12|1992-01-02|true
4303523|50713|254722.78|1992-01-02|true
4305312|84781|200379.36|1992-01-02|true
4306241|14509|308825.88|1992-01-02|true
4314599|3124|169754.73|1992-01-02|true
4315202|48799|169186.34|1992-01-02|true
4317861|118024|230757.93|1992-01-02|true
4318183|7148|2009.10|1992-01-02|true
4331812|118588|37711.06|1992-01-02|true
4333989|40400|128838.97|1992-01-02|true
4335841|40487|89054.76|1992-01-02|true
4341538|67771|46796.93|1992-01-02|true
4354021|37720|103554.72|1992-01-02|true
4365029|44867|152719.60|1992-01-02|true
4367906|137611|253740.02|1992-01-02|true
4382369|44206|61254.34|1992-01-02|true
4389856|127306|232721.06|1992-01-02|true
4400453|118720|113859.08|1992-01-02|true
4410724|2938|124012.09|1992-01-02|true
4423809|38768|99847.68|1992-01-02|true
4425249|130298|196399.38|1992-01-02|true
4433123|62897|177015.67|1992-01-02|true
4448193|27262|12724.07|1992-01-02|true
4451425|31519|147168.17|1992-01-02|true
4466241|129598|162538.15|1992-01-02|true
4487302|141902|242220.98|1992-01-02|true
4495745|110092|11302.27|1992-01-02|true
4496134|61993|260090.87|1992-01-02|true
4496644|85598|117248.96|1992-01-02|true
4505602|89161|57790.47|1992-01-02|true
4512870|18220|73005.62|1992-01-02|true
4521952|91060|82391.36|1992-01-02|true
4531810|29053|111836.16|1992-01-02|true
4552448|68869|15978.89|1992-01-02|true
4559650|16474|260587.85|1992-01-02|true
4575650|83501|10898.78|1992-01-02|true
4591877|65476|59098.74|1992-01-02|true
4592802|36925|245855.57|1992-01-02|true
4595748|2830|233485.84|1992-01-02|true
4606917|51986|69385.93|1992-01-02|true
4625537|148042|97784.48|1992-01-02|true
4636704|14407|77653.60|1992-01-02|true
4639559|10954|84717.91|1992-01-02|true
4639847|26318|67728.95|1992-01-02|true
4650720|127654|260128.98|1992-01-02|true
4656805|17272|253862.99|1992-01-02|true
4667046|69955|291640.11|1992-01-02|true
4674343|120835|12117.40|1992-01-02|true
4688839|102673|60307.71|1992-01-02|true
4704902|71102|161397.02|1992-01-02|true
4714020|134596|241214.13|1992-01-02|true
4717573|9218|28967.00|1992-01-02|true
4729315|89285|213991.36|1992-01-02|true
4789221|43873|181593.28|1992-01-02|true
4791527|38134|221946.70|1992-01-02|true
4792835|43363|141232.18|1992-01-02|true
4808774|65239|63305.10|1992-01-02|true
4811617|143050|253906.17|1992-01-02|true
4815110|64943|27388.22|1992-01-02|true
4829860|68578|217440.34|1992-01-02|true
4839073|110713|48858.70|1992-01-02|true
4848003|32215|170043.23|1992-01-02|true
4872102|39949|125817.06|1992-01-02|true
4877187|102608|65088.79|1992-01-02|true
4893094|108404|171673.23|1992-01-02|true
4894215|118490|159747.74|1992-01-02|true
4894887|109697|162738.17|1992-01-02|true
4895046|26753|286889.42|1992-01-02|true
4901761|143761|13756.40|1992-01-02|true
4919429|107242|286609.87|1992-01-02|true
4931653|90758|303479.07|1992-01-02|true
4932578|66614|21814.08|1992-01-02|true
4936485|40864|186161.24|1992-01-02|true
4942209|125401|64051.87|1992-01-02|true
4954501|24061|31552.00|1992-01-02|true
4959905|25786|13438.96|1992-01-02|true
4972581|39568|181762.29|1992-01-02|true
4976866|106192|58441.43|1992-01-02|true
4976960|128138|180871.99|1992-01-02|true
4979619|135373|117330.07|1992-01-02|true
5006496|138923|46282.60|1992-01-02|true
5007137|143125|217096.35|1992-01-02|true
5024578|19433|273185.33|1992-01-02|true
5024833|96103|101715.28|1992-01-02|true
5034112|16279|95503.83|1992-01-02|true
5037729|35528|150520.32|1992-01-02|true
5038178|100822|120938.14|1992-01-02|true
5048580|7942|242869.10|1992-01-02|true
5053857|148232|120834.60|1992-01-02|true
5068131|34450|148582.25|1992-01-02|true
5069382|82268|114049.74|1992-01-02|true
5083552|44194|87598.19|1992-01-02|true
5094885|44746|178346.34|1992-01-02|true
5105952|66715|70155.52|1992-01-02|true
5108551|34948|136545.64|1992-01-02|true
5108965|128660|20846.06|1992-01-02|true
5113444|109894|187614.86|1992-01-02|true
5139205|60688|212164.83|1992-01-02|true
5142851|84374|140701.42|1992-01-02|true
5160583|134131|71362.76|1992-01-02|true
5166914|104174|268532.39|1992-01-02|true
5177634|91516|97245.94|1992-01-02|true
5196579|113962|62144.10|1992-01-02|true
5222406|92800|263374.45|1992-01-02|true
5229696|33631|93791.23|1992-01-02|true
5237217|46066|206096.95|1992-01-02|true
5238087|109234|108936.16|1992-01-02|true
5272832|54919|39112.73|1992-01-02|true
5273570|61657|36669.36|1992-01-02|true
5295969|134638|279309.26|1992-01-02|true
5303110|105184|159758.11|1992-01-02|true
5304356|32824|67688.23|1992-01-02|true
5309959|125660|190146.01|1992-01-02|true
5311936|19631|14398.08|1992-01-02|true
5317635|35746|61798.03|1992-01-02|true
5326436|78268|32300.29|1992-01-02|true
5339879|104605|101883.68|1992-01-02|true
5348130|134446|180048.81|1992-01-02|true
5361830|144154|230295.39|1992-01-02|true
5371975|67736|261958.93|1992-01-02|true
5373221|137215|168554.73|1992-01-02|true
5380064|47038|52989.51|1992-01-02|true
5387461|145718|124889.71|1992-01-02|true
5389447|91912|105059.29|1992-01-02|true
5389696|70531|29368.99|1992-01-02|true
5405826|105127|344063.54|1992-01-02|true
5450722|45671|25736.58|1992-01-02|true
5459843|31880|253896.59|1992-01-02|true
5464034|5758|181551.52|1992-01-02|true
5471556|5038|120766.66|1992-01-02|true
5471590|145178|192185.30|1992-01-02|true
5476132|7954|41955.65|1992-01-02|true
5512389|122669|202228.76|1992-01-02|true
5525158|31147|108880.73|1992-01-02|true
5530916|106183|18841.41|1992-01-02|true
5531301|92713|111830.68|1992-01-02|true
5545253|148066|191786.56|1992-01-02|true
5549219|101980|138853.95|1992-01-02|true
5566273|86752|180818.07|1992-01-02|true
5581281|122662|145397.18|1992-01-02|true
5587045|100163|135095.50|1992-01-02|true
5588389|101744|318261.11|1992-01-02|true
5589860|115907|36014.56|1992-01-02|true
5601955|118789|229196.84|1992-01-02|true
5609986|19922|47047.65|1992-01-02|true
5611012|98587|49933.19|1992-01-02|true
5611041|96704|48152.83|1992-01-02|true
5616162|101597|186044.97|1992-01-02|true
5616578|91109|196625.47|1992-01-02|true
5622017|61264|150284.95|1992-01-02|true
5636515|129157|35212.65|1992-01-02|true
5651073|20338|284481.18|1992-01-02|true
5657152|105148|18745.79|1992-01-02|true
5661956|139063|165020.95|1992-01-02|true
5679651|84814|52932.82|1992-01-02|true
5686017|72679|84749.43|1992-01-02|true
5697281|14083|16160.78|1992-01-02|true
5700646|109105|190792.59|1992-01-02|true
5714917|125381|147641.25|1992-01-02|true
5741383|23911|138444.79|1992-01-02|true
5742592|104347|153760.47|1992-01-02|true
5745127|45173|162528.05|1992-01-02|true
5746720|47860|147859.99|1992-01-02|true
5758404|142648|217258.98|1992-01-02|true
5769060|33319|2738.50|1992-01-02|true
5780704|126736|159043.32|1992-01-02|true
5790310|22132|165302.19|1992-01-02|true
5850279|80338|51460.73|1992-01-02|true
5852743|48214|125918.96|1992-01-02|true
5852771|83671|284370.34|1992-01-02|true
5853253|29018|15772.48|1992-01-02|true
5854402|82840|141645.03|1992-01-02|true
5867072|59977|263148.43|1992-01-02|true
5871267|142472|15042.94|1992-01-02|true
5878951|121960|103475.82|1992-01-02|true
5885667|25537|155858.52|1992-01-02|true
5892037|5662|17909.46|1992-01-02|true
5892353|31865|102333.93|1992-01-02|true
5892866|122695|52640.42|1992-01-02|true
5900192|4477|125237.62|1992-01-02|true
5906087|28190|390753.93|1992-01-02|true
5910631|135190|139311.64|1992-01-02|true
5912327|74878|67552.26|1992-01-02|true
5941953|55888|83145.92|1992-01-02|true
5944704|50933|36895.95|1992-01-02|true
5952294|111724|222578.52|1992-01-02|true
5969889|92818|305028.18|1992-01-02|true
5993633|37798|44119.04|1992-01-02|true
721220|9263|-32876.38|1992-01-02|false
842980|72862|-6158.54|1992-01-02|false
904677|3043|-64667.55|1992-01-02|false
990147|69892|-7259.17|1992-01-02|false
1054181|139421|-49464.62|1992-01-02|false
1111877|15592|-21801.06|1992-01-02|false
1332613|84082|-24935.42|1992-01-02|false
1552449|19397|-35195.89|1992-01-02|false
2167527|64205|-68906.76|1992-01-02|false
2184032|120376|-19205.97|1992-01-02|false
3273383|98428|-40075.75|1992-01-02|false
3973414|13060|-41632.80|1992-01-02|false
4363238|94199|-48319.82|1992-01-02|false
5002593|146399|-21847.25|1992-01-02|false
5018977|104149|-20420.60|1992-01-02|false
5431079|81157|-21509.09|1992-01-02|false
5885633|71485|-42863.85|1992-01-02|false
6657|46195|40019.55|1992-01-03|true
22693|21748|237359.79|1992-01-03|true
24167|103550|138816.00|1992-01-03|true
29030|115267|61268.26|1992-01-03|true
36582|3373|175290.05|1992-01-03|true
46085|8299|120087.38|1992-01-03|true
47591|82249|131221.29|1992-01-03|true
54214|87331|74745.46|1992-01-03|true
74023|39562|157793.30|1992-01-03|true
77634|29107|177321.21|1992-01-03|true
80069|5278|133668.38|1992-01-03|true
83328|7372|94487.67|1992-01-03|true
106276|14456|227383.18|1992-01-03|true
112645|104375|235600.33|1992-01-03|true
120096|49129|32973.71|1992-01-03|true
128098|32521|67423.95|1992-01-03|true
130372|60766|180873.85|1992-01-03|true
136064|131198|145005.27|1992-01-03|true
138726|113569|331400.73|1992-01-03|true
166371|70736|98313.08|1992-01-03|true
181282|10696|111596.42|1992-01-03|true
190725|83030|80707.95|1992-01-03|true
213255|140587|99922.84|1992-01-03|true
216901|35845|116841.45|1992-01-03|true
255717|7885|160339.22|1992-01-03|true
263813|133249|125682.58|1992-01-03|true
278529|100418|150250.81|1992-01-03|true
290116|75041|110790.64|1992-01-03|true
294595|102533|89722.05|1992-01-03|true
301446|90461|212845.52|1992-01-03|true
308384|84520|68306.44|1992-01-03|true
313953|120476|200920.85|1992-01-03|true
317733|3352|132163.69|1992-01-03|true
331012|64492|55898.91|1992-01-03|true
335331|27265|50606.16|1992-01-03|true
342149|58318|105447.23|1992-01-03|true
365319|67310|106468.69|1992-01-03|true
425633|28798|202284.27|1992-01-03|true
434081|91493|221899.47|1992-01-03|true
443491|91307|99384.86|1992-01-03|true
461190|110914|216780.22|1992-01-03|true
462851|52061|254025.06|1992-01-03|true
492836|79307|159519.57|1992-01-03|true
496065|117743|328664.18|1992-01-03|true
497701|96656|70134.45|1992-01-03|true
502882|70555|267837.09|1992-01-03|true
534528|57184|53444.42|1992-01-03|true
541154|65798|56222.25|1992-01-03|true
546944|120524|49914.38|1992-01-03|true
552199|77683|327818.93|1992-01-03|true
555654|108028|101186.24|1992-01-03|true
556387|118315|166648.98|1992-01-03|true
560038|65509|18993.14|1992-01-03|true
561381|139469|121234.64|1992-01-03|true
564006|8705|85253.17|1992-01-03|true
569860|8701|124181.59|1992-01-03|true
570919|149719|22199.22|1992-01-03|true
573601|18395|226999.28|1992-01-03|true
580928|36223|61218.24|1992-01-03|true
601828|36106|158982.56|1992-01-03|true
605184|29590|143790.24|1992-01-03|true
605250|97222|296878.90|1992-01-03|true
616518|3311|182516.93|1992-01-03|true
618273|42173|47656.52|1992-01-03|true
628774|148645|213535.24|1992-01-03|true
636226|40414|249479.06|1992-01-03|true
638945|40220|109617.20|1992-01-03|true
641126|16297|24160.58|1992-01-03|true
683009|36076|176765.50|1992-01-03|true
728135|82508|194835.63|1992-01-03|true
739808|33275|323400.59|1992-01-03|true
776710|101680|280017.75|1992-01-03|true
783394|24181|53125.11|1992-01-03|true
793346|122716|57478.36|1992-01-03|true
793600|13954|126858.72|1992-01-03|true
805511|72164|20351.81|1992-01-03|true
806400|77035|99728.06|1992-01-03|true
807908|132641|129183.06|1992-01-03|true
821159|111430|335760.14|1992-01-03|true
835270|67877|157977.12|1992-01-03|true
847237|54659|126704.82|1992-01-03|true
852160|44024|136439.64|1992-01-03|true
852739|18374|56681.66|1992-01-03|true
863715|17275|142606.37|1992-01-03|true
873511|63139|107484.06|1992-01-03|true
876740|120265|114572.90|1992-01-03|true
884071|99943|157307.36|1992-01-03|true
887812|778|38138.40|1992-01-03|true
912866|2596|276560.74|1992-01-03|true
915395|31493|197919.99|1992-01-03|true
921474|73618|86882.26|1992-01-03|true
922183|40283|70229.23|1992-01-03|true
950661|110771|18803.52|1992-01-03|true
961766|30128|125780.03|1992-01-03|true
965697|95116|351931.93|1992-01-03|true
967811|106144|301805.41|1992-01-03|true
970727|59488|120373.05|1992-01-03|true
974693|101905|188026.89|1992-01-03|true
990433|74597|161864.14|1992-01-03|true
994912|93926|204117.74|1992-01-03|true
1000229|54041|115696.95|1992-01-03|true
1004454|113737|148317.21|1992-01-03|true
1013861|84668|127381.25|1992-01-03|true
1016007|6913|49188.90|1992-01-03|true
1042560|36316|221682.82|1992-01-03|true
1046118|44681|910.52|1992-01-03|true
1048132|71605|57863.14|1992-01-03|true
1048256|81712|21552.77|1992-01-03|true
1056896|125035|124694.54|1992-01-03|true
1078308|142084|99669.50|1992-01-03|true
1079747|44123|144591.77|1992-01-03|true
1103719|67762|33502.50|1992-01-03|true
1118852|22306|41274.97|1992-01-03|true
1120099|96476|54787.68|1992-01-03|true
1129507|148739|276381.38|1992-01-03|true
1130695|89767|246481.07|1992-01-03|true
1137447|18014|286202.01|1992-01-03|true
1140868|140435|84138.81|1992-01-03|true
1141222|133220|30753.22|1992-01-03|true
1148035|34787|191510.25|1992-01-03|true
1148321|88708|125923.61|1992-01-03|true
1148995|136981|239844.96|1992-01-03|true
1150816|118306|239466.41|1992-01-03|true
1163847|91298|154332.66|1992-01-03|true
1166656|38173|109628.55|1992-01-03|true
1175010|10828|153389.49|1992-01-03|true
1181120|136480|224093.92|1992-01-03|true
1188544|41836|15115.48|1992-01-03|true
1201061|117658|174532.29|1992-01-03|true
1222945|90007|265732.26|1992-01-03|true
1227206|69989|121437.18|1992-01-03|true
1234148|133264|231273.05|1992-01-03|true
1257221|4418|20429.41|1992-01-03|true
1261510|54878|21158.30|1992-01-03|true
1277351|52393|221763.33|1992-01-03|true
1282215|72797|157410.22|1992-01-03|true
1315558|100748|162898.19|1992-01-03|true
1353125|127697|140769.09|1992-01-03|true
1353445|34748|331421.04|1992-01-03|true
1356935|73300|146371.72|1992-01-03|true
1364199|100879|156107.10|1992-01-03|true
1369188|18769|171684.37|1992-01-03|true
1378023|32549|58389.12|1992-01-03|true
1384546|136730|29998.83|1992-01-03|true
1387492|25546|32805.97|1992-01-03|true
1389346|104261|82764.87|1992-01-03|true
1391589|142228|239026.26|1992-01-03|true
1406212|51571|134479.52|1992-01-03|true
1410050|28972|51914.65|1992-01-03|true
1468224|5509|171483.20|1992-01-03|true
1476004|110743|143883.00|1992-01-03|true
1476262|13099|111437.12|1992-01-03|true
1479296|16552|293291.30|1992-01-03|true
1486086|143443|155064.98|1992-01-03|true
1497282|95825|65141.15|1992-01-03|true
1506531|5210|14345.63|1992-01-03|true
1511780|91033|56405.14|1992-01-03|true
1517637|118714|31061.61|1992-01-03|true
1527139|80845|80910.08|1992-01-03|true
1528359|138313|74181.32|1992-01-03|true
1529797|64153|99622.72|1992-01-03|true
1531843|58156|133318.72|1992-01-03|true
1550757|98306|302301.03|1992-01-03|true
1550945|49315|98172.46|1992-01-03|true
1574597|43132|226722.27|1992-01-03|true
1582529|46112|129850.72|1992-01-03|true
1599172|18976|166244.43|1992-01-03|true
1601219|3931|111600.82|1992-01-03|true
1604385|97331|128436.41|1992-01-03|true
1607271|50921|142945.41|1992-01-03|true
1613283|71921|81099.67|1992-01-03|true
1616550|143753|238908.85|1992-01-03|true
1630595|144542|179085.01|1992-01-03|true
1650501|21799|283596.63|1992-01-03|true
1650849|145742|261260.88|1992-01-03|true
1657120|48338|74101.17|1992-01-03|true
1657511|115097|59280.58|1992-01-03|true
1658849|83006|132902.13|1992-01-03|true
1662276|113770|235556.26|1992-01-03|true
1668677|22313|179828.64|1992-01-03|true
1718791|89902|278636.79|1992-01-03|true
1731459|18025|174668.85|1992-01-03|true
1733092|50290|86292.35|1992-01-03|true
1748229|62512|20718.73|1992-01-03|true
1757315|70337|94655.90|1992-01-03|true
1769606|117088|178642.08|1992-01-03|true
1772549|38324|90019.64|1992-01-03|true
1794368|51410|184014.59|1992-01-03|true
1800645|71438|44654.88|1992-01-03|true
1804263|9476|142352.36|1992-01-03|true
1804454|93415|167357.09|1992-01-03|true
1804544|88867|119531.68|1992-01-03|true
1818725|149500|60834.14|1992-01-03|true
1820609|14185|101159.73|1992-01-03|true
1821061|108980|216471.62|1992-01-03|true
1833671|119489|177378.79|1992-01-03|true
1846438|145648|289098.38|1992-01-03|true
1858691|62756|82774.65|1992-01-03|true
1862949|127345|90827.90|1992-01-03|true
1867399|145306|71514.10|1992-01-03|true
1879937|102499|352778.05|1992-01-03|true
1900064|4106|92305.07|1992-01-03|true
1904675|5602|123561.64|1992-01-03|true
1908256|58333|255480.14|1992-01-03|true
1918689|9428|74591.67|1992-01-03|true
1932484|28978|68897.53|1992-01-03|true
1933536|24037|133017.95|1992-01-03|true
1977735|13552|180813.05|1992-01-03|true
1978790|137828|124605.45|1992-01-03|true
1991652|16813|156655.73|1992-01-03|true
1995557|71002|77759.86|1992-01-03|true
2012292|30025|30500.85|1992-01-03|true
2012899|10955|152148.35|1992-01-03|true
2035104|45331|236140.99|1992-01-03|true
2035137|139799|260632.15|1992-01-03|true
2039648|143587|244510.03|1992-01-03|true
2040896|135767|226890.28|1992-01-03|true
2062240|50653|207495.32|1992-01-03|true
2072805|129739|181996.08|1992-01-03|true
2074368|97948|277104.83|1992-01-03|true
2084673|137440|11820.22|1992-01-03|true
2085793|23938|174006.56|1992-01-03|true
2087618|97078|171788.79|1992-01-03|true
2090913|19960|95119.16|1992-01-03|true
2091557|12347|155345.81|1992-01-03|true
2092167|61631|186464.66|1992-01-03|true
2096550|11416|76060.71|1992-01-03|true
2108099|37154|123316.46|1992-01-03|true
2110023|77327|169745.28|1992-01-03|true
2115618|95654|42872.52|1992-01-03|true
2116227|15082|244201.66|1992-01-03|true
2116832|11836|239085.12|1992-01-03|true
2126496|84175|120531.03|1992-01-03|true
2128450|114935|152021.32|1992-01-03|true
2151521|119926|89901.64|1992-01-03|true
2152230|138707|207067.58|1992-01-03|true
2153446|45490|229023.58|1992-01-03|true
2164355|86206|152386.76|1992-01-03|true
2173030|50456|173845.08|1992-01-03|true
2215559|94837|97725.06|1992-01-03|true
2219238|41459|198284.06|1992-01-03|true
2226629|23018|247995.05|1992-01-03|true
2229568|52738|240797.81|1992-01-03|true
2239680|48385|94306.76|1992-01-03|true
2241216|138265|156257.98|1992-01-03|true
2246945|12124|221372.81|1992-01-03|true
2255105|53636|122453.60|1992-01-03|true
2284674|28177|177924.52|1992-01-03|true
2289057|48271|296635.37|1992-01-03|true
2298212|45967|197505.87|1992-01-03|true
2300323|35023|60783.44|1992-01-03|true
2305892|5260|62263.60|1992-01-03|true
2322081|69655|40544.43|1992-01-03|true
2323335|20806|72491.95|1992-01-03|true
2346853|32057|39799.57|1992-01-03|true
2369190|77240|279386.32|1992-01-03|true
2389447|43538|95019.60|1992-01-03|true
2401764|319|181829.33|1992-01-03|true
2403555|48478|195278.71|1992-01-03|true
2418503|62905|130842.27|1992-01-03|true
2422241|95311|211293.24|1992-01-03|true
2426978|114385|217732.86|1992-01-03|true
2435205|97586|96002.03|1992-01-03|true
2438311|18967|236355.63|1992-01-03|true
2457159|103909|38674.90|1992-01-03|true
2471044|131354|352452.73|1992-01-03|true
2483300|131900|50473.34|1992-01-03|true
2515815|93406|83481.86|1992-01-03|true
2525635|138769|162454.39|1992-01-03|true
2545571|47734|116387.88|1992-01-03|true
2548003|87586|179751.57|1992-01-03|true
2557697|119440|222218.67|1992-01-03|true
2563012|114395|94224.68|1992-01-03|true
2597605|31244|113292.22|1992-01-03|true
2598211|108112|188067.45|1992-01-03|true
2599844|132515|172994.67|1992-01-03|true
2622663|64079|198395.27|1992-01-03|true
2647266|135650|49688.08|1992-01-03|true
2655778|32042|14354.47|1992-01-03|true
2663778|50324|287174.33|1992-01-03|true
2667011|5563|168285.38|1992-01-03|true
2670406|85558|128578.26|1992-01-03|true
2677315|147838|139691.05|1992-01-03|true
2683393|40237|237911.76|1992-01-03|true
2688423|139750|73616.79|1992-01-03|true
2696006|112676|29860.16|1992-01-03|true
2700487|113593|79610.74|1992-01-03|true
2740324|34894|122635.12|1992-01-03|true
2744935|44026|187444.11|1992-01-03|true
2765090|103870|220149.75|1992-01-03|true
2790887|106264|126202.64|1992-01-03|true
2803904|101519|179464.92|1992-01-03|true
2814759|142895|229613.37|1992-01-03|true
2814914|51733|77656.47|1992-01-03|true
2817632|40631|121575.58|1992-01-03|true
2817666|129979|111224.76|1992-01-03|true
2821504|139630|16020.53|1992-01-03|true
2828417|62570|177036.05|1992-01-03|true
2828832|80048|86308.40|1992-01-03|true
2832896|42127|218619.62|1992-01-03|true
2833824|106076|45598.85|1992-01-03|true
2852225|78058|64377.86|1992-01-03|true
2857348|135091|98083.64|1992-01-03|true
2865984|19844|243698.11|1992-01-03|true
2866213|56603|121416.88|1992-01-03|true
2870307|22471|184998.92|1992-01-03|true
2898721|13441|230941.83|1992-01-03|true
2918115|68306|168496.02|1992-01-03|true
2924928|48289|76535.92|1992-01-03|true
2926117|47569|133837.35|1992-01-03|true
2932097|18133|31314.45|1992-01-03|true
2935361|143605|205811.19|1992-01-03|true
2940227|111475|95264.63|1992-01-03|true
2942401|115331|134285.61|1992-01-03|true
2947174|42095|103968.80|1992-01-03|true
3002913|5279|138867.39|1992-01-03|true
3009184|5308|57633.31|1992-01-03|true
3030593|54055|160250.41|1992-01-03|true
3040801|106552|79995.30|1992-01-03|true
3050592|86983|18076.32|1992-01-03|true
3059905|124024|175812.43|1992-01-03|true
3065030|1420|80453.40|1992-01-03|true
3091908|53284|122810.58|1992-01-03|true
3095047|131306|183804.42|1992-01-03|true
3097799|66847|41964.97|1992-01-03|true
3102503|112564|115740.27|1992-01-03|true
3105441|39686|177375.32|1992-01-03|true
3105570|144685|22562.44|1992-01-03|true
3153539|105650|203390.41|1992-01-03|true
3153735|90788|145499.98|1992-01-03|true
3178692|120124|68305.23|1992-01-03|true
3182528|74863|224299.26|1992-01-03|true
3192098|46609|145714.36|1992-01-03|true
3194821|81538|234077.47|1992-01-03|true
3203201|149938|108288.71|1992-01-03|true
3230566|123032|56805.47|1992-01-03|true
3240388|95617|38139.40|1992-01-03|true
3256196|27898|191879.15|1992-01-03|true
3266340|95330|100221.78|1992-01-03|true
3270950|103867|228861.34|1992-01-03|true
3272642|145858|311513.76|1992-01-03|true
3289735|686|48645.48|1992-01-03|true
3310086|107101|102548.91|1992-01-03|true
3315238|56218|115962.00|1992-01-03|true
3324230|50123|225997.58|1992-01-03|true
3335110|69134|242855.61|1992-01-03|true
3338022|28663|17895.86|1992-01-03|true
3344772|130526|183502.34|1992-01-03|true
3349025|121591|94485.02|1992-01-03|true
3350694|129181|49033.35|1992-01-03|true
3353287|23038|216114.57|1992-01-03|true
3371268|123188|75121.15|1992-01-03|true
3375073|139327|140596.34|1992-01-03|true
3378212|118633|50935.50|1992-01-03|true
3378593|25090|12644.87|1992-01-03|true
3392099|3520|91366.70|1992-01-03|true
3406118|77824|69727.16|1992-01-03|true
3407811|17686|217866.41|1992-01-03|true
3410016|146074|290722.80|1992-01-03|true
3424454|12061|79075.88|1992-01-03|true
3442340|79849|51710.33|1992-01-03|true
3471300|102416|78040.62|1992-01-03|true
3476611|16771|75809.16|1992-01-03|true
3478981|99004|206422.84|1992-01-03|true
3479201|122177|161941.43|1992-01-03|true
3481856|23674|149901.29|1992-01-03|true
3508002|15088|207850.34|1992-01-03|true
3510465|64111|91662.95|1992-01-03|true
3542727|57932|33136.31|1992-01-03|true
3545863|81394|31554.23|1992-01-03|true
3555365|26450|114464.58|1992-01-03|true
3565255|132421|170679.41|1992-01-03|true
3616903|79366|80054.29|1992-01-03|true
3620993|56560|265775.16|1992-01-03|true
3638787|148177|174266.27|1992-01-03|true
3646598|43594|118828.11|1992-01-03|true
3675940|66091|79011.24|1992-01-03|true
3691207|132529|154867.91|1992-01-03|true
3692545|44467|150156.73|1992-01-03|true
3699587|120500|116417.19|1992-01-03|true
3707236|85432|284909.61|1992-01-03|true
3719874|35873|135622.08|1992-01-03|true
3732967|137497|237707.79|1992-01-03|true
3741120|9694|160658.92|1992-01-03|true
3756133|112004|182085.02|1992-01-03|true
3772518|138212|106396.58|1992-01-03|true
3787651|90694|221088.93|1992-01-03|true
3821477|28574|71246.92|1992-01-03|true
3835556|47851|52278.52|1992-01-03|true
3848615|52504|116114.74|1992-01-03|true
3857734|144038|276506.40|1992-01-03|true
3866851|2350|113986.46|1992-01-03|true
3872706|94165|266319.85|1992-01-03|true
3921348|90208|174194.01|1992-01-03|true
3937281|141641|207679.06|1992-01-03|true
3943781|116089|163810.73|1992-01-03|true
3943873|140747|96994.61|1992-01-03|true
3951782|129205|35401.92|1992-01-03|true
3987879|147670|226865.18|1992-01-03|true
4014690|121786|75421.03|1992-01-03|true
4021348|120895|83833.52|1992-01-03|true
4022055|142312|210533.12|1992-01-03|true
4023268|44221|103463.50|1992-01-03|true
4046181|97123|169873.94|1992-01-03|true
4049799|83981|202925.58|1992-01-03|true
4060229|25415|81000.06|1992-01-03|true
4063747|44542|218326.86|1992-01-03|true
4072838|36802|207056.31|1992-01-03|true
4083136|124823|183317.01|1992-01-03|true
4084800|64531|17353.91|1992-01-03|true
4086247|19210|345502.79|1992-01-03|true
4087684|43417|135972.38|1992-01-03|true
4091938|97537|65677.19|1992-01-03|true
4093251|21574|256539.77|1992-01-03|true
4093765|133312|120181.87|1992-01-03|true
4095973|108257|103520.44|1992-01-03|true
4106370|101245|53995.80|1992-01-03|true
4139430|142870|268262.61|1992-01-03|true
4154209|38674|43692.20|1992-01-03|true
4156678|79645|170381.70|1992-01-03|true
4163878|10828|246521.20|1992-01-03|true
4192197|37438|104723.24|1992-01-03|true
4193026|137830|215352.07|1992-01-03|true
4203043|98449|142181.66|1992-01-03|true
4203460|51824|17396.93|1992-01-03|true
4205537|135001|168293.04|1992-01-03|true
4207974|94147|193124.62|1992-01-03|true
4220675|22681|78657.06|1992-01-03|true
4235330|145126|66403.17|1992-01-03|true
4240642|37246|121463.71|1992-01-03|true
4241122|66613|153965.24|1992-01-03|true
4248038|127510|78047.47|1992-01-03|true
4259970|103336|63882.58|1992-01-03|true
4291044|139925|49313.60|1992-01-03|true
4301699|119842|32341.14|1992-01-03|true
4316292|45445|232849.52|1992-01-03|true
4325283|68765|163325.18|1992-01-03|true
4333446|33470|304781.14|1992-01-03|true
4375074|107269|118664.25|1992-01-03|true
4388832|135665|352517.78|1992-01-03|true
4400551|52574|49030.70|1992-01-03|true
4411238|60920|134052.59|1992-01-03|true
4424449|11038|214546.39|1992-01-03|true
4426082|69382|19292.76|1992-01-03|true
4427941|122482|171323.93|1992-01-03|true
4462276|61867|157270.48|1992-01-03|true
4527910|118505|310475.40|1992-01-03|true
4542883|61133|54039.58|1992-01-03|true
4552578|65158|82489.78|1992-01-03|true
4558945|137476|169845.74|1992-01-03|true
4566752|23894|43363.99|1992-01-03|true
4575366|143200|81988.15|1992-01-03|true
4579108|65021|299752.90|1992-01-03|true
4592007|98867|158998.97|1992-01-03|true
4613735|142669|43906.45|1992-01-03|true
4621824|108158|350792.38|1992-01-03|true
4631366|99952|148219.52|1992-01-03|true
4632704|73808|47207.70|1992-01-03|true
4644356|73126|113202.79|1992-01-03|true
4656289|99218|45858.74|1992-01-03|true
4657792|41446|163194.81|1992-01-03|true
4659526|41869|287530.55|1992-01-03|true
4661508|141370|146388.45|1992-01-03|true
4663106|50810|112438.70|1992-01-03|true
4667045|120142|40822.85|1992-01-03|true
4690561|82808|83375.49|1992-01-03|true
4694950|126379|23859.40|1992-01-03|true
4696801|85819|160886.96|1992-01-03|true
4708290|2161|30268.66|1992-01-03|true
4711777|22300|128973.27|1992-01-03|true
4714950|98984|264247.45|1992-01-03|true
4726053|96217|215935.74|1992-01-03|true
4737381|61288|24514.09|1992-01-03|true
4746977|5944|183202.26|1992-01-03|true
4757376|131287|305320.71|1992-01-03|true
4772388|19330|54686.71|1992-01-03|true
4777895|94328|248860.87|1992-01-03|true
4819491|112129|17033.94|1992-01-03|true
4820900|86587|150352.79|1992-01-03|true
4821447|52444|146922.07|1992-01-03|true
4825733|53272|158402.88|1992-01-03|true
4830503|81082|107820.38|1992-01-03|true
4832934|1252|111310.54|1992-01-03|true
4847911|148565|211494.54|1992-01-03|true
4860101|119945|107782.21|1992-01-03|true
4871008|131686|69414.64|1992-01-03|true
4885472|116774|335737.54|1992-01-03|true
4885669|49168|221167.16|1992-01-03|true
4893671|37258|83739.81|1992-01-03|true
4900644|147604|28395.86|1992-01-03|true
4901890|62225|151267.03|1992-01-03|true
4908325|134015|230555.09|1992-01-03|true
4911874|63163|242781.38|1992-01-03|true
4952358|28133|222723.45|1992-01-03|true
4958372|109543|161403.35|1992-01-03|true
4960582|113920|227460.43|1992-01-03|true
5014657|47959|247107.20|1992-01-03|true
5015970|55984|136173.17|1992-01-03|true
5016257|67516|86207.30|1992-01-03|true
5016482|130918|54882.93|1992-01-03|true
5018691|26578|153108.39|1992-01-03|true
5038529|148861|45755.47|1992-01-03|true
5050501|8324|155993.02|1992-01-03|true
5076419|116138|263422.21|1992-01-03|true
5079590|114698|72835.44|1992-01-03|true
5089764|28312|41272.68|1992-01-03|true
5093862|77278|226917.79|1992-01-03|true
5149920|39203|104508.07|1992-01-03|true
5154755|86815|56680.51|1992-01-03|true
5175750|35198|243845.66|1992-01-03|true
5189092|119774|104589.08|1992-01-03|true
5193989|11624|147890.92|1992-01-03|true
5214080|20206|19965.08|1992-01-03|true
5216263|101584|245851.65|1992-01-03|true
5223233|105613|15031.37|1992-01-03|true
5228963|103945|151747.21|1992-01-03|true
5230695|35029|298179.80|1992-01-03|true
5261030|65798|256291.35|1992-01-03|true
5265575|30521|41696.80|1992-01-03|true
5266851|118991|299484.52|1992-01-03|true
5274018|68101|177843.74|1992-01-03|true
5308516|71789|233649.97|1992-01-03|true
5311429|41113|70890.74|1992-01-03|true
5329701|511|339485.87|1992-01-03|true
5331328|24892|102292.84|1992-01-03|true
5331525|146482|158060.12|1992-01-03|true
5341059|16036|209932.80|1992-01-03|true
5354948|35740|154842.70|1992-01-03|true
5369671|62299|284397.10|1992-01-03|true
5370114|96938|31754.54|1992-01-03|true
5371267|73082|74256.97|1992-01-03|true
5376226|7759|68195.77|1992-01-03|true
5394149|64000|125726.23|1992-01-03|true
5426052|44497|162853.60|1992-01-03|true
5427461|52775|158672.52|1992-01-03|true
5430406|141131|142331.78|1992-01-03|true
5433573|139918|97621.22|1992-01-03|true
5442726|94175|142358.13|1992-01-03|true
5446562|45970|147042.58|1992-01-03|true
5446567|32440|71109.50|1992-01-03|true
5449345|11426|326893.63|1992-01-03|true
5451078|88994|262292.81|1992-01-03|true
5452483|70|182865.99|1992-01-03|true
5452865|87479|277913.47|1992-01-03|true
5457888|80689|222194.93|1992-01-03|true
5468864|48391|67598.77|1992-01-03|true
5499713|91519|53684.26|1992-01-03|true
5508071|104509|195558.86|1992-01-03|true
5512773|36560|16438.10|1992-01-03|true
5513542|81458|224195.19|1992-01-03|true
5514721|36560|259017.96|1992-01-03|true
5557766|52517|180588.59|1992-01-03|true
5575683|109753|320973.76|1992-01-03|true
5576966|41482|176170.42|1992-01-03|true
5588577|141524|99665.54|1992-01-03|true
5590496|56062|1709.87|1992-01-03|true
5599171|141152|27900.77|1992-01-03|true
5611108|55813|278046.55|1992-01-03|true
5622630|32920|42543.78|1992-01-03|true
5625792|100630|29269.28|1992-01-03|true
5638848|90119|192313.59|1992-01-03|true
5664899|124258|112022.26|1992-01-03|true
5683333|6544|36449.52|1992-01-03|true
5685764|110791|288023.97|1992-01-03|true
5687079|57658|127004.78|1992-01-03|true
5688387|49901|152641.85|1992-01-03|true
5698470|107155|214391.61|1992-01-03|true
5714055|78331|230058.24|1992-01-03|true
5715266|114373|206986.69|1992-01-03|true
5726981|29246|219395.86|1992-01-03|true
5746368|65932|148257.31|1992-01-03|true
5761924|96514|163020.69|1992-01-03|true
5768577|37531|300324.03|1992-01-03|true
5785507|84938|148138.65|1992-01-03|true
5793761|143933|198585.15|1992-01-03|true
5798375|91244|157433.55|1992-01-03|true
5809280|72826|76584.26|1992-01-03|true
5809475|64201|306227.66|1992-01-03|true
5831395|110281|156712.73|1992-01-03|true
5843200|74944|188247.48|1992-01-03|true
5858948|22279|146539.17|1992-01-03|true
5863014|113189|15988.41|1992-01-03|true
5863397|128404|79542.88|1992-01-03|true
5863938|125357|210514.58|1992-01-03|true
5873223|1348|48632.99|1992-01-03|true
5874944|118964|153117.98|1992-01-03|true
5885061|119821|98035.59|1992-01-03|true
5890468|14549|180741.78|1992-01-03|true
5897092|97528|214509.96|1992-01-03|true
5924006|67819|50031.49|1992-01-03|true
5933094|35026|53852.11|1992-01-03|true
5947107|39680|253919.17|1992-01-03|true
5947367|86282|62494.50|1992-01-03|true
5953824|52334|10522.50|1992-01-03|true
5968518|145706|212680.15|1992-01-03|true
5971618|70217|239542.95|1992-01-03|true
5974790|112849|91014.55|1992-01-03|true
5983874|66325|220511.61|1992-01-03|true
88199|36158|-38783.83|1992-01-03|false
303079|42031|-11913.91|1992-01-03|false
359170|107341|-36689.97|1992-01-03|false
414725|34972|-26960.83|1992-01-03|false
598849|67396|-59780.16|1992-01-03|false
600929|56899|-45092.65|1992-01-03|false
633378|103447|-44412.04|1992-01-03|false
646854|134503|-16887.43|1992-01-03|false
721220|9263|-22768.54|1992-01-03|false
993283|85414|-11728.19|1992-01-03|false
1178438|16739|-21485.39|1992-01-03|false
1302822|18016|-3712.24|1992-01-03|false
1567815|93401|-27615.51|1992-01-03|false
1804929|92981|-48354.99|1992-01-03|false
1834631|145088|-21124.30|1992-01-03|false
1955750|80039|-78049.17|1992-01-03|false
2074886|71314|-79741.72|1992-01-03|false
2161799|148319|-29613.60|1992-01-03|false
2543170|135391|-29564.89|1992-01-03|false
2746852|113309|-33613.87|1992-01-03|false
2789249|82832|-48715.70|1992-01-03|false
2974083|122671|-82456.95|1992-01-03|false
3007013|115660|-44842.03|1992-01-03|false
3204613|81490|-44290.65|1992-01-03|false
3406183|8842|-26926.75|1992-01-03|false
3444614|137089|-54903.91|1992-01-03|false
3450533|70288|-17355.24|1992-01-03|false
3589984|77564|-1735.33|1992-01-03|false
3745504|120866|-39505.64|1992-01-03|false
3989923|143443|-20226.79|1992-01-03|false
4010469|49385|-37013.98|1992-01-03|false
4139459|83788|-18053.01|1992-01-03|false
4400453|118720|-50754.60|1992-01-03|false
4521603|89240|-64279.94|1992-01-03|false
4697030|72215|-33876.40|1992-01-03|false
4936485|40864|-21699.82|1992-01-03|false
5235042|140920|-50258.88|1992-01-03|false
5440359|58420|-18007.08|1992-01-03|false
5525158|31147|-27841.80|1992-01-03|false
5757698|59842|-60781.11|1992-01-03|false
5880514|28687|-27053.79|1992-01-03|false
4000|69568|129171.09|1992-01-04|true
7618|88129|347889.59|1992-01-04|true
9379|34955|158908.23|1992-01-04|true
10945|24721|186819.46|1992-01-04|true
16164|98428|107511.74|1992-01-04|true
34145|52999|66249.58|1992-01-04|true
35811|58481|185209.91|1992-01-04|true
43494|91192|105701.58|1992-01-04|true
50471|74918|60025.29|1992-01-04|true
56033|135673|51056.81|1992-01-04|true
56675|107740|170571.29|1992-01-04|true
82145|38558|181692.25|1992-01-04|true
88900|19525|116718.91|1992-01-04|true
108897|70552|19054.10|1992-01-04|true
126274|101257|209682.57|1992-01-04|true
130147|88009|142856.59|1992-01-04|true
132837|93500|139109.63|1992-01-04|true
192929|86479|264744.46|1992-01-04|true
201089|11090|64587.86|1992-01-04|true
209376|6028|132883.57|1992-01-04|true
229095|103936|268669.03|1992-01-04|true
237792|132311|94868.40|1992-01-04|true
242785|91384|69585.28|1992-01-04|true
244291|85397|221703.21|1992-01-04|true
261318|149135|147022.70|1992-01-04|true
269063|27740|216849.70|1992-01-04|true
278788|78295|57497.72|1992-01-04|true
280641|67216|69951.87|1992-01-04|true
288868|92227|91848.96|1992-01-04|true
291265|26038|226079.39|1992-01-04|true
296742|144226|15169.15|1992-01-04|true
304867|139972|271515.96|1992-01-04|true
307621|30298|113845.87|1992-01-04|true
315872|143503|215376.93|1992-01-04|true
325028|135707|197778.86|1992-01-04|true
331108|86950|183655.32|1992-01-04|true
332674|26386|181114.90|1992-01-04|true
354915|93541|96450.14|1992-01-04|true
358471|88427|200527.69|1992-01-04|true
361190|104909|32980.44|1992-01-04|true
363201|112375|160702.41|1992-01-04|true
382946|147068|233775.82|1992-01-04|true
383554|142357|82446.54|1992-01-04|true
385024|52192|280486.14|1992-01-04|true
388678|33674|36405.19|1992-01-04|true
392903|5786|171560.11|1992-01-04|true
397889|67555|213979.04|1992-01-04|true
405732|125413|134251.72|1992-01-04|true
412482|132658|80624.27|1992-01-04|true
422113|6773|38796.66|1992-01-04|true
423876|38321|55143.51|1992-01-04|true
427719|97364|116733.62|1992-01-04|true
443495|9740|50084.11|1992-01-04|true
446085|25066|157816.26|1992-01-04|true
446688|74596|68409.40|1992-01-04|true
454277|11344|156776.40|1992-01-04|true
472960|70040|115899.61|1992-01-04|true
477925|102284|76434.36|1992-01-04|true
483015|112027|127874.43|1992-01-04|true
503746|55376|127007.36|1992-01-04|true
517379|105881|124607.14|1992-01-04|true
525959|85090|78612.92|1992-01-04|true
543296|141670|167963.14|1992-01-04|true
547968|50539|61769.52|1992-01-04|true
562081|98911|136139.96|1992-01-04|true
569446|90719|296368.66|1992-01-04|true
572772|133234|143787.65|1992-01-04|true
588101|8432|339269.20|1992-01-04|true
619552|83575|148419.12|1992-01-04|true
619842|126520|103825.21|1992-01-04|true
621859|74404|295868.30|1992-01-04|true
653027|134845|47204.42|1992-01-04|true
665953|48052|67238.09|1992-01-04|true
672039|12376|53814.34|1992-01-04|true
684774|133198|93541.04|1992-01-04|true
699138|6556|120611.16|1992-01-04|true
703940|59452|281585.76|1992-01-04|true
705443|118154|225362.42|1992-01-04|true
705538|125773|84816.27|1992-01-04|true
709955|22042|33087.84|1992-01-04|true
720452|147211|244333.25|1992-01-04|true
722981|118669|115604.32|1992-01-04|true
726663|69683|238563.28|1992-01-04|true
737600|141724|175695.38|1992-01-04|true
737665|82969|44666.39|1992-01-04|true
738272|138481|228254.30|1992-01-04|true
745703|27725|151715.69|1992-01-04|true
755462|102457|24069.04|1992-01-04|true
767942|30511|381569.40|1992-01-04|true
771847|140896|49320.40|1992-01-04|true
783842|76102|211406.41|1992-01-04|true
796481|129712|300553.11|1992-01-04|true
802693|92795|210911.50|1992-01-04|true
808837|80959|300111.95|1992-01-04|true
809413|129938|232035.30|1992-01-04|true
814690|101803|157879.22|1992-01-04|true
816515|56911|102616.06|1992-01-04|true
820224|31096|94876.01|1992-01-04|true
846307|33754|83097.93|1992-01-04|true
848512|34616|196323.75|1992-01-04|true
874530|5879|190910.77|1992-01-04|true
875905|24970|205080.36|1992-01-04|true
909282|83225|288491.10|1992-01-04|true
937285|41947|56923.99|1992-01-04|true
939746|14503|126749.24|1992-01-04|true
943399|26341|126827.06|1992-01-04|true
959009|10915|21527.94|1992-01-04|true
967683|89665|97853.26|1992-01-04|true
986947|103975|244039.19|1992-01-04|true
993857|71695|124764.81|1992-01-04|true
996164|18574|138806.97|1992-01-04|true
998980|53134|297325.84|1992-01-04|true
1023363|35617|236444.83|1992-01-04|true
1024448|59980|322656.61|1992-01-04|true
1030624|41444|238308.32|1992-01-04|true
1035425|66274|88049.26|1992-01-04|true
1054247|91040|147299.13|1992-01-04|true
1073799|4540|65810.62|1992-01-04|true
1074914|149473|109167.58|1992-01-04|true
1079713|57029|164875.63|1992-01-04|true
1099335|149566|196812.32|1992-01-04|true
1108739|2560|47017.38|1992-01-04|true
1128708|125386|169461.41|1992-01-04|true
1135520|77198|47365.92|1992-01-04|true
1136704|135295|138767.33|1992-01-04|true
1144160|131023|272693.20|1992-01-04|true
1163238|43741|45527.92|1992-01-04|true
1163808|96832|300634.74|1992-01-04|true
1166980|6940|70028.77|1992-01-04|true
1167492|31906|73400.51|1992-01-04|true
1168482|994|162917.69|1992-01-04|true
1172039|23633|98371.61|1992-01-04|true
1172259|73921|117228.14|1992-01-04|true
1172551|73442|238958.25|1992-01-04|true
1175879|83029|9798.42|1992-01-04|true
1176644|118220|116281.90|1992-01-04|true
1188999|102613|45208.92|1992-01-04|true
1190435|65443|35139.03|1992-01-04|true
1201380|85111|187586.24|1992-01-04|true
1207075|123737|35348.66|1992-01-04|true
1208710|73183|171082.29|1992-01-04|true
1211524|8833|61495.48|1992-01-04|true
1213091|115339|39749.74|1992-01-04|true
1234341|132806|220068.27|1992-01-04|true
1240386|98761|224878.36|1992-01-04|true
1241511|21838|24559.25|1992-01-04|true
1247943|116392|20919.84|1992-01-04|true
1251649|71753|214525.94|1992-01-04|true
1256391|125047|28867.39|1992-01-04|true
1259044|93049|80278.01|1992-01-04|true
1259527|134869|184919.33|1992-01-04|true
1260773|88582|178843.28|1992-01-04|true
1266212|118600|185259.83|1992-01-04|true
1275074|142094|97908.57|1992-01-04|true
1283045|66622|265989.69|1992-01-04|true
1284197|27350|88007.75|1992-01-04|true
1310464|106874|18238.92|1992-01-04|true
1340711|128017|124181.03|1992-01-04|true
1352032|125689|239918.36|1992-01-04|true
1355140|124007|90159.31|1992-01-04|true
1375971|49520|133790.46|1992-01-04|true
1380704|24910|142352.28|1992-01-04|true
1384065|78358|323555.44|1992-01-04|true
1417057|87374|301292.35|1992-01-04|true
1425445|148295|93722.62|1992-01-04|true
1427237|111691|14098.77|1992-01-04|true
1428096|20515|72087.59|1992-01-04|true
1431616|83083|143686.75|1992-01-04|true
1435104|120983|159273.38|1992-01-04|true
1437926|133774|135828.89|1992-01-04|true
1447554|75274|273371.21|1992-01-04|true
1453888|129040|209852.15|1992-01-04|true
1464642|79895|134984.51|1992-01-04|true
1480902|137252|78165.42|1992-01-04|true
1484995|39116|191515.72|1992-01-04|true
1503335|91648|221031.26|1992-01-04|true
1510951|65870|188088.00|1992-01-04|true
1540289|147368|132280.61|1992-01-04|true
1550117|55207|67098.59|1992-01-04|true
1562245|79423|171111.78|1992-01-04|true
1567110|83236|278951.23|1992-01-04|true
1573287|119539|93294.78|1992-01-04|true
1574886|19111|142164.58|1992-01-04|true
1606468|108163|3125.42|1992-01-04|true
1615239|8393|147627.60|1992-01-04|true
1617697|114943|52282.82|1992-01-04|true
1619875|139087|110654.39|1992-01-04|true
1625283|149015|190230.90|1992-01-04|true
1627046|37648|160361.19|1992-01-04|true
1644774|82105|248162.73|1992-01-04|true
1662471|143896|20806.79|1992-01-04|true
1668832|119059|173778.00|1992-01-04|true
1682979|74306|49288.95|1992-01-04|true
1694754|64399|43040.60|1992-01-04|true
1698435|39506|7989.42|1992-01-04|true
1701504|63934|165362.50|1992-01-04|true
1707296|18617|57437.95|1992-01-04|true
1714501|138448|29423.90|1992-01-04|true
1721027|25334|201129.86|1992-01-04|true
1723399|5572|198622.51|1992-01-04|true
1727941|147142|202199.30|1992-01-04|true
1730309|95248|20786.54|1992-01-04|true
1733120|106778|248452.01|1992-01-04|true
1744353|108380|106662.13|1992-01-04|true
1779330|2455|9681.40|1992-01-04|true
1784581|75658|206739.12|1992-01-04|true
1790534|113762|99945.05|1992-01-04|true
1799075|39848|337125.41|1992-01-04|true
1804707|52759|274613.37|1992-01-04|true
1809986|87751|266016.07|1992-01-04|true
1814278|85672|72014.26|1992-01-04|true
1834147|20033|63649.03|1992-01-04|true
1839814|141568|107414.47|1992-01-04|true
1841639|131318|223589.18|1992-01-04|true
1847718|96772|103487.72|1992-01-04|true
1877892|56575|143167.16|1992-01-04|true
1888930|12295|17163.65|1992-01-04|true
1889061|61793|82593.67|1992-01-04|true
1905415|55783|55050.80|1992-01-04|true
1924353|256|154082.46|1992-01-04|true
1960582|7537|149884.13|1992-01-04|true
1973380|113366|263397.73|1992-01-04|true
1981604|127454|270762.17|1992-01-04|true
1982406|79889|43728.13|1992-01-04|true
1983232|123304|202105.21|1992-01-04|true
1986502|35737|216551.45|1992-01-04|true
2002245|104555|215525.55|1992-01-04|true
2002436|49466|148250.12|1992-01-04|true
2003173|144895|188871.65|1992-01-04|true
2007395|71311|270467.40|1992-01-04|true
2022213|103772|83822.10|1992-01-04|true
2025735|132659|67975.70|1992-01-04|true
2039143|117383|318544.58|1992-01-04|true
2047777|34100|63324.48|1992-01-04|true
2047875|17857|35470.90|1992-01-04|true
2066468|14711|81601.61|1992-01-04|true
2074532|34195|152783.35|1992-01-04|true
2078886|45340|67956.65|1992-01-04|true
2097507|113132|266450.41|1992-01-04|true
2115493|23410|254344.13|1992-01-04|true
2118662|18815|109844.85|1992-01-04|true
2141634|147094|278040.12|1992-01-04|true
2145570|120403|104815.86|1992-01-04|true
2149831|120614|339465.95|1992-01-04|true
2167685|120007|163727.86|1992-01-04|true
2192967|109114|135070.50|1992-01-04|true
2194823|3511|78108.79|1992-01-04|true
2209410|90916|161749.32|1992-01-04|true
2211778|147511|195310.55|1992-01-04|true
2212966|111091|139924.56|1992-01-04|true
2215780|145141|33815.37|1992-01-04|true
2224000|9298|269728.72|1992-01-04|true
2224036|40732|107298.88|1992-01-04|true
2227236|83866|3438.39|1992-01-04|true
2229318|126913|213989.00|1992-01-04|true
2250113|25525|287473.22|1992-01-04|true
2251749|69731|107882.92|1992-01-04|true
2255136|102446|190184.66|1992-01-04|true
2260423|7528|240663.57|1992-01-04|true
2283525|68149|202905.27|1992-01-04|true
2297696|124726|227039.87|1992-01-04|true
2303046|26531|117203.12|1992-01-04|true
2309632|47111|176037.33|1992-01-04|true
2340802|110263|142719.10|1992-01-04|true
2381153|105152|54592.18|1992-01-04|true
2388065|102328|38222.64|1992-01-04|true
2390020|72028|180286.53|1992-01-04|true
2394182|116398|170627.34|1992-01-04|true
2395239|143776|156363.21|1992-01-04|true
2415302|72254|56410.40|1992-01-04|true
2427745|17287|11178.68|1992-01-04|true
2434786|107927|175235.58|1992-01-04|true
2445028|80978|176497.07|1992-01-04|true
2446755|74492|72266.00|1992-01-04|true
2457379|134890|151939.69|1992-01-04|true
2474310|128366|173171.84|1992-01-04|true
2483233|2593|106288.86|1992-01-04|true
2484326|15293|144793.11|1992-01-04|true
2484327|63287|132057.68|1992-01-04|true
2494343|92332|96650.41|1992-01-04|true
2529030|66017|119336.06|1992-01-04|true
2560643|84964|210220.50|1992-01-04|true
2567078|45865|15303.93|1992-01-04|true
2575905|46709|11029.28|1992-01-04|true
2592677|21602|168195.45|1992-01-04|true
2606338|90544|138348.48|1992-01-04|true
2606535|33085|219045.88|1992-01-04|true
2607072|83758|268374.89|1992-01-04|true
2607715|76763|42830.77|1992-01-04|true
2616517|139360|68101.50|1992-01-04|true
2642624|90922|70568.07|1992-01-04|true
2648546|43874|226199.36|1992-01-04|true
2660835|48448|159619.41|1992-01-04|true
2661382|32602|76372.66|1992-01-04|true
2674978|89572|92661.09|1992-01-04|true
2679395|6350|85863.04|1992-01-04|true
2681731|115807|86240.31|1992-01-04|true
2686882|12413|131993.26|1992-01-04|true
2688707|69364|114780.41|1992-01-04|true
2693542|146911|289245.54|1992-01-04|true
2695974|66029|57481.00|1992-01-04|true
2701797|66994|152510.85|1992-01-04|true
2703429|130114|129426.85|1992-01-04|true
2714848|149410|283211.17|1992-01-04|true
2733287|38392|114153.08|1992-01-04|true
2740960|43939|71067.78|1992-01-04|true
2751303|92743|262749.55|1992-01-04|true
2757377|57373|126526.11|1992-01-04|true
2757733|59087|171906.41|1992-01-04|true
2763428|41419|138586.79|1992-01-04|true
2764422|31594|189266.64|1992-01-04|true
2765638|46283|79758.22|1992-01-04|true
2767367|68914|258051.44|1992-01-04|true
2770978|53026|26340.66|1992-01-04|true
2782151|126256|130183.72|1992-01-04|true
2802241|42710|269228.69|1992-01-04|true
2807878|149317|214299.38|1992-01-04|true
2809125|80335|257118.24|1992-01-04|true
2816736|69784|126612.21|1992-01-04|true
2839460|15494|65550.22|1992-01-04|true
2840710|129176|142915.00|1992-01-04|true
2841860|49322|101248.45|1992-01-04|true
2872961|74350|205638.46|1992-01-04|true
2877959|17590|197674.06|1992-01-04|true
2886470|69235|142442.14|1992-01-04|true
2894497|9715|248311.86|1992-01-04|true
2918627|119038|104606.36|1992-01-04|true
2924391|103997|234986.13|1992-01-04|true
2932739|17545|160099.35|1992-01-04|true
2951744|105868|8491.55|1992-01-04|true
2954016|133885|187397.08|1992-01-04|true
2958503|38395|232003.59|1992-01-04|true
2964518|62828|35988.88|1992-01-04|true
2996358|101479|31605.20|1992-01-04|true
3010213|115283|152737.42|1992-01-04|true
3021730|96793|67713.06|1992-01-04|true
3028578|121064|148888.34|1992-01-04|true
3037184|35972|195577.13|1992-01-04|true
3043303|135016|170728.35|1992-01-04|true
3062336|112801|325190.65|1992-01-04|true
3086693|74131|159481.63|1992-01-04|true
3124417|115217|246578.18|1992-01-04|true
3129639|129722|55919.53|1992-01-04|true
3152482|84374|167186.56|1992-01-04|true
3152739|85205|162151.60|1992-01-04|true
3159845|87541|148397.70|1992-01-04|true
3160452|41290|220814.11|1992-01-04|true
3164835|21781|232686.59|1992-01-04|true
3186275|24232|80735.78|1992-01-04|true
3198598|69826|156560.88|1992-01-04|true
3223424|1552|51106.97|1992-01-04|true
3225831|80074|191145.22|1992-01-04|true
3228288|133891|169972.89|1992-01-04|true
3233988|45019|118865.51|1992-01-04|true
3258947|88381|65353.80|1992-01-04|true
3266213|83590|254964.67|1992-01-04|true
3270913|62663|64061.00|1992-01-04|true
3273319|124595|189918.68|1992-01-04|true
3275879|145333|235588.73|1992-01-04|true
3282884|73975|264525.64|1992-01-04|true
3309697|105493|149204.43|1992-01-04|true
3342051|73243|72183.88|1992-01-04|true
3344325|63199|168499.68|1992-01-04|true
3350022|5180|36800.92|1992-01-04|true
3353413|33343|215168.21|1992-01-04|true
3359527|107932|171270.44|1992-01-04|true
3363040|149143|177362.66|1992-01-04|true
3370369|44611|94578.76|1992-01-04|true
3385123|82294|46618.12|1992-01-04|true
3392195|14230|161821.15|1992-01-04|true
3396643|20305|95249.76|1992-01-04|true
3411463|47969|56316.21|1992-01-04|true
3418855|28208|19781.32|1992-01-04|true
3437476|95641|207277.83|1992-01-04|true
3450020|16331|122939.51|1992-01-04|true
3459111|25219|104702.84|1992-01-04|true
3466178|110320|210540.32|1992-01-04|true
3473025|32017|32982.07|1992-01-04|true
3497153|15562|293301.83|1992-01-04|true
3500928|25495|163388.99|1992-01-04|true
3502756|96439|39805.15|1992-01-04|true
3523457|78244|53942.76|1992-01-04|true
3532834|126466|24766.94|1992-01-04|true
3533958|964|125737.76|1992-01-04|true
3548868|46801|51037.91|1992-01-04|true
3553953|127819|1443.45|1992-01-04|true
3554915|84142|137484.79|1992-01-04|true
3557921|57490|149206.33|1992-01-04|true
3612579|7399|52127.20|1992-01-04|true
3626724|10963|62673.88|1992-01-04|true
3678305|12905|67149.05|1992-01-04|true
3680674|49936|185090.98|1992-01-04|true
3681286|148309|155721.18|1992-01-04|true
3688803|18805|118754.77|1992-01-04|true
3701888|26084|122047.75|1992-01-04|true
3705153|145036|135570.66|1992-01-04|true
3720039|35140|116389.10|1992-01-04|true
3720898|133196|169082.21|1992-01-04|true
3722112|11338|255148.99|1992-01-04|true
3723717|25025|165130.28|1992-01-04|true
3734976|94562|220828.35|1992-01-04|true
3738753|25747|7331.92|1992-01-04|true
3742209|147608|202821.73|1992-01-04|true
3744673|59752|22701.24|1992-01-04|true
3745828|142571|256485.51|1992-01-04|true
3749505|113950|54541.03|1992-01-04|true
3761798|27742|164989.56|1992-01-04|true
3763365|127831|127822.44|1992-01-04|true
3767648|30668|204252.13|1992-01-04|true
3809856|95572|114671.25|1992-01-04|true
3819841|118423|38387.63|1992-01-04|true
3830214|94838|274921.31|1992-01-04|true
3830722|61120|45822.66|1992-01-04|true
3832608|125212|78821.95|1992-01-04|true
3837702|101680|284791.49|1992-01-04|true
3842496|124036|48844.97|1992-01-04|true
3846880|141944|40419.09|1992-01-04|true
3853604|125063|117021.49|1992-01-04|true
3868865|148138|310263.14|1992-01-04|true
3871685|78013|160466.97|1992-01-04|true
3874881|107341|153171.46|1992-01-04|true
3877281|56003|125005.06|1992-01-04|true
3886790|63629|250414.54|1992-01-04|true
3888578|25139|76751.49|1992-01-04|true
3905221|27098|185081.36|1992-01-04|true
3906785|95813|224084.28|1992-01-04|true
3909633|107939|191381.62|1992-01-04|true
3910051|126434|158398.22|1992-01-04|true
3928132|118135|117730.42|1992-01-04|true
3928135|134027|73376.28|1992-01-04|true
3931073|103849|1122.16|1992-01-04|true
3946342|36595|66527.89|1992-01-04|true
3947365|127805|106127.19|1992-01-04|true
3982823|52336|122081.21|1992-01-04|true
3987136|96277|323246.64|1992-01-04|true
3990656|86099|37205.01|1992-01-04|true
3999015|86416|181820.89|1992-01-04|true
4008196|122428|235245.10|1992-01-04|true
4012039|33634|107340.80|1992-01-04|true
4012292|130891|285369.85|1992-01-04|true
4026695|124172|238351.51|1992-01-04|true
4044483|81487|69879.01|1992-01-04|true
4051140|20584|29649.62|1992-01-04|true
4060609|38680|227218.59|1992-01-04|true
4067238|120971|156182.00|1992-01-04|true
4067686|43276|276229.33|1992-01-04|true
4093734|4933|309965.10|1992-01-04|true
4097571|123304|82650.79|1992-01-04|true
4106178|42367|82834.73|1992-01-04|true
4106503|115894|148775.64|1992-01-04|true
4109697|41110|77132.65|1992-01-04|true
4123367|104611|134148.82|1992-01-04|true
4123396|96160|50387.42|1992-01-04|true
4136741|112453|201702.67|1992-01-04|true
4156420|68267|245124.82|1992-01-04|true
4156515|20917|126668.45|1992-01-04|true
4159271|102049|39023.69|1992-01-04|true
4164514|73819|126768.61|1992-01-04|true
4172231|104839|238262.63|1992-01-04|true
4207266|75238|175147.23|1992-01-04|true
4223586|141293|87511.85|1992-01-04|true
4225826|115618|54859.63|1992-01-04|true
4230432|15790|287074.48|1992-01-04|true
4232871|34318|79331.14|1992-01-04|true
4243041|40445|66837.13|1992-01-04|true
4247367|82243|11984.47|1992-01-04|true
4251974|51847|133817.43|1992-01-04|true
4258401|100915|177696.26|1992-01-04|true
4265127|35398|157420.40|1992-01-04|true
4295427|19294|64866.07|1992-01-04|true
4306790|34057|156756.20|1992-01-04|true
4312576|28660|126205.26|1992-01-04|true
4322436|16916|76424.89|1992-01-04|true
4334467|105002|100354.41|1992-01-04|true
4335235|104287|65867.62|1992-01-04|true
4352356|99586|151837.71|1992-01-04|true
4361220|109699|68404.21|1992-01-04|true
4377664|67741|32787.97|1992-01-04|true
4384550|133261|202421.30|1992-01-04|true
4394241|56597|39872.06|1992-01-04|true
4399303|12784|359008.43|1992-01-04|true
4408743|71710|186758.96|1992-01-04|true
4429442|20639|293317.49|1992-01-04|true
4466919|146551|19178.60|1992-01-04|true
4478752|147031|73746.07|1992-01-04|true
4493984|56668|52936.61|1992-01-04|true
4494342|88322|156933.78|1992-01-04|true
4499681|43231|114982.11|1992-01-04|true
4506307|98090|161097.08|1992-01-04|true
4515110|82864|149172.18|1992-01-04|true
4523490|134908|99062.34|1992-01-04|true
4538177|90865|106836.68|1992-01-04|true
4539779|115403|131557.14|1992-01-04|true
4542691|24781|67029.89|1992-01-04|true
4547267|58081|137189.77|1992-01-04|true
4547364|90433|171848.58|1992-01-04|true
4550183|13555|252016.53|1992-01-04|true
4551463|106762|291233.42|1992-01-04|true
4561602|132170|188227.14|1992-01-04|true
4562690|27695|122213.14|1992-01-04|true
4568704|13805|33424.26|1992-01-04|true
4573858|59722|45418.29|1992-01-04|true
4601345|138475|85623.71|1992-01-04|true
4614400|142615|130732.70|1992-01-04|true
4615783|3127|220091.35|1992-01-04|true
4628800|140224|33964.51|1992-01-04|true
4634756|117199|235914.88|1992-01-04|true
4643266|73097|143585.01|1992-01-04|true
4649955|37012|141924.16|1992-01-04|true
4657221|121205|133529.35|1992-01-04|true
4665441|96157|72240.73|1992-01-04|true
4680130|76819|72824.92|1992-01-04|true
4689063|114133|220528.95|1992-01-04|true
4692480|107593|85113.97|1992-01-04|true
4692775|88087|237322.49|1992-01-04|true
4704514|75187|196220.64|1992-01-04|true
4710019|31982|123568.40|1992-01-04|true
4712102|103583|98252.82|1992-01-04|true
4722434|4534|22344.84|1992-01-04|true
4739334|133690|88547.98|1992-01-04|true
4750631|59914|72690.36|1992-01-04|true
4765474|99103|279674.54|1992-01-04|true
4776516|114448|276762.30|1992-01-04|true
4783399|9814|17715.89|1992-01-04|true
4790756|116153|182107.16|1992-01-04|true
4796518|28933|194921.70|1992-01-04|true
4830182|33148|68597.71|1992-01-04|true
4831524|102653|159130.02|1992-01-04|true
4833988|109991|178191.74|1992-01-04|true
4872228|70100|195279.77|1992-01-04|true
4879521|7651|170837.90|1992-01-04|true
4891169|39407|110038.91|1992-01-04|true
4893700|131417|97044.16|1992-01-04|true
4896064|127246|83614.54|1992-01-04|true
4898402|68444|49300.17|1992-01-04|true
4906438|80032|165491.97|1992-01-04|true
4933153|69329|240613.91|1992-01-04|true
4939719|19402|198683.32|1992-01-04|true
4945668|14452|221067.82|1992-01-04|true
4946119|106711|31530.44|1992-01-04|true
4946752|128870|192394.74|1992-01-04|true
4960101|147707|72166.23|1992-01-04|true
4970564|37028|266381.30|1992-01-04|true
4985220|20752|255931.77|1992-01-04|true
5026595|52544|96868.81|1992-01-04|true
5035872|68936|172040.09|1992-01-04|true
5037152|72943|176869.87|1992-01-04|true
5045924|27712|302667.51|1992-01-04|true
5054373|28117|109045.90|1992-01-04|true
5064102|40465|69666.86|1992-01-04|true
5070790|5537|84670.03|1992-01-04|true
5072322|31670|219345.09|1992-01-04|true
5072737|105317|54508.39|1992-01-04|true
5081894|125740|215996.58|1992-01-04|true
5092358|128683|37338.45|1992-01-04|true
5100611|45553|236383.25|1992-01-04|true
5108966|137545|96634.98|1992-01-04|true
5109543|116570|199235.48|1992-01-04|true
5117184|82286|66056.12|1992-01-04|true
5138853|53887|2672.63|1992-01-04|true
5139045|104116|83477.23|1992-01-04|true
5140833|146980|221701.96|1992-01-04|true
5149249|4102|207663.76|1992-01-04|true
5160517|104107|239409.33|1992-01-04|true
5168134|43838|77271.74|1992-01-04|true
5182084|75761|217996.09|1992-01-04|true
5185636|77836|323366.84|1992-01-04|true
5191591|109366|166606.11|1992-01-04|true
5194919|130447|278596.91|1992-01-04|true
5195681|70450|229644.06|1992-01-04|true
5210080|111811|170403.75|1992-01-04|true
5217927|16330|133289.90|1992-01-04|true
5220097|87028|183892.53|1992-01-04|true
5232230|20927|112127.32|1992-01-04|true
5237441|137539|136042.49|1992-01-04|true
5251239|118577|15487.40|1992-01-04|true
5252928|118642|20889.43|1992-01-04|true
5257344|113957|314671.30|1992-01-04|true
5260130|61696|310306.44|1992-01-04|true
5263648|67967|90897.53|1992-01-04|true
5267969|135916|63702.87|1992-01-04|true
5270373|98710|294334.73|1992-01-04|true
5274401|101726|24762.12|1992-01-04|true
5278469|89471|142485.96|1992-01-04|true
5284960|143999|84884.11|1992-01-04|true
5306051|2590|61808.22|1992-01-04|true
5310759|39877|179465.16|1992-01-04|true
5317028|57409|97958.44|1992-01-04|true
5317799|146836|203464.11|1992-01-04|true
5331877|61198|12318.56|1992-01-04|true
5350403|76061|79255.94|1992-01-04|true
5363942|54148|259161.33|1992-01-04|true
5364676|36223|143099.52|1992-01-04|true
5367719|5837|69449.78|1992-01-04|true
5375108|4604|154580.63|1992-01-04|true
5389318|61177|54810.12|1992-01-04|true
5408224|145483|25210.94|1992-01-04|true
5414502|36658|162338.14|1992-01-04|true
5414848|106099|27524.63|1992-01-04|true
5426144|39275|96855.83|1992-01-04|true
5427168|127463|130631.35|1992-01-04|true
5428068|58618|111307.87|1992-01-04|true
5430723|50569|192184.59|1992-01-04|true
5459680|80810|94524.45|1992-01-04|true
5467687|70180|7011.03|1992-01-04|true
5484288|138496|176597.16|1992-01-04|true
5484739|72271|29757.19|1992-01-04|true
5494980|148117|210682.67|1992-01-04|true
5504132|22099|132907.27|1992-01-04|true
5513024|129392|53731.83|1992-01-04|true
5516775|127369|10682.24|1992-01-04|true
5521155|149537|87334.65|1992-01-04|true
5540067|46624|89225.27|1992-01-04|true
5541504|74264|54312.94|1992-01-04|true
5563137|7793|46935.03|1992-01-04|true
5573447|82432|160068.77|1992-01-04|true
5573797|67135|248665.23|1992-01-04|true
5577697|57152|165703.48|1992-01-04|true
5583297|141550|185338.06|1992-01-04|true
5590727|123379|178830.01|1992-01-04|true
5593538|38398|57504.99|1992-01-04|true
5611841|62086|18505.07|1992-01-04|true
5613411|52294|240779.29|1992-01-04|true
5615366|20476|71522.46|1992-01-04|true
5618726|3932|68503.16|1992-01-04|true
5626657|91006|187616.77|1992-01-04|true
5627426|18583|208628.05|1992-01-04|true
5628615|89425|282059.23|1992-01-04|true
5630176|81016|135601.10|1992-01-04|true
5643936|28930|129421.60|1992-01-04|true
5658272|144733|210377.95|1992-01-04|true
5662081|8650|94606.59|1992-01-04|true
5663938|73187|186284.43|1992-01-04|true
5685700|116806|47294.99|1992-01-04|true
5695205|15335|193979.75|1992-01-04|true
5696068|106867|300231.97|1992-01-04|true
5701316|1897|55643.70|1992-01-04|true
5704646|62183|33758.69|1992-01-04|true
5706727|111296|74400.48|1992-01-04|true
5712675|72859|201641.99|1992-01-04|true
5724485|11729|34391.22|1992-01-04|true
5727264|123623|33142.23|1992-01-04|true
5735557|133702|305341.10|1992-01-04|true
5740006|622|164906.42|1992-01-04|true
5751175|87911|192698.20|1992-01-04|true
5760903|30401|178821.35|1992-01-04|true
5770498|67831|279514.89|1992-01-04|true
5770823|8638|179557.80|1992-01-04|true
5818054|27670|67981.95|1992-01-04|true
5821959|39073|83282.57|1992-01-04|true
5828646|117403|185204.67|1992-01-04|true
5843845|112934|74046.68|1992-01-04|true
5846277|55172|8918.76|1992-01-04|true
5886181|138208|143860.30|1992-01-04|true
5892643|78919|282200.95|1992-01-04|true
5893634|74306|113883.79|1992-01-04|true
5895459|67813|217692.59|1992-01-04|true
5897988|46162|136393.15|1992-01-04|true
5899303|142558|107553.59|1992-01-04|true
5911207|54245|151313.80|1992-01-04|true
5921092|74398|180563.24|1992-01-04|true
5925856|45196|30199.24|1992-01-04|true
5937761|24452|287706.39|1992-01-04|true
5941986|39511|82415.90|1992-01-04|true
5946535|25906|304022.65|1992-01-04|true
5949506|41632|98082.90|1992-01-04|true
5958656|7067|101884.52|1992-01-04|true
5969347|73900|94864.44|1992-01-04|true
5975425|40549|168830.99|1992-01-04|true
5978432|125437|117687.48|1992-01-04|true
27137|54109|-30146.03|1992-01-04|false
156868|122170|-14117.67|1992-01-04|false
159266|99056|-7613.85|1992-01-04|false
301446|90461|-58264.39|1992-01-04|false
434081|91493|-27280.70|1992-01-04|false
962880|67073|-32416.99|1992-01-04|false
964006|9118|-24985.04|1992-01-04|false
1038022|67475|-56487.94|1992-01-04|false
1149701|64256|-47966.63|1992-01-04|false
1353862|114863|-69685.07|1992-01-04|false
1391589|142228|-53484.36|1992-01-04|false
1613283|71921|-1174.30|1992-01-04|false
1639335|132481|-41063.37|1992-01-04|false
1702119|57782|-23367.91|1992-01-04|false
1752322|2797|-26794.75|1992-01-04|false
1766178|53575|-28831.36|1992-01-04|false
1844384|86669|-74664.65|1992-01-04|false
2132197|99581|-50781.90|1992-01-04|false
2366981|13070|-30005.62|1992-01-04|false
2471044|131354|-22474.38|1992-01-04|false
2471044|131354|-49454.02|1992-01-04|false
2794663|33809|-1482.09|1992-01-04|false
2805793|136094|-5729.80|1992-01-04|false
2860608|140722|-37026.50|1992-01-04|false
3185924|19739|-3424.44|1992-01-04|false
3359937|65270|-9775.96|1992-01-04|false
3363171|50245|-22636.75|1992-01-04|false
3442340|79849|-1861.10|1992-01-04|false
3850144|110240|-30595.88|1992-01-04|false
4144544|73585|-13030.32|1992-01-04|false
4188099|93377|-28792.85|1992-01-04|false
4188099|93377|-59490.42|1992-01-04|false
4286211|91553|-50527.58|1992-01-04|false
4373831|103855|-16346.47|1992-01-04|false
4423809|38768|-60676.39|1992-01-04|false
4664516|110314|-24465.96|1992-01-04|false
4757376|131287|-48321.34|1992-01-04|false
4792835|43363|-22074.13|1992-01-04|false
4811617|143050|-72402.71|1992-01-04|false
5166914|104174|-44360.91|1992-01-04|false
5216263|101584|-14080.95|1992-01-04|false
5266851|118991|-52904.23|1992-01-04|false
5309959|125660|-71025.53|1992-01-04|false
5370114|96938|-26402.78|1992-01-04|false
5551524|76079|-38286.16|1992-01-04|false
5775681|133768|-48636.01|1992-01-04|false
5809475|64201|-6387.48|1992-01-04|false
6278|33628|150431.16|1992-01-05|true
7107|90740|237214.38|1992-01-05|true
16064|1795|136625.21|1992-01-05|true
31555|67816|86450.68|1992-01-05|true
39619|34699|115964.04|1992-01-05|true
44646|139930|109709.30|1992-01-05|true
55011|83203|215766.66|1992-01-05|true
69632|117508|359681.66|1992-01-05|true
74215|5869|48650.34|1992-01-05|true
81794|108908|250496.38|1992-01-05|true
104768|6617|155921.82|1992-01-05|true
106371|61393|84608.30|1992-01-05|true
117191|87935|197283.91|1992-01-05|true
125989|119615|231453.14|1992-01-05|true
149441|26956|150361.24|1992-01-05|true
160546|92632|55015.49|1992-01-05|true
161347|69076|15179.76|1992-01-05|true
163943|108902|44962.43|1992-01-05|true
164451|48301|158122.92|1992-01-05|true
165410|131273|114189.51|1992-01-05|true
173188|53179|141835.73|1992-01-05|true
181767|67850|73140.29|1992-01-05|true
183015|84350|82272.70|1992-01-05|true
186048|67382|149247.03|1992-01-05|true
191521|96601|341273.84|1992-01-05|true
196480|58612|240354.71|1992-01-05|true
198817|147128|111290.90|1992-01-05|true
227620|127576|94997.96|1992-01-05|true
234022|106309|171711.65|1992-01-05|true
259751|87802|49821.44|1992-01-05|true
260935|58028|42712.79|1992-01-05|true
274656|97423|111140.89|1992-01-05|true
282725|3988|176104.81|1992-01-05|true
284294|115408|197278.10|1992-01-05|true
290240|15590|170580.18|1992-01-05|true
292964|33425|154617.40|1992-01-05|true
312038|115762|146765.98|1992-01-05|true
329699|88792|106884.94|1992-01-05|true
335303|71983|134757.70|1992-01-05|true
341063|41221|45750.53|1992-01-05|true
350528|124201|239767.94|1992-01-05|true
377124|136015|311509.07|1992-01-05|true
404480|109|70036.38|1992-01-05|true
404963|98306|250768.50|1992-01-05|true
416230|17537|43020.22|1992-01-05|true
419175|77101|210705.65|1992-01-05|true
425952|88603|290279.06|1992-01-05|true
426881|135922|235529.37|1992-01-05|true
445729|1525|129464.25|1992-01-05|true
449862|146222|98646.61|1992-01-05|true
460706|71660|162263.95|1992-01-05|true
464294|107330|240748.62|1992-01-05|true
492611|85319|37045.44|1992-01-05|true
492711|83609|192304.80|1992-01-05|true
492998|131911|160149.49|1992-01-05|true
510272|114958|153904.92|1992-01-05|true
511846|43357|72081.06|1992-01-05|true
520480|116957|230810.58|1992-01-05|true
525668|10261|131442.11|1992-01-05|true
530500|120562|175793.25|1992-01-05|true
547329|130301|207876.29|1992-01-05|true
553924|114542|35156.33|1992-01-05|true
572708|141527|102523.82|1992-01-05|true
583171|149860|56559.83|1992-01-05|true
586500|114620|130990.48|1992-01-05|true
597607|30919|276622.70|1992-01-05|true
601573|19460|104346.67|1992-01-05|true
603111|138074|176744.36|1992-01-05|true
606755|9031|65050.11|1992-01-05|true
615172|129634|59453.78|1992-01-05|true
625255|83218|89531.46|1992-01-05|true
627906|21877|130681.85|1992-01-05|true
628805|46247|80491.54|1992-01-05|true
652386|48706|111827.27|1992-01-05|true
662019|37609|242181.62|1992-01-05|true
666530|82330|62222.13|1992-01-05|true
674884|71557|239610.19|1992-01-05|true
682081|137611|11497.29|1992-01-05|true
689733|45754|224564.78|1992-01-05|true
700258|45493|156369.90|1992-01-05|true
730311|1370|344584.18|1992-01-05|true
743910|147859|85196.80|1992-01-05|true
768614|96230|107012.94|1992-01-05|true
770532|145522|162643.00|1992-01-05|true
788320|994|175553.05|1992-01-05|true
803106|59587|110909.69|1992-01-05|true
804486|54853|219063.80|1992-01-05|true
806051|47924|68769.06|1992-01-05|true
806596|76516|51098.76|1992-01-05|true
810436|110290|203238.56|1992-01-05|true
815681|92470|239623.98|1992-01-05|true
834374|20233|94713.58|1992-01-05|true
848354|10592|31345.19|1992-01-05|true
864551|23857|172537.76|1992-01-05|true
875617|149986|127071.42|1992-01-05|true
898945|81643|66282.70|1992-01-05|true
906819|56444|11666.53|1992-01-05|true
913024|2620|289246.17|1992-01-05|true
914662|61063|107978.88|1992-01-05|true
924064|46219|251283.07|1992-01-05|true
938721|62048|344587.14|1992-01-05|true
961248|70240|273281.97|1992-01-05|true
968775|10672|232120.71|1992-01-05|true
969571|73351|135096.85|1992-01-05|true
977638|144536|39213.34|1992-01-05|true
979716|109090|104523.67|1992-01-05|true
989473|127810|195577.36|1992-01-05|true
1020390|1681|139911.82|1992-01-05|true
1029702|41861|48457.25|1992-01-05|true
1044160|96827|182989.29|1992-01-05|true
1061444|89803|177084.23|1992-01-05|true
1064611|58252|20235.14|1992-01-05|true
1066817|102022|139269.24|1992-01-05|true
1079812|141250|111915.83|1992-01-05|true
1116708|77120|182291.87|1992-01-05|true
1144071|57682|129248.87|1992-01-05|true
1146309|15437|32312.46|1992-01-05|true
1152231|127213|209481.85|1992-01-05|true
1171716|142108|153135.11|1992-01-05|true
1176707|126844|138536.47|1992-01-05|true
1196001|94619|155477.39|1992-01-05|true
1207616|48157|4689.21|1992-01-05|true
1208550|123098|67741.95|1992-01-05|true
1216038|106507|144823.92|1992-01-05|true
1221507|57104|92233.24|1992-01-05|true
1228294|79105|45983.09|1992-01-05|true
1259426|69007|264182.99|1992-01-05|true
1273735|55126|4580.69|1992-01-05|true
1273957|45047|236755.40|1992-01-05|true
1277602|65824|310171.56|1992-01-05|true
1309090|39005|33459.37|1992-01-05|true
1315777|57988|25619.10|1992-01-05|true
1327687|45812|62837.50|1992-01-05|true
1329092|146249|324648.97|1992-01-05|true
1332615|125885|26530.56|1992-01-05|true
1337377|86596|215764.80|1992-01-05|true
1340833|125131|143581.72|1992-01-05|true
1348801|13162|194698.33|1992-01-05|true
1351683|90076|74068.45|1992-01-05|true
1354817|103738|48312.66|1992-01-05|true
1390403|108304|31527.84|1992-01-05|true
1399013|6694|168058.29|1992-01-05|true
1400387|14518|70924.88|1992-01-05|true
1401346|101825|101807.80|1992-01-05|true
1426981|94595|143920.67|1992-01-05|true
1428803|118090|133307.81|1992-01-05|true
1434980|73780|156778.87|1992-01-05|true
1450595|74758|305510.39|1992-01-05|true
1461895|11068|174360.13|1992-01-05|true
1469959|115814|258640.12|1992-01-05|true
1482563|50339|211553.32|1992-01-05|true
1505570|132781|260291.76|1992-01-05|true
1525378|22888|88283.13|1992-01-05|true
1528868|100502|100311.49|1992-01-05|true
1547715|13507|282436.87|1992-01-05|true
1550113|63173|99134.34|1992-01-05|true
1552866|73702|41025.72|1992-01-05|true
1561058|70652|303175.14|1992-01-05|true
1562662|17320|178113.62|1992-01-05|true
1579236|66586|139111.22|1992-01-05|true
1580481|136349|52869.78|1992-01-05|true
1592708|13802|192506.47|1992-01-05|true
1594144|138619|202332.46|1992-01-05|true
1598980|4976|88746.74|1992-01-05|true
1607749|110986|115435.52|1992-01-05|true
1608801|116495|223089.21|1992-01-05|true
1628355|88102|275799.87|1992-01-05|true
1635427|113597|124064.34|1992-01-05|true
1640711|10688|159505.23|1992-01-05|true
1646759|16762|112568.20|1992-01-05|true
1649414|53827|187535.66|1992-01-05|true
1657826|124255|57999.73|1992-01-05|true
1666567|15202|184613.72|1992-01-05|true
1680772|17593|247827.28|1992-01-05|true
1701667|124786|133771.20|1992-01-05|true
1731171|33877|89593.03|1992-01-05|true
1751012|42259|221745.58|1992-01-05|true
1752321|33889|112592.63|1992-01-05|true
1756128|30518|207031.41|1992-01-05|true
1775138|26365|61322.63|1992-01-05|true
1777632|97901|128616.58|1992-01-05|true
1796551|78223|287960.67|1992-01-05|true
1803490|18755|72104.78|1992-01-05|true
1803713|134273|32677.91|1992-01-05|true
1836644|12835|322364.66|1992-01-05|true
1836869|98062|130989.53|1992-01-05|true
1840710|147706|117685.47|1992-01-05|true
1855139|23209|94207.12|1992-01-05|true
1873092|50254|131370.76|1992-01-05|true
1882307|144721|155563.82|1992-01-05|true
1889445|127957|167070.66|1992-01-05|true
1895814|113153|239353.27|1992-01-05|true
1896193|20392|231535.13|1992-01-05|true
1897764|78118|216334.89|1992-01-05|true
1903302|12947|332827.59|1992-01-05|true
1908741|62590|200286.17|1992-01-05|true
1915010|48694|206735.36|1992-01-05|true
1917699|122482|134274.80|1992-01-05|true
1918211|26603|65699.98|1992-01-05|true
1928260|7492|22696.31|1992-01-05|true
1929511|8287|215555.50|1992-01-05|true
1933026|123460|227533.32|1992-01-05|true
1938240|5030|71236.98|1992-01-05|true
1965798|80705|150943.56|1992-01-05|true
1968835|55424|272684.65|1992-01-05|true
1978881|83236|246886.24|1992-01-05|true
1981536|10070|120668.54|1992-01-05|true
1982021|106352|63813.94|1992-01-05|true
1995845|73336|152224.05|1992-01-05|true
2014695|66763|280964.49|1992-01-05|true
2019109|116935|185573.27|1992-01-05|true
2020134|121867|197475.32|1992-01-05|true
2030599|92170|21179.48|1992-01-05|true
2043459|9707|98247.44|1992-01-05|true
2043521|61792|218107.78|1992-01-05|true
2047590|115726|60212.38|1992-01-05|true
2049414|71311|127892.16|1992-01-05|true
2050406|106871|293379.41|1992-01-05|true
2053088|63982|151818.96|1992-01-05|true
2054818|57938|14342.13|1992-01-05|true
2090725|100439|203446.66|1992-01-05|true
2093282|100828|203342.19|1992-01-05|true
2094371|14246|240096.19|1992-01-05|true
2095460|142081|185488.27|1992-01-05|true
2108838|136480|223581.03|1992-01-05|true
2112897|110746|292535.91|1992-01-05|true
2115492|31757|38891.10|1992-01-05|true
2119460|46310|250386.90|1992-01-05|true
2130789|141301|76861.17|1992-01-05|true
2135042|80869|145590.28|1992-01-05|true
2139525|127793|165828.74|1992-01-05|true
2149798|49681|145572.35|1992-01-05|true
2171687|87746|140574.28|1992-01-05|true
2172320|61366|97034.52|1992-01-05|true
2184035|98144|141874.68|1992-01-05|true
2212192|116240|166421.54|1992-01-05|true
2221921|1783|222800.69|1992-01-05|true
2237669|74108|79503.27|1992-01-05|true
2247139|97490|233156.11|1992-01-05|true
2247619|115102|64586.77|1992-01-05|true
2281159|61208|210098.41|1992-01-05|true
2281543|13762|143660.71|1992-01-05|true
2293699|46013|217122.79|1992-01-05|true
2301927|122923|156649.13|1992-01-05|true
2313796|96433|169545.37|1992-01-05|true
2314432|132661|266659.68|1992-01-05|true
2316356|71683|51927.12|1992-01-05|true
2319558|56164|249216.77|1992-01-05|true
2347143|39292|74828.94|1992-01-05|true
2353251|33248|115490.76|1992-01-05|true
2358787|145562|101573.01|1992-01-05|true
2364677|5506|244215.06|1992-01-05|true
2366850|148207|241533.21|1992-01-05|true
2370918|98947|146841.92|1992-01-05|true
2371206|66239|156113.66|1992-01-05|true
2387426|115070|189798.47|1992-01-05|true
2387718|76427|94715.10|1992-01-05|true
2397634|104639|3000.19|1992-01-05|true
2417575|65632|18782.48|1992-01-05|true
2420545|117260|201349.14|1992-01-05|true
2421283|52513|92331.63|1992-01-05|true
2427425|53053|147198.52|1992-01-05|true
2432323|30131|66899.07|1992-01-05|true
2438694|112405|293162.90|1992-01-05|true
2439495|126017|139995.37|1992-01-05|true
2439589|133519|70159.19|1992-01-05|true
2460706|27736|148605.33|1992-01-05|true
2470950|139867|125729.84|1992-01-05|true
2473093|46405|254737.10|1992-01-05|true
2482247|116789|196966.10|1992-01-05|true
2484678|18857|102238.54|1992-01-05|true
2500387|85474|164314.33|1992-01-05|true
2500514|136969|78959.31|1992-01-05|true
2508737|96466|165807.24|1992-01-05|true
2511009|24619|68706.39|1992-01-05|true
2517122|139547|129478.22|1992-01-05|true
2527457|64451|173426.37|1992-01-05|true
2539943|115909|219669.40|1992-01-05|true
2544068|146984|224389.12|1992-01-05|true
2544998|67840|63530.16|1992-01-05|true
2552033|93508|91331.99|1992-01-05|true
2553126|17957|195849.33|1992-01-05|true
2559044|88954|229192.07|1992-01-05|true
2559425|5732|140717.34|1992-01-05|true
2561159|141301|74880.91|1992-01-05|true
2571169|99583|129905.84|1992-01-05|true
2587111|114632|33954.58|1992-01-05|true
2592130|83066|27169.71|1992-01-05|true
2594279|52175|53733.87|1992-01-05|true
2615361|58225|96202.69|1992-01-05|true
2617732|109240|117835.02|1992-01-05|true
2631682|136610|166861.72|1992-01-05|true
2632805|38036|128655.38|1992-01-05|true
2634212|25238|280337.42|1992-01-05|true
2644451|59155|72014.41|1992-01-05|true
2653925|86506|248021.07|1992-01-05|true
2658884|65764|227667.88|1992-01-05|true
2668994|74621|221527.87|1992-01-05|true
2713031|26003|190072.91|1992-01-05|true
2715140|18538|333481.13|1992-01-05|true
2727042|49192|35722.32|1992-01-05|true
2731969|89173|113712.47|1992-01-05|true
2739235|81437|144100.72|1992-01-05|true
2745669|132322|123094.02|1992-01-05|true
2755200|7156|37189.02|1992-01-05|true
2759396|47263|158260.35|1992-01-05|true
2761889|43292|46645.32|1992-01-05|true
2764641|44620|234558.28|1992-01-05|true
2779141|114817|145601.72|1992-01-05|true
2780643|52576|152643.99|1992-01-05|true
2786209|99737|107454.71|1992-01-05|true
2786212|123118|39389.82|1992-01-05|true
2798725|48404|50103.39|1992-01-05|true
2804451|64793|272012.75|1992-01-05|true
2822498|58297|105429.57|1992-01-05|true
2828037|135631|126076.79|1992-01-05|true
2830279|40603|258409.76|1992-01-05|true
2830695|36658|181828.04|1992-01-05|true
2837860|148954|91730.68|1992-01-05|true
2859170|29945|120056.90|1992-01-05|true
2865473|45280|210595.92|1992-01-05|true
2872868|61424|113562.70|1992-01-05|true
2895904|21202|208201.22|1992-01-05|true
2912262|77515|70395.56|1992-01-05|true
2951520|52540|211593.76|1992-01-05|true
2952357|98419|100282.73|1992-01-05|true
2954179|95900|158656.28|1992-01-05|true
2955045|121429|81220.30|1992-01-05|true
2981223|100775|54761.96|1992-01-05|true
2993313|107131|12890.99|1992-01-05|true
2995104|71257|197933.38|1992-01-05|true
3005155|30517|251963.97|1992-01-05|true
3014915|37186|9992.95|1992-01-05|true
3020867|121172|149089.47|1992-01-05|true
3031591|104059|88207.01|1992-01-05|true
3039558|94948|227190.71|1992-01-05|true
3056960|2500|81584.11|1992-01-05|true
3057953|88315|161691.43|1992-01-05|true
3058243|59893|267757.45|1992-01-05|true
3060545|5957|66150.14|1992-01-05|true
3061189|44360|194136.52|1992-01-05|true
3120294|114268|71679.95|1992-01-05|true
3121895|25214|193617.93|1992-01-05|true
3152352|117797|55144.71|1992-01-05|true
3160135|63124|39617.89|1992-01-05|true
3162021|102943|195818.53|1992-01-05|true
3194214|17785|36799.55|1992-01-05|true
3196548|102119|360143.46|1992-01-05|true
3199205|39298|127828.38|1992-01-05|true
3201731|830|298601.95|1992-01-05|true
3203397|57887|167707.98|1992-01-05|true
3213252|85894|13829.04|1992-01-05|true
3235201|59170|211097.51|1992-01-05|true
3288099|111928|188194.38|1992-01-05|true
3316385|54502|216136.02|1992-01-05|true
3323747|38701|118963.78|1992-01-05|true
3325857|51601|202057.93|1992-01-05|true
3336999|19538|204992.93|1992-01-05|true
3355395|148096|165548.57|1992-01-05|true
3362624|79528|161831.23|1992-01-05|true
3363266|116563|82439.62|1992-01-05|true
3384292|1159|178408.04|1992-01-05|true
3384870|145181|231305.34|1992-01-05|true
3391749|84466|28676.28|1992-01-05|true
3394022|137770|118258.56|1992-01-05|true
3400706|115069|302881.29|1992-01-05|true
3407717|122722|170116.98|1992-01-05|true
3416199|89062|166481.15|1992-01-05|true
3417639|42934|193926.83|1992-01-05|true
3443750|69857|131342.75|1992-01-05|true
3456581|149473|171053.01|1992-01-05|true
3456641|48494|75605.54|1992-01-05|true
3457478|130358|111155.40|1992-01-05|true
3465280|117269|59101.47|1992-01-05|true
3474663|128842|120663.22|1992-01-05|true
3490372|121775|146924.31|1992-01-05|true
3499203|90253|135894.82|1992-01-05|true
3526688|113228|48485.61|1992-01-05|true
3547427|66800|261771.75|1992-01-05|true
3565378|65029|30343.90|1992-01-05|true
3571265|28279|253744.34|1992-01-05|true
3573605|6268|188337.96|1992-01-05|true
3576358|97028|219550.47|1992-01-05|true
3586917|62045|124114.35|1992-01-05|true
3596929|73745|192454.14|1992-01-05|true
3601282|141875|75381.72|1992-01-05|true
3606630|23876|48536.61|1992-01-05|true
3607040|38203|37088.66|1992-01-05|true
3607650|71362|249065.00|1992-01-05|true
3608487|114016|163625.79|1992-01-05|true
3615907|78841|221874.60|1992-01-05|true
3622055|22825|57551.08|1992-01-05|true
3622375|7325|204352.91|1992-01-05|true
3625156|47318|10701.24|1992-01-05|true
3633827|137878|142062.38|1992-01-05|true
3643680|123635|135574.41|1992-01-05|true
3648039|47050|17845.22|1992-01-05|true
3662084|66320|42290.43|1992-01-05|true
3665792|3281|278451.13|1992-01-05|true
3667907|119611|153216.04|1992-01-05|true
3671556|97735|233266.67|1992-01-05|true
3728038|104326|212000.25|1992-01-05|true
3728294|28873|33847.96|1992-01-05|true
3729089|126760|254277.74|1992-01-05|true
3730662|90469|249031.12|1992-01-05|true
3740353|87502|36721.90|1992-01-05|true
3756192|113317|184933.93|1992-01-05|true
3761314|44369|33669.28|1992-01-05|true
3763584|102566|19184.32|1992-01-05|true
3772869|21073|47784.24|1992-01-05|true
3780900|9382|24243.03|1992-01-05|true
3797633|100633|94575.46|1992-01-05|true
3805698|122671|117414.09|1992-01-05|true
3805763|56486|36260.59|1992-01-05|true
3806082|50824|154244.29|1992-01-05|true
3811074|115108|105392.88|1992-01-05|true
3821830|95308|237450.96|1992-01-05|true
3827075|137482|270223.65|1992-01-05|true
3827684|124940|277422.76|1992-01-05|true
3830720|61390|10840.93|1992-01-05|true
3839365|91510|207059.93|1992-01-05|true
3845122|88216|18605.64|1992-01-05|true
3845440|76303|53624.99|1992-01-05|true
3846400|21292|184922.30|1992-01-05|true
3848102|284|59938.15|1992-01-05|true
3857637|114562|62678.41|1992-01-05|true
3863621|136709|71402.92|1992-01-05|true
3866496|39068|334597.74|1992-01-05|true
3872262|63035|333804.51|1992-01-05|true
3873573|146420|143698.74|1992-01-05|true
3885153|95596|346727.32|1992-01-05|true
3888742|98893|94532.81|1992-01-05|true
3901703|15094|99565.12|1992-01-05|true
3905891|128248|294459.84|1992-01-05|true
3923268|102542|303908.66|1992-01-05|true
3924740|26887|109448.42|1992-01-05|true
3925698|11575|201171.58|1992-01-05|true
3928259|10895|124458.68|1992-01-05|true
3991296|102437|110272.20|1992-01-05|true
3993831|16801|210586.50|1992-01-05|true
4003360|126362|227722.66|1992-01-05|true
4006625|19657|225853.49|1992-01-05|true
4009060|148787|180447.13|1992-01-05|true
4023264|83423|70535.22|1992-01-05|true
4053059|989|182159.99|1992-01-05|true
4067910|8386|148594.86|1992-01-05|true
4072292|20947|62713.86|1992-01-05|true
4072389|91645|195294.54|1992-01-05|true
4085088|6043|65115.72|1992-01-05|true
4087936|35749|37667.99|1992-01-05|true
4101159|51562|68394.92|1992-01-05|true
4110823|128239|8863.19|1992-01-05|true
4112519|125687|215543.26|1992-01-05|true
4127872|127112|238939.23|1992-01-05|true
4147651|47602|49388.30|1992-01-05|true
4185124|127886|170184.59|1992-01-05|true
4192864|7453|135406.63|1992-01-05|true
4196771|92755|183293.76|1992-01-05|true
4217989|141196|191169.22|1992-01-05|true
4222822|62216|88750.73|1992-01-05|true
4267300|149053|87093.73|1992-01-05|true
4267394|29738|108318.17|1992-01-05|true
4272804|58423|196512.59|1992-01-05|true
4273856|109831|333701.06|1992-01-05|true
4278822|43303|107342.80|1992-01-05|true
4280386|108466|372934.25|1992-01-05|true
4297408|131089|297382.63|1992-01-05|true
4307110|99832|250624.50|1992-01-05|true
4315746|34603|80935.21|1992-01-05|true
4320839|107590|11547.68|1992-01-05|true
4337315|96829|114361.40|1992-01-05|true
4340320|130138|280499.00|1992-01-05|true
4340615|96034|287708.35|1992-01-05|true
4345473|61670|84083.45|1992-01-05|true
4352646|84565|68169.86|1992-01-05|true
4356418|102484|91256.44|1992-01-05|true
4370630|19465|109597.39|1992-01-05|true
4374915|16235|130961.95|1992-01-05|true
4397795|121129|177874.90|1992-01-05|true
4406915|4180|136518.99|1992-01-05|true
4414885|137527|233981.13|1992-01-05|true
4418496|9679|145728.48|1992-01-05|true
4420100|40411|88268.07|1992-01-05|true
4426246|121231|174535.83|1992-01-05|true
4437187|29848|121300.01|1992-01-05|true
4448551|21562|275729.12|1992-01-05|true
4452006|15788|47663.21|1992-01-05|true
4456449|40288|167864.37|1992-01-05|true
4456547|35135|227962.53|1992-01-05|true
4477477|56056|239866.64|1992-01-05|true
4477794|18245|18351.93|1992-01-05|true
4489345|49297|158087.23|1992-01-05|true
4501440|39151|30481.90|1992-01-05|true
4506438|88444|113176.07|1992-01-05|true
4520964|99523|118793.92|1992-01-05|true
4524324|127543|337888.74|1992-01-05|true
4542336|49928|210093.46|1992-01-05|true
4542337|26404|176796.52|1992-01-05|true
4560865|116131|146307.89|1992-01-05|true
4564612|97417|5738.83|1992-01-05|true
4574820|42838|96017.32|1992-01-05|true
4585121|60569|223692.86|1992-01-05|true
4590245|20398|251903.88|1992-01-05|true
4590464|67906|174078.64|1992-01-05|true
4626720|53296|5432.80|1992-01-05|true
4648033|149170|83871.76|1992-01-05|true
4654850|117643|125548.85|1992-01-05|true
4664611|37951|219598.23|1992-01-05|true
4701888|76439|278041.01|1992-01-05|true
4711655|121433|213090.31|1992-01-05|true
4712934|127912|96465.57|1992-01-05|true
4717764|407|194304.08|1992-01-05|true
4722785|21658|133232.30|1992-01-05|true
4736545|117140|60763.07|1992-01-05|true
4736836|118900|29762.27|1992-01-05|true
4741863|106504|165905.18|1992-01-05|true
4748065|71260|247174.07|1992-01-05|true
4760929|23023|224516.00|1992-01-05|true
4782880|29584|141423.81|1992-01-05|true
4783237|59006|247534.97|1992-01-05|true
4796390|13423|198632.30|1992-01-05|true
4807650|144262|114381.57|1992-01-05|true
4824646|142210|51907.01|1992-01-05|true
4839233|72532|224258.53|1992-01-05|true
4840992|124306|273291.85|1992-01-05|true
4846721|28963|97388.46|1992-01-05|true
4847457|147316|195335.26|1992-01-05|true
4849571|112766|222045.89|1992-01-05|true
4860514|22762|64028.26|1992-01-05|true
4887523|98842|296127.06|1992-01-05|true
4911936|102976|303780.18|1992-01-05|true
4915680|6406|42531.37|1992-01-05|true
4930690|71113|106896.26|1992-01-05|true
4951393|19544|191272.66|1992-01-05|true
4959424|127984|239181.41|1992-01-05|true
4965991|28142|134834.10|1992-01-05|true
4979879|57181|51136.47|1992-01-05|true
5014275|35122|133908.08|1992-01-05|true
5021190|45188|283994.85|1992-01-05|true
5024547|145576|231892.13|1992-01-05|true
5030977|5270|219743.36|1992-01-05|true
5061248|142888|221441.42|1992-01-05|true
5066150|38386|193926.16|1992-01-05|true
5071907|134996|157209.22|1992-01-05|true
5077761|63262|129712.30|1992-01-05|true
5078630|49963|52841.30|1992-01-05|true
5080513|11576|229019.71|1992-01-05|true
5087202|118820|165528.30|1992-01-05|true
5106823|83714|212776.22|1992-01-05|true
5111623|58636|89833.38|1992-01-05|true
5113349|107302|70574.58|1992-01-05|true
5121824|134764|58796.94|1992-01-05|true
5131137|96394|217756.48|1992-01-05|true
5133408|56677|175351.94|1992-01-05|true
5139778|93199|175489.08|1992-01-05|true
5147938|45356|71546.97|1992-01-05|true
5148261|50539|116466.10|1992-01-05|true
5167079|7018|233444.77|1992-01-05|true
5193636|124456|15873.76|1992-01-05|true
5202918|68651|199928.09|1992-01-05|true
5204166|54211|171602.15|1992-01-05|true
5207296|51637|175990.66|1992-01-05|true
5241735|141058|188356.99|1992-01-05|true
5253607|124114|135922.45|1992-01-05|true
5258113|69164|114725.44|1992-01-05|true
5266471|38903|32228.95|1992-01-05|true
5268967|21491|60907.46|1992-01-05|true
5270241|46915|155963.03|1992-01-05|true
5271335|67591|181324.83|1992-01-05|true
5281763|124009|83634.71|1992-01-05|true
5292135|146216|117975.22|1992-01-05|true
5304195|83101|146282.12|1992-01-05|true
5312517|4324|266386.01|1992-01-05|true
5315138|107596|81023.00|1992-01-05|true
5320448|52300|10200.25|1992-01-05|true
5322370|91850|296865.78|1992-01-05|true
5332961|69916|227162.85|1992-01-05|true
5345765|22118|180343.63|1992-01-05|true
5360064|130943|38367.03|1992-01-05|true
5368768|24070|307495.56|1992-01-05|true
5369636|91060|36352.89|1992-01-05|true
5372963|65341|66342.39|1992-01-05|true
5379970|58306|258285.71|1992-01-05|true
5391713|54754|58942.01|1992-01-05|true
5393735|37127|2739.93|1992-01-05|true
5402852|57436|95547.08|1992-01-05|true
5403873|70412|225924.94|1992-01-05|true
5413989|73351|263985.98|1992-01-05|true
5416006|29188|102644.45|1992-01-05|true
5424866|9925|147755.37|1992-01-05|true
5424901|84401|344763.79|1992-01-05|true
5426948|28513|67612.04|1992-01-05|true
5486663|72046|218943.69|1992-01-05|true
5494246|23692|190737.04|1992-01-05|true
5510403|82378|224779.15|1992-01-05|true
5517349|98711|372502.21|1992-01-05|true
5518850|34823|34596.74|1992-01-05|true
5518949|91753|115249.42|1992-01-05|true
5527652|139402|84167.34|1992-01-05|true
5527844|73651|170287.70|1992-01-05|true
5536998|62849|170566.89|1992-01-05|true
5537184|99641|262947.86|1992-01-05|true
5551904|19751|310012.11|1992-01-05|true
5568225|17953|75535.49|1992-01-05|true
5570212|32081|186387.72|1992-01-05|true
5589635|68443|36985.10|1992-01-05|true
5598467|58094|149558.74|1992-01-05|true
5601159|86963|66047.34|1992-01-05|true
5610051|55141|155936.57|1992-01-05|true
5626497|39425|170150.60|1992-01-05|true
5639360|57728|128005.68|1992-01-05|true
5650821|43333|270470.64|1992-01-05|true
5658309|83881|172745.17|1992-01-05|true
5659621|133318|229390.76|1992-01-05|true
5661665|100781|210442.70|1992-01-05|true
5663366|34243|65463.22|1992-01-05|true
5672320|39962|24081.77|1992-01-05|true
5688263|23794|122977.78|1992-01-05|true
5692993|55792|103077.22|1992-01-05|true
5711232|32155|217531.25|1992-01-05|true
5722432|79118|158582.69|1992-01-05|true
5727205|89653|234593.81|1992-01-05|true
5754439|115426|133238.09|1992-01-05|true
5777666|17128|248099.29|1992-01-05|true
5788193|45148|189946.81|1992-01-05|true
5788578|91162|69808.43|1992-01-05|true
5792772|40429|77211.78|1992-01-05|true
5800519|47212|7307.66|1992-01-05|true
5815334|79960|122246.06|1992-01-05|true
5826245|60832|86643.32|1992-01-05|true
5856935|139447|130524.02|1992-01-05|true
5862882|10172|89752.34|1992-01-05|true
5863879|39292|240903.88|1992-01-05|true
5878306|101287|91590.03|1992-01-05|true
5886114|135787|209321.69|1992-01-05|true
5893479|137179|85902.80|1992-01-05|true
5909952|97633|177014.50|1992-01-05|true
5927553|30889|225356.19|1992-01-05|true
5940837|141499|279283.25|1992-01-05|true
5979399|52163|113962.05|1992-01-05|true
5990950|37315|133283.44|1992-01-05|true
139655|25249|-5956.40|1992-01-05|false
152805|27481|-21541.25|1992-01-05|false
176768|112850|-58086.81|1992-01-05|false
555654|108028|-26199.24|1992-01-05|false
605250|97222|-34362.34|1992-01-05|false
605250|97222|-58240.02|1992-01-05|false
767942|30511|-46604.64|1992-01-05|false
795073|83155|-40522.67|1992-01-05|false
1023363|35617|-47938.07|1992-01-05|false
1182946|60281|-17185.44|1992-01-05|false
1234148|133264|-76525.77|1992-01-05|false
1298054|125599|-45150.86|1992-01-05|false
1306948|145555|-31240.50|1992-01-05|false
1314020|103994|-14285.66|1992-01-05|false
1350337|50347|-44717.84|1992-01-05|false
1417734|115865|-43369.35|1992-01-05|false
1480390|69355|-58192.63|1992-01-05|false
1600103|141073|-72711.73|1992-01-05|false
1656837|63331|-85380.00|1992-01-05|false
1844384|86669|-13746.16|1992-01-05|false
1847718|96772|-38486.03|1992-01-05|false
1867399|145306|-32108.29|1992-01-05|false
2149831|120614|-36766.14|1992-01-05|false
2229568|52738|-16001.11|1992-01-05|false
2391552|13075|-9033.43|1992-01-05|false
2559431|88238|-40436.00|1992-01-05|false
2670406|85558|-20482.28|1992-01-05|false
2703429|130114|-15272.20|1992-01-05|false
2752257|28763|-52903.77|1992-01-05|false
2820199|94726|-46972.18|1992-01-05|false
2840710|129176|-46809.89|1992-01-05|false
2894497|9715|-63816.98|1992-01-05|false
2941507|49078|-2643.37|1992-01-05|false
3059203|4469|-13189.82|1992-01-05|false
3230566|123032|-24896.46|1992-01-05|false
3395076|96577|-52244.67|1992-01-05|false
3478981|99004|-42451.99|1992-01-05|false
3552900|60383|-69414.66|1992-01-05|false
3557312|135091|-16617.98|1992-01-05|false
3595365|54697|-49936.01|1992-01-05|false
3616160|103969|-77731.44|1992-01-05|false
3741763|77041|-36128.58|1992-01-05|false
3868865|148138|-43938.42|1992-01-05|false
3873506|65182|-9211.65|1992-01-05|false
3907942|15382|-26078.02|1992-01-05|false
3999015|86416|-63061.04|1992-01-05|false
4094661|2992|-26555.06|1992-01-05|false
4103042|33775|-42038.68|1992-01-05|false
4136741|112453|-39560.20|1992-01-05|false
4153956|129010|-37598.39|1992-01-05|false
4243554|61618|-26336.76|1992-01-05|false
4286211|91553|-9215.20|1992-01-05|false
4341538|67771|-31150.15|1992-01-05|false
4408743|71710|-51738.21|1992-01-05|false
4772902|140249|-21382.83|1992-01-05|false
4831524|102653|-27046.31|1992-01-05|false
4945668|14452|-45337.60|1992-01-05|false
4970564|37028|-71430.92|1992-01-05|false
5194919|130447|-41626.58|1992-01-05|false
5295969|134638|-26747.00|1992-01-05|false
5341059|16036|-43058.47|1992-01-05|false
5354948|35740|-52628.22|1992-01-05|false
5390343|131869|-44892.78|1992-01-05|false
5426144|39275|-84121.12|1992-01-05|false
5427168|127463|-43106.04|1992-01-05|false
5451078|88994|-72528.49|1992-01-05|false
5485507|83875|-7841.44|1992-01-05|false
5587045|100163|-13270.49|1992-01-05|false
5651073|20338|-69408.39|1992-01-05|false
5695205|15335|-75015.38|1992-01-05|false
5724485|11729|-34391.22|1992-01-05|false
5740006|622|-6531.39|1992-01-05|false
5741383|23911|-31455.45|1992-01-05|false
5852743|48214|-78512.41|1992-01-05|false
5885061|119821|-67641.16|1992-01-05|false
5897092|97528|-23624.40|1992-01-05|false
5937761|24452|-61150.03|1992-01-05|false
4800|35170|115471.32|1992-01-06|true
5601|10915|164472.34|1992-01-06|true
10432|122957|172352.23|1992-01-06|true
13444|17533|329155.82|1992-01-06|true
16036|80684|278129.93|1992-01-06|true
18625|148795|280504.64|1992-01-06|true
25442|49870|132428.79|1992-01-06|true
52516|114901|172805.42|1992-01-06|true
52517|35842|111726.00|1992-01-06|true
72901|65920|63245.93|1992-01-06|true
84930|16250|33386.40|1992-01-06|true
87619|119188|46923.97|1992-01-06|true
103299|131062|28146.30|1992-01-06|true
104292|115267|167459.62|1992-01-06|true
130848|118621|257376.28|1992-01-06|true
152450|45587|35756.68|1992-01-06|true
164129|88036|74763.62|1992-01-06|true
180544|94901|122194.52|1992-01-06|true
180995|23584|35981.11|1992-01-06|true
189415|112018|217455.38|1992-01-06|true
196834|49459|82887.63|1992-01-06|true
234368|61882|130857.76|1992-01-06|true
234727|121949|221214.09|1992-01-06|true
242048|63920|234504.47|1992-01-06|true
246115|34537|105583.46|1992-01-06|true
260644|103583|154956.33|1992-01-06|true
261825|142765|101313.91|1992-01-06|true
272675|25498|189106.60|1992-01-06|true
280642|48343|225505.70|1992-01-06|true
289824|33911|86102.85|1992-01-06|true
289958|146380|190341.99|1992-01-06|true
292416|109948|159253.20|1992-01-06|true
308675|93911|341977.59|1992-01-06|true
334308|111197|29384.62|1992-01-06|true
341510|22459|273578.76|1992-01-06|true
342725|114247|209755.57|1992-01-06|true
352743|92705|226398.70|1992-01-06|true
395748|126332|1840.46|1992-01-06|true
403460|931|150034.16|1992-01-06|true
411684|126343|135512.22|1992-01-06|true
423299|83995|129456.83|1992-01-06|true
428289|1789|143439.37|1992-01-06|true
429285|66158|140779.41|1992-01-06|true
431552|7208|283117.30|1992-01-06|true
431715|54076|79726.82|1992-01-06|true
432165|115858|73213.40|1992-01-06|true
473409|45008|112014.41|1992-01-06|true
487427|79054|137939.14|1992-01-06|true
508070|102290|114233.24|1992-01-06|true
513377|33868|192396.53|1992-01-06|true
516256|93875|152350.82|1992-01-06|true
518690|92938|320640.20|1992-01-06|true
548294|107594|243912.26|1992-01-06|true
556130|39970|243140.82|1992-01-06|true
556742|13783|123463.65|1992-01-06|true
578533|58454|94993.99|1992-01-06|true
582368|94288|81504.83|1992-01-06|true
586212|109627|60306.95|1992-01-06|true
590150|41086|174423.75|1992-01-06|true
591271|29530|166897.66|1992-01-06|true
596679|135095|51264.11|1992-01-06|true
607137|129676|200259.48|1992-01-06|true
610022|40718|210370.66|1992-01-06|true
611779|47123|113546.27|1992-01-06|true
616770|18067|227534.96|1992-01-06|true
644513|142414|159779.10|1992-01-06|true
664262|112643|103981.24|1992-01-06|true
664609|38390|43186.00|1992-01-06|true
677254|48928|24474.18|1992-01-06|true
682662|45950|156793.70|1992-01-06|true
683271|118975|177811.74|1992-01-06|true
698275|65833|28724.14|1992-01-06|true
744549|105376|110623.59|1992-01-06|true
747654|66092|32718.85|1992-01-06|true
751616|128119|66680.78|1992-01-06|true
751874|91156|373035.64|1992-01-06|true
752642|124237|197106.94|1992-01-06|true
763877|75005|236160.67|1992-01-06|true
781603|35440|179385.71|1992-01-06|true
783462|72254|173256.85|1992-01-06|true
783840|29905|263924.67|1992-01-06|true
783906|101387|203293.63|1992-01-06|true
806533|55220|280423.10|1992-01-06|true
809125|142093|126342.38|1992-01-06|true
811015|126661|143974.33|1992-01-06|true
817440|15901|197734.93|1992-01-06|true
820418|85924|260217.99|1992-01-06|true
824292|14644|211377.93|1992-01-06|true
824423|129868|125012.03|1992-01-06|true
828000|59132|286685.70|1992-01-06|true
842851|94786|81075.67|1992-01-06|true
854212|80710|290765.88|1992-01-06|true
856294|70078|82329.10|1992-01-06|true
872995|47521|152167.84|1992-01-06|true
914087|2275|142254.82|1992-01-06|true
924804|94705|163836.78|1992-01-06|true
926626|98513|31587.55|1992-01-06|true
927045|51739|170671.20|1992-01-06|true
932933|114269|120582.17|1992-01-06|true
937447|51733|149025.24|1992-01-06|true
941157|103444|189849.99|1992-01-06|true
942022|110765|228345.95|1992-01-06|true
945152|125221|241457.74|1992-01-06|true
957953|146327|120662.91|1992-01-06|true
959360|118835|46791.19|1992-01-06|true
978113|14800|142154.71|1992-01-06|true
989697|37915|137036.85|1992-01-06|true
991526|102010|114048.31|1992-01-06|true
1010528|30221|129719.13|1992-01-06|true
1014631|148100|31638.70|1992-01-06|true
1021318|44468|139061.34|1992-01-06|true
1027171|45172|143910.61|1992-01-06|true
1032070|103112|100701.78|1992-01-06|true
1035554|132985|271268.62|1992-01-06|true
1046503|3986|112001.80|1992-01-06|true
1082275|82217|102998.12|1992-01-06|true
1082756|11948|72319.62|1992-01-06|true
1088967|41677|130678.85|1992-01-06|true
1106592|109849|108290.77|1992-01-06|true
1127073|126377|35918.51|1992-01-06|true
1133830|27937|144361.62|1992-01-06|true
1144164|82585|149875.82|1992-01-06|true
1144482|126676|120761.52|1992-01-06|true
1151427|48439|105526.88|1992-01-06|true
1158149|30628|194697.53|1992-01-06|true
1166567|67190|202676.63|1992-01-06|true
1180516|37201|246868.50|1992-01-06|true
1182690|148012|81017.68|1992-01-06|true
1183042|92281|65838.92|1992-01-06|true
1187239|118720|78206.92|1992-01-06|true
1189824|28627|86586.39|1992-01-06|true
1191874|5111|129587.36|1992-01-06|true
1196097|91517|99767.33|1992-01-06|true
1197827|114763|171022.44|1992-01-06|true
1200293|49828|321295.92|1992-01-06|true
1205223|73972|28830.62|1992-01-06|true
1233734|135047|220843.53|1992-01-06|true
1235840|63418|41537.50|1992-01-06|true
1248197|143018|161970.83|1992-01-06|true
1252225|92098|322802.14|1992-01-06|true
1259201|128257|144296.61|1992-01-06|true
1264993|107521|214185.16|1992-01-06|true
1280231|34519|16726.82|1992-01-06|true
1285956|15271|176210.05|1992-01-06|true
1310886|143791|23244.48|1992-01-06|true
1312770|90332|98154.19|1992-01-06|true
1339073|114086|36945.81|1992-01-06|true
1363431|35161|335501.51|1992-01-06|true
1368582|53578|70939.32|1992-01-06|true
1374497|52771|33264.11|1992-01-06|true
1378596|139540|221354.25|1992-01-06|true
1382336|119389|195285.09|1992-01-06|true
1396064|62689|50549.63|1992-01-06|true
1411681|81011|60416.08|1992-01-06|true
1412037|19840|270233.64|1992-01-06|true
1415203|88885|15457.08|1992-01-06|true
1417536|78598|184656.57|1992-01-06|true
1427461|44438|142949.52|1992-01-06|true
1428353|120703|156948.97|1992-01-06|true
1438656|19765|131760.84|1992-01-06|true
1443397|83660|30627.00|1992-01-06|true
1448197|14431|273701.20|1992-01-06|true
1452965|109282|94675.66|1992-01-06|true
1473792|32893|272224.80|1992-01-06|true
1476198|89035|42010.97|1992-01-06|true
1476832|30058|197548.47|1992-01-06|true
1480519|137437|132465.66|1992-01-06|true
1489094|13654|240652.50|1992-01-06|true
1490630|128764|357142.06|1992-01-06|true
1501281|81970|100683.92|1992-01-06|true
1508546|3475|138633.43|1992-01-06|true
1512999|13072|288850.78|1992-01-06|true
1516708|86102|227954.69|1992-01-06|true
1520003|126931|266286.96|1992-01-06|true
1520711|99427|49581.19|1992-01-06|true
1534790|9455|125712.72|1992-01-06|true
1538598|134345|247002.33|1992-01-06|true
1542374|10207|41838.44|1992-01-06|true
1557027|14446|55429.54|1992-01-06|true
1557376|114220|42299.75|1992-01-06|true
1573952|144845|43917.95|1992-01-06|true
1588672|11194|115586.03|1992-01-06|true
1593862|22036|173438.96|1992-01-06|true
1595622|146032|93052.37|1992-01-06|true
1597159|6304|119032.94|1992-01-06|true
1609157|130642|8072.32|1992-01-06|true
1610880|34000|29555.02|1992-01-06|true
1637504|4412|100284.00|1992-01-06|true
1641474|32383|248785.87|1992-01-06|true
1647014|47785|42540.80|1992-01-06|true
1658919|93130|194587.12|1992-01-06|true
1668871|77261|260019.59|1992-01-06|true
1689248|143710|157391.88|1992-01-06|true
1694915|136816|223466.45|1992-01-06|true
1698531|33109|244811.11|1992-01-06|true
1713284|116744|258476.84|1992-01-06|true
1749829|91537|156362.05|1992-01-06|true
1768224|5686|43894.37|1992-01-06|true
1793605|25921|98199.69|1992-01-06|true
1806822|43543|169256.50|1992-01-06|true
1810245|30415|82752.20|1992-01-06|true
1813985|16099|19451.43|1992-01-06|true
1814725|93094|147886.03|1992-01-06|true
1822402|82864|164368.12|1992-01-06|true
1860609|62596|134313.24|1992-01-06|true
1874404|71461|41157.63|1992-01-06|true
1892291|115700|316998.71|1992-01-06|true
1896706|132286|299522.53|1992-01-06|true
1919014|80119|78437.24|1992-01-06|true
1926181|128470|199667.03|1992-01-06|true
1926274|13231|138880.85|1992-01-06|true
1949669|113407|124845.97|1992-01-06|true
1952353|118306|318207.43|1992-01-06|true
1969893|124129|246413.49|1992-01-06|true
1975424|42145|289000.94|1992-01-06|true
1977664|45274|106859.19|1992-01-06|true
1987938|140855|62105.34|1992-01-06|true
2004710|60989|73880.45|1992-01-06|true
2006341|39052|100410.35|1992-01-06|true
2010433|86726|52337.84|1992-01-06|true
2020260|134095|213068.73|1992-01-06|true
2031458|10565|48793.20|1992-01-06|true
2036417|123736|5324.92|1992-01-06|true
2041570|86635|236065.87|1992-01-06|true
2049409|123350|74527.59|1992-01-06|true
2050823|114839|159847.86|1992-01-06|true
2052867|23194|227813.17|1992-01-06|true
2055266|144614|257837.90|1992-01-06|true
2056320|140527|177618.20|1992-01-06|true
2078532|62360|146400.20|1992-01-06|true
2092837|15901|250967.51|1992-01-06|true
2100642|27259|124907.30|1992-01-06|true
2101895|145630|217273.69|1992-01-06|true
2118405|6028|204445.21|1992-01-06|true
2125088|144382|139947.95|1992-01-06|true
2125954|3433|292479.53|1992-01-06|true
2142690|17593|79668.14|1992-01-06|true
2144452|54247|204169.29|1992-01-06|true
2155553|52682|49499.52|1992-01-06|true
2159110|112111|96564.97|1992-01-06|true
2180096|143413|24066.50|1992-01-06|true
2197921|34642|3673.70|1992-01-06|true
2207842|137539|90344.56|1992-01-06|true
2209285|146186|90855.17|1992-01-06|true
2235236|53449|35000.86|1992-01-06|true
2241925|74654|988.31|1992-01-06|true
2269184|86245|212611.05|1992-01-06|true
2276615|114455|77531.68|1992-01-06|true
2278791|110293|97954.06|1992-01-06|true
2292576|128588|211201.08|1992-01-06|true
2303457|122452|151338.88|1992-01-06|true
2327137|111466|182139.20|1992-01-06|true
2330980|85993|231109.21|1992-01-06|true
2335712|72247|255829.01|1992-01-06|true
2342500|34442|131559.04|1992-01-06|true
2388483|132311|249189.37|1992-01-06|true
2392674|68149|93945.92|1992-01-06|true
2402915|76124|202028.56|1992-01-06|true
2406178|1738|86656.29|1992-01-06|true
2413221|16132|98707.54|1992-01-06|true
2418725|51760|115970.69|1992-01-06|true
2420195|25595|91503.66|1992-01-06|true
2427078|19522|240362.68|1992-01-06|true
2427141|57898|146638.32|1992-01-06|true
2432001|106978|187785.20|1992-01-06|true
2458146|143140|51451.24|1992-01-06|true
2461281|38308|28232.68|1992-01-06|true
2464102|11446|48944.82|1992-01-06|true
2468773|112471|81508.74|1992-01-06|true
2469252|96370|60234.96|1992-01-06|true
2474469|133828|73549.77|1992-01-06|true
2476964|129707|317176.15|1992-01-06|true
2480870|94255|167328.28|1992-01-06|true
2485505|46582|102645.74|1992-01-06|true
2490982|74254|206157.40|1992-01-06|true
2492291|62119|204233.53|1992-01-06|true
2509093|8428|312162.92|1992-01-06|true
2511493|80036|89546.75|1992-01-06|true
2524867|110333|200606.55|1992-01-06|true
2553059|110693|186676.64|1992-01-06|true
2572514|146984|89861.38|1992-01-06|true
2588646|75955|245604.31|1992-01-06|true
2592583|40342|23538.74|1992-01-06|true
2595268|58310|224338.87|1992-01-06|true
2607814|65678|42863.44|1992-01-06|true
2622018|146563|117944.84|1992-01-06|true
2649376|138335|126247.53|1992-01-06|true
2693447|26237|401488.17|1992-01-06|true
2693955|53987|207345.54|1992-01-06|true
2694080|86693|248435.95|1992-01-06|true
2696773|67270|127071.56|1992-01-06|true
2701063|106471|108467.82|1992-01-06|true
2704385|18281|80577.90|1992-01-06|true
2714656|131678|257285.48|1992-01-06|true
2717607|94549|168520.99|1992-01-06|true
2723712|784|160326.16|1992-01-06|true
2726183|123349|54015.73|1992-01-06|true
2779973|69316|178232.50|1992-01-06|true
2794563|79912|208906.31|1992-01-06|true
2800263|132535|130642.77|1992-01-06|true
2812678|109519|66060.14|1992-01-06|true
2813956|127153|190582.09|1992-01-06|true
2826944|59341|314938.46|1992-01-06|true
2855367|18526|102159.61|1992-01-06|true
2861024|28144|44925.96|1992-01-06|true
2864612|106381|87697.12|1992-01-06|true
2869351|31922|140319.20|1992-01-06|true
2876099|119572|187551.02|1992-01-06|true
2877254|75164|40812.14|1992-01-06|true
2889607|108938|40083.45|1992-01-06|true
2896643|126736|58987.58|1992-01-06|true
2914951|123385|194133.92|1992-01-06|true
2945888|67798|255580.92|1992-01-06|true
2948224|99680|230676.68|1992-01-06|true
2955008|119677|113418.95|1992-01-06|true
2963108|80632|187452.58|1992-01-06|true
2973062|30158|144866.11|1992-01-06|true
2973121|23422|318610.33|1992-01-06|true
2974053|19204|167264.86|1992-01-06|true
3040832|101491|57678.42|1992-01-06|true
3072422|39823|161744.83|1992-01-06|true
3088806|102568|1309.54|1992-01-06|true
3089508|67591|124626.57|1992-01-06|true
3122247|99556|186204.57|1992-01-06|true
3126339|108271|269651.55|1992-01-06|true
3137796|64288|211533.46|1992-01-06|true
3166309|76195|186042.79|1992-01-06|true
3171008|140513|83610.21|1992-01-06|true
3192579|74006|254726.96|1992-01-06|true
3198211|16744|79813.49|1992-01-06|true
3206371|107374|217943.84|1992-01-06|true
3217604|142648|47646.53|1992-01-06|true
3218241|78416|131260.63|1992-01-06|true
3219363|48026|144155.09|1992-01-06|true
3250208|149854|215172.23|1992-01-06|true
3250342|129761|141432.83|1992-01-06|true
3271973|88033|177779.54|1992-01-06|true
3281890|58298|65516.92|1992-01-06|true
3284448|17111|102383.65|1992-01-06|true
3285760|69421|141336.80|1992-01-06|true
3294151|147634|233394.17|1992-01-06|true
3345792|144457|117584.75|1992-01-06|true
3369318|15349|105066.08|1992-01-06|true
3390183|119407|313979.57|1992-01-06|true
3427654|27929|135195.23|1992-01-06|true
3432450|134500|237705.77|1992-01-06|true
3441792|47212|72930.63|1992-01-06|true
3446498|56035|115140.18|1992-01-06|true
3450240|9944|208675.03|1992-01-06|true
3450759|58046|142128.56|1992-01-06|true
3454115|108043|43054.78|1992-01-06|true
3463591|70640|348120.26|1992-01-06|true
3467173|43358|150232.48|1992-01-06|true
3478880|8255|9489.79|1992-01-06|true
3481511|130811|215101.28|1992-01-06|true
3485445|102460|305463.36|1992-01-06|true
3487650|108685|151615.61|1992-01-06|true
3505571|101683|163115.92|1992-01-06|true
3506727|37003|166008.22|1992-01-06|true
3512160|74458|150684.87|1992-01-06|true
3513473|140578|1396.22|1992-01-06|true
3525536|48047|235008.25|1992-01-06|true
3537317|95230|115158.61|1992-01-06|true
3540101|46000|194465.76|1992-01-06|true
3558657|85187|81468.66|1992-01-06|true
3563713|130913|189570.13|1992-01-06|true
3566981|4349|192030.10|1992-01-06|true
3570372|143440|204351.17|1992-01-06|true
3575906|127672|70352.28|1992-01-06|true
3576868|27433|214273.72|1992-01-06|true
3582018|7924|211151.20|1992-01-06|true
3601988|13687|125046.38|1992-01-06|true
3602918|26362|144380.08|1992-01-06|true
3608834|54842|80105.89|1992-01-06|true
3628359|51226|28107.04|1992-01-06|true
3638950|48635|198420.02|1992-01-06|true
3649187|69760|117901.16|1992-01-06|true
3649350|42961|122442.21|1992-01-06|true
3673927|55564|141906.21|1992-01-06|true
3687655|1511|115119.60|1992-01-06|true
3691621|93241|262249.60|1992-01-06|true
3699396|77353|168966.93|1992-01-06|true
3703559|35326|250110.14|1992-01-06|true
3712518|34903|158227.16|1992-01-06|true
3720931|85093|154300.63|1992-01-06|true
3725408|81085|189741.04|1992-01-06|true
3736806|134353|316021.98|1992-01-06|true
3737255|90946|190595.77|1992-01-06|true
3752612|109862|171450.11|1992-01-06|true
3759619|56621|47031.18|1992-01-06|true
3764803|55390|123215.61|1992-01-06|true
3764960|97291|195418.14|1992-01-06|true
3767557|85651|167166.07|1992-01-06|true
3815201|89462|312764.61|1992-01-06|true
3838083|39586|297188.96|1992-01-06|true
3840416|149998|172461.83|1992-01-06|true
3842983|19942|266697.16|1992-01-06|true
3848101|18958|175910.12|1992-01-06|true
3857152|148037|84457.79|1992-01-06|true
3861476|143449|154826.88|1992-01-06|true
3863555|90211|200362.55|1992-01-06|true
3879589|130484|234144.60|1992-01-06|true
3885314|79570|39291.49|1992-01-06|true
3890213|69377|225083.40|1992-01-06|true
3891137|147460|281459.08|1992-01-06|true
3896708|115867|50317.87|1992-01-06|true
3917415|14758|110514.37|1992-01-06|true
3919361|30070|366905.12|1992-01-06|true
3927207|120817|261098.70|1992-01-06|true
3928388|1895|288209.07|1992-01-06|true
3935394|99388|229934.44|1992-01-06|true
3938882|140155|81480.97|1992-01-06|true
3939270|137990|232876.75|1992-01-06|true
3964770|125719|246668.27|1992-01-06|true
3970437|42346|88254.95|1992-01-06|true
3986501|78242|242038.76|1992-01-06|true
4033347|52894|68706.11|1992-01-06|true
4066017|20899|214239.83|1992-01-06|true
4070400|143849|71133.33|1992-01-06|true
4072352|143455|83203.15|1992-01-06|true
4085734|36191|234526.09|1992-01-06|true
4088513|34627|73379.97|1992-01-06|true
4091809|141392|53189.59|1992-01-06|true
4092256|34519|128760.76|1992-01-06|true
4113091|67768|149870.92|1992-01-06|true
4114275|143843|115727.81|1992-01-06|true
4114689|89303|158760.89|1992-01-06|true
4116612|17425|260006.61|1992-01-06|true
4117123|48119|271885.62|1992-01-06|true
4136544|67130|114578.54|1992-01-06|true
4180835|63688|224431.67|1992-01-06|true
4187073|8948|160416.94|1992-01-06|true
4199747|77401|24871.36|1992-01-06|true
4247328|48319|54402.49|1992-01-06|true
4272355|133687|5000.49|1992-01-06|true
4274244|34720|13442.75|1992-01-06|true
4274470|85066|119629.13|1992-01-06|true
4282374|90448|158347.97|1992-01-06|true
4283745|79261|229855.82|1992-01-06|true
4285859|61159|211334.74|1992-01-06|true
4294119|118253|82892.47|1992-01-06|true
4294722|3296|145135.22|1992-01-06|true
4304353|85153|224018.20|1992-01-06|true
4304356|13777|229673.62|1992-01-06|true
4320004|143677|146082.08|1992-01-06|true
4320899|71557|158645.76|1992-01-06|true
4345088|42211|136474.59|1992-01-06|true
4350915|51143|195612.48|1992-01-06|true
4352545|80920|59383.98|1992-01-06|true
4372580|48083|197940.24|1992-01-06|true
4372803|108808|66754.38|1992-01-06|true
4388708|4471|39143.92|1992-01-06|true
4394022|140284|114254.76|1992-01-06|true
4412258|132907|242558.17|1992-01-06|true
4413989|132085|177104.45|1992-01-06|true
4419847|79963|212529.99|1992-01-06|true
4427489|66298|207009.66|1992-01-06|true
4428742|16649|59261.33|1992-01-06|true
4431395|102818|187831.19|1992-01-06|true
4432033|122987|68108.24|1992-01-06|true
4440391|39317|191853.66|1992-01-06|true
4452903|60580|252763.74|1992-01-06|true
4465575|119302|203229.00|1992-01-06|true
4475463|112502|119310.60|1992-01-06|true
4491681|31381|55562.44|1992-01-06|true
4494400|25676|7702.25|1992-01-06|true
4531558|62537|157390.74|1992-01-06|true
4535937|112126|109526.66|1992-01-06|true
4540418|42071|94160.35|1992-01-06|true
4542821|81412|340931.24|1992-01-06|true
4552800|71720|60200.36|1992-01-06|true
4558534|113959|245353.26|1992-01-06|true
4559687|17404|249343.85|1992-01-06|true
4583879|127879|31925.69|1992-01-06|true
4595301|89864|26118.22|1992-01-06|true
4596902|29002|195215.45|1992-01-06|true
4601506|90091|69215.61|1992-01-06|true
4628322|148565|120583.41|1992-01-06|true
4628769|69859|126506.08|1992-01-06|true
4635362|27226|112981.73|1992-01-06|true
4647591|82310|5092.91|1992-01-06|true
4656960|139810|169451.86|1992-01-06|true
4657636|14980|215572.78|1992-01-06|true
4669410|36814|129542.50|1992-01-06|true
4672928|77452|95434.02|1992-01-06|true
4690727|115456|60439.88|1992-01-06|true
4702337|74029|192582.43|1992-01-06|true
4705028|64421|22319.53|1992-01-06|true
4718209|145403|17551.62|1992-01-06|true
4722817|4144|197967.44|1992-01-06|true
4727623|71102|3071.44|1992-01-06|true
4747494|132787|309350.92|1992-01-06|true
4762884|112285|65739.61|1992-01-06|true
4765702|47890|132671.31|1992-01-06|true
4771617|120518|137474.08|1992-01-06|true
4775072|76897|158849.06|1992-01-06|true
4780579|55154|191215.56|1992-01-06|true
4783139|67390|241477.13|1992-01-06|true
4788385|196|125659.54|1992-01-06|true
4793409|18341|169453.74|1992-01-06|true
4810084|124897|319606.53|1992-01-06|true
4815526|74509|90769.11|1992-01-06|true
4832263|123830|73911.37|1992-01-06|true
4846274|99893|170344.30|1992-01-06|true
4856965|90997|244051.75|1992-01-06|true
4859650|133502|132370.63|1992-01-06|true
4859814|100424|234787.30|1992-01-06|true
4861731|3587|68699.57|1992-01-06|true
4867457|8780|275786.21|1992-01-06|true
4880039|80419|27399.39|1992-01-06|true
4885317|50407|272991.48|1992-01-06|true
4890081|76111|185159.46|1992-01-06|true
4906499|69245|221478.42|1992-01-06|true
4911335|34705|208749.10|1992-01-06|true
4914150|30790|179142.55|1992-01-06|true
4918882|34141|5913.03|1992-01-06|true
4928102|28718|193381.93|1992-01-06|true
4932069|127370|297583.20|1992-01-06|true
4934598|81103|215405.87|1992-01-06|true
4950212|26449|96359.88|1992-01-06|true
4963618|134563|272430.32|1992-01-06|true
4966855|71623|118054.96|1992-01-06|true
4968228|115981|166139.29|1992-01-06|true
4992678|15470|30902.52|1992-01-06|true
5002021|25879|52186.98|1992-01-06|true
5070753|138176|159202.16|1992-01-06|true
5077319|46298|276621.45|1992-01-06|true
5080421|88979|101109.35|1992-01-06|true
5091618|94570|104468.94|1992-01-06|true
5096742|53780|187486.83|1992-01-06|true
5098914|4244|171330.21|1992-01-06|true
5107014|96184|191385.06|1992-01-06|true
5120359|94927|126211.56|1992-01-06|true
5131716|18094|84446.87|1992-01-06|true
5133218|72013|64840.58|1992-01-06|true
5142694|108667|174258.02|1992-01-06|true
5149700|26375|95970.21|1992-01-06|true
5154019|137887|123478.72|1992-01-06|true
5162566|74389|236083.77|1992-01-06|true
5166560|18181|56834.66|1992-01-06|true
5194499|103862|59973.26|1992-01-06|true
5219873|61747|40681.02|1992-01-06|true
5224610|17413|140979.10|1992-01-06|true
5236294|34442|133907.18|1992-01-06|true
5245381|31882|165828.64|1992-01-06|true
5260736|48983|91994.43|1992-01-06|true
5269701|4610|96762.95|1992-01-06|true
5285409|7727|178104.75|1992-01-06|true
5300867|23140|267991.72|1992-01-06|true
5316800|17803|124073.87|1992-01-06|true
5317765|5975|161935.91|1992-01-06|true
5323331|79603|122978.81|1992-01-06|true
5323649|89834|255781.72|1992-01-06|true
5329543|1192|86683.27|1992-01-06|true
5336000|3722|188066.32|1992-01-06|true
5337698|93757|168210.22|1992-01-06|true
5340452|4847|70988.43|1992-01-06|true
5355713|91865|113480.90|1992-01-06|true
5358759|34651|59863.64|1992-01-06|true
5364582|116122|187155.21|1992-01-06|true
5390755|107776|173059.50|1992-01-06|true
5402593|119948|201140.86|1992-01-06|true
5413220|137668|57858.28|1992-01-06|true
5418178|102568|68492.20|1992-01-06|true
5424647|69200|212341.65|1992-01-06|true
5432551|61135|34227.27|1992-01-06|true
5439008|4121|77584.17|1992-01-06|true
5444642|127745|38966.78|1992-01-06|true
5454145|111721|193226.79|1992-01-06|true
5467207|149281|69843.17|1992-01-06|true
5477607|66217|219706.55|1992-01-06|true
5497668|72037|173297.94|1992-01-06|true
5504614|78176|270607.88|1992-01-06|true
5510693|72242|341540.51|1992-01-06|true
5515778|85051|117674.64|1992-01-06|true
5533761|35917|125241.78|1992-01-06|true
5547616|134755|83765.61|1992-01-06|true
5548388|124726|201686.86|1992-01-06|true
5551235|95849|66502.52|1992-01-06|true
5580225|3050|46195.38|1992-01-06|true
5580258|79573|270663.96|1992-01-06|true
5597825|32362|165991.94|1992-01-06|true
5612132|67825|237660.16|1992-01-06|true
5619106|57253|98813.79|1992-01-06|true
5632871|145744|218747.64|1992-01-06|true
5637511|27010|69138.85|1992-01-06|true
5644770|20866|115644.93|1992-01-06|true
5650916|131626|76212.92|1992-01-06|true
5651044|129523|213433.36|1992-01-06|true
5656324|93793|14950.76|1992-01-06|true
5663106|59351|118126.43|1992-01-06|true
5673025|26902|24360.28|1992-01-06|true
5676803|84376|77443.53|1992-01-06|true
5677537|131788|163749.97|1992-01-06|true
5686978|138106|54694.40|1992-01-06|true
5690311|112546|264190.12|1992-01-06|true
5713763|80720|130313.02|1992-01-06|true
5736673|75284|79160.72|1992-01-06|true
5747456|100427|3531.50|1992-01-06|true
5749376|6110|55366.97|1992-01-06|true
5762114|18574|244931.79|1992-01-06|true
5792103|58021|179139.96|1992-01-06|true
5801988|110081|139612.24|1992-01-06|true
5803329|81502|172605.92|1992-01-06|true
5819943|19675|242171.22|1992-01-06|true
5821063|28366|106149.84|1992-01-06|true
5823140|37090|199936.03|1992-01-06|true
5825031|137317|98191.00|1992-01-06|true
5837605|56692|158777.71|1992-01-06|true
5848999|114730|154332.49|1992-01-06|true
5863682|38605|294061.36|1992-01-06|true
5866180|23618|21062.60|1992-01-06|true
5870983|98770|31754.66|1992-01-06|true
5872519|137845|156672.64|1992-01-06|true
5874244|21034|102142.06|1992-01-06|true
5880866|49811|83928.03|1992-01-06|true
5881926|58159|92864.03|1992-01-06|true
5884199|139696|91676.14|1992-01-06|true
5886211|100538|264175.64|1992-01-06|true
5905443|34510|246631.36|1992-01-06|true
5907716|49505|81663.99|1992-01-06|true
5955651|108554|194266.34|1992-01-06|true
5960866|5339|200001.56|1992-01-06|true
5984705|13888|64986.60|1992-01-06|true
5991650|89773|162587.15|1992-01-06|true
5998756|122914|134037.55|1992-01-06|true
27137|54109|-68224.74|1992-01-06|false
47591|82249|-55433.72|1992-01-06|false
63906|14123|-81477.06|1992-01-06|false
80069|5278|-10679.01|1992-01-06|false
112645|104375|-16724.72|1992-01-06|false
117191|87935|-44838.18|1992-01-06|false
313953|120476|-30920.16|1992-01-06|false
358471|88427|-56008.96|1992-01-06|false
382657|68275|-18166.55|1992-01-06|false
436836|63235|-33548.60|1992-01-06|false
515077|118834|-56267.18|1992-01-06|false
530500|120562|-17398.74|1992-01-06|false
556387|118315|-28140.39|1992-01-06|false
662019|37609|-8080.21|1992-01-06|false
662019|37609|-35141.45|1992-01-06|false
674884|71557|-52363.17|1992-01-06|false
743910|147859|-3594.59|1992-01-06|false
783394|24181|-9453.60|1992-01-06|false
890020|128174|-15813.39|1992-01-06|false
894499|39697|-47394.88|1992-01-06|false
1141924|700|-1825.62|1992-01-06|false
1182946|60281|-23207.33|1992-01-06|false
1206979|81047|-69327.64|1992-01-06|false
1259426|69007|-75798.05|1992-01-06|false
1340833|125131|-9294.31|1992-01-06|false
1356935|73300|-56720.90|1992-01-06|false
1437926|133774|-59844.82|1992-01-06|false
1484995|39116|-10019.10|1992-01-06|false
1531843|58156|-3642.09|1992-01-06|false
1547715|13507|-42771.02|1992-01-06|false
1579236|66586|-42382.05|1992-01-06|false
1613283|71921|-32972.39|1992-01-06|false
1657120|48338|-32229.58|1992-01-06|false
1719271|46345|-16143.39|1992-01-06|false
1855139|23209|-16557.32|1992-01-06|false
1896193|20392|-49358.92|1992-01-06|false
2002245|104555|-3751.09|1992-01-06|false
2039648|143587|-9181.32|1992-01-06|false
2141634|147094|-35555.51|1992-01-06|false
2192967|109114|-10804.74|1992-01-06|false
2259587|67436|-19460.16|1992-01-06|false
2369190|77240|-46933.69|1992-01-06|false
2505350|94019|-38760.86|1992-01-06|false
2548003|87586|-18670.82|1992-01-06|false
2563012|114395|-41188.79|1992-01-06|false
2622663|64079|-16700.10|1992-01-06|false
2642624|90922|-6007.83|1992-01-06|false
2653089|145315|-45086.42|1992-01-06|false
2667011|5563|-29760.79|1992-01-06|false
2765090|103870|-29277.30|1992-01-06|false
2772228|79801|-39478.75|1992-01-06|false
2790887|106264|-45677.24|1992-01-06|false
2865473|45280|-26718.12|1992-01-06|false
2866213|56603|-6612.68|1992-01-06|false
3002343|63568|-34408.47|1992-01-06|false
3088161|862|-24253.39|1992-01-06|false
3204613|81490|-1788.75|1992-01-06|false
3272003|60442|-47050.00|1992-01-06|false
3315238|56218|-26649.70|1992-01-06|false
3323747|38701|-28617.28|1992-01-06|false
3476353|43663|-33507.05|1992-01-06|false
3512577|17371|-26615.99|1992-01-06|false
3557921|57490|-51236.57|1992-01-06|false
3607650|71362|-42569.14|1992-01-06|false
3695334|98902|-29255.28|1992-01-06|false
3703075|105134|-18889.75|1992-01-06|false
3745828|142571|-73757.24|1992-01-06|false
3753186|29704|-28725.17|1992-01-06|false
3806082|50824|-4246.68|1992-01-06|false
3812550|14486|-55277.13|1992-01-06|false
3830722|61120|-27880.80|1992-01-06|false
3921348|90208|-5369.12|1992-01-06|false
3937281|141641|-3719.12|1992-01-06|false
3987111|364|-7502.68|1992-01-06|false
4049799|83981|-1363.69|1992-01-06|false
4084416|35092|-27691.96|1992-01-06|false
4103971|37201|-34736.67|1992-01-06|false
4109575|85601|-80139.60|1992-01-06|false
4163878|10828|-35241.01|1992-01-06|false
4192197|37438|-31328.11|1992-01-06|false
4262209|92453|-45874.51|1992-01-06|false
4316292|45445|-50434.25|1992-01-06|false
4324771|142297|-65300.56|1992-01-06|false
4333989|40400|-44388.89|1992-01-06|false
4352356|99586|-62344.41|1992-01-06|false
4697030|72215|-15420.20|1992-01-06|false
4739334|133690|-7033.52|1992-01-06|false
4817442|102211|-25775.23|1992-01-06|false
4831524|102653|-1192.24|1992-01-06|false
4831524|102653|-75030.19|1992-01-06|false
4847269|145130|-41115.82|1992-01-06|false
4848003|32215|-49696.08|1992-01-06|false
4848802|53111|-36222.18|1992-01-06|false
4880773|15901|-6310.92|1992-01-06|false
4911936|102976|-44671.82|1992-01-06|false
5024578|19433|-35624.54|1992-01-06|false
5261030|65798|-77210.88|1992-01-06|false
5427461|52775|-52905.58|1992-01-06|false
5486663|72046|-14598.36|1992-01-06|false
5577697|57152|-15991.53|1992-01-06|false
5657152|105148|-7622.15|1992-01-06|false
5754439|115426|-10780.35|1992-01-06|false
5804165|140185|-63775.32|1992-01-06|false
5912327|74878|-16321.83|1992-01-06|false
5941986|39511|-22203.66|1992-01-06|false
5953824|52334|-2852.08|1992-01-06|false
2983|61165|62639.91|1992-01-07|true
56645|128866|239811.11|1992-01-07|true
57698|95219|207506.18|1992-01-07|true
72807|145174|69789.55|1992-01-07|true
75840|83075|256548.07|1992-01-07|true
76803|118789|135354.83|1992-01-07|true
78276|36581|196383.12|1992-01-07|true
81154|139810|76115.54|1992-01-07|true
82277|115720|25169.31|1992-01-07|true
91941|88321|174433.01|1992-01-07|true
96870|69640|97540.80|1992-01-07|true
99008|21536|209207.32|1992-01-07|true
102085|37348|129690.37|1992-01-07|true
127140|72346|35159.56|1992-01-07|true
135845|123190|128678.04|1992-01-07|true
140641|123661|145244.22|1992-01-07|true
150183|89894|140689.23|1992-01-07|true
180964|51598|68918.47|1992-01-07|true
206183|2161|101380.28|1992-01-07|true
212516|44908|53762.58|1992-01-07|true
228805|128594|1602.40|1992-01-07|true
230279|121838|187204.09|1992-01-07|true
232037|100874|146759.77|1992-01-07|true
235168|67229|164294.65|1992-01-07|true
252672|63541|40543.48|1992-01-07|true
254468|121783|28995.74|1992-01-07|true
259489|27031|150951.12|1992-01-07|true
277536|8471|91121.17|1992-01-07|true
278566|42863|55292.07|1992-01-07|true
279687|83176|224650.65|1992-01-07|true
281826|60284|23852.55|1992-01-07|true
290183|29183|307131.37|1992-01-07|true
290432|129841|150424.47|1992-01-07|true
314946|86710|196487.47|1992-01-07|true
352931|118996|19190.66|1992-01-07|true
358501|18016|108465.54|1992-01-07|true
379078|118222|82990.21|1992-01-07|true
379845|136031|96079.61|1992-01-07|true
394945|39589|100066.83|1992-01-07|true
396162|124840|58786.44|1992-01-07|true
400903|126784|149489.09|1992-01-07|true
418816|121549|39982.31|1992-01-07|true
439235|48868|274755.42|1992-01-07|true
450567|45860|184662.29|1992-01-07|true
457536|69991|90217.85|1992-01-07|true
470050|73661|125048.91|1992-01-07|true
475681|60902|45000.28|1992-01-07|true
482529|55648|185216.60|1992-01-07|true
497030|37684|23191.32|1992-01-07|true
497860|118546|65177.23|1992-01-07|true
509765|118885|213915.40|1992-01-07|true
537478|40270|50663.20|1992-01-07|true
585126|109735|153575.65|1992-01-07|true
611362|142450|122244.21|1992-01-07|true
622785|27709|183682.77|1992-01-07|true
634279|9571|216232.83|1992-01-07|true
653890|53192|263864.39|1992-01-07|true
664869|6391|173971.76|1992-01-07|true
665989|66541|41935.86|1992-01-07|true
672386|65984|180042.41|1992-01-07|true
674883|129121|160612.90|1992-01-07|true
680129|59764|136866.13|1992-01-07|true
707330|43615|107641.84|1992-01-07|true
714631|82567|350911.82|1992-01-07|true
716193|28588|97160.91|1992-01-07|true
720739|69493|281995.92|1992-01-07|true
731015|144346|114712.54|1992-01-07|true
759014|27854|2703.99|1992-01-07|true
774599|81874|253707.89|1992-01-07|true
779591|126319|232436.96|1992-01-07|true
796357|2104|1381.63|1992-01-07|true
798917|134779|135927.08|1992-01-07|true
811140|127214|10230.33|1992-01-07|true
815140|99802|107031.21|1992-01-07|true
827489|18358|172053.39|1992-01-07|true
834530|4015|69713.97|1992-01-07|true
840099|63233|242270.46|1992-01-07|true
843748|141799|253958.20|1992-01-07|true
844422|42526|166655.02|1992-01-07|true
892354|102682|70765.82|1992-01-07|true
902468|63841|101708.82|1992-01-07|true
909668|95245|237584.73|1992-01-07|true
938243|84850|157536.29|1992-01-07|true
961671|136177|209618.11|1992-01-07|true
965030|127763|219681.85|1992-01-07|true
965127|88294|41129.24|1992-01-07|true
967430|136352|101969.72|1992-01-07|true
973350|130729|168042.86|1992-01-07|true
1006146|121582|146347.76|1992-01-07|true
1009734|111688|38691.94|1992-01-07|true
1013414|7103|118613.56|1992-01-07|true
1016035|4135|130388.53|1992-01-07|true
1020514|94637|31538.68|1992-01-07|true
1037283|18355|271298.86|1992-01-07|true
1049665|132233|166673.08|1992-01-07|true
1063525|53458|154615.43|1992-01-07|true
1068706|2155|134698.55|1992-01-07|true
1072833|122929|161163.43|1992-01-07|true
1090401|87076|21265.02|1992-01-07|true
1094053|82459|127465.27|1992-01-07|true
1108230|61918|193307.88|1992-01-07|true
1114086|134374|108241.70|1992-01-07|true
1122432|18448|100684.60|1992-01-07|true
1123588|28954|5794.74|1992-01-07|true
1124516|113947|50370.65|1992-01-07|true
1143874|2665|133527.72|1992-01-07|true
1155456|39832|330306.91|1992-01-07|true
1157921|91864|12700.88|1992-01-07|true
1164931|34018|74738.52|1992-01-07|true
1173476|122743|180663.64|1992-01-07|true
1180422|132323|212114.63|1992-01-07|true
1181799|14593|199304.36|1992-01-07|true
1183590|66817|77494.18|1992-01-07|true
1213827|18736|183508.50|1992-01-07|true
1225185|21271|12096.44|1992-01-07|true
1236032|18598|164450.68|1992-01-07|true
1242340|10196|182272.09|1992-01-07|true
1253605|123871|183182.22|1992-01-07|true
1263779|90235|268436.03|1992-01-07|true
1281889|31976|238431.19|1992-01-07|true
1285638|114025|119946.35|1992-01-07|true
1290983|89623|185548.89|1992-01-07|true
1320645|25274|254122.66|1992-01-07|true
1321413|74074|285925.06|1992-01-07|true
1322978|20095|241630.47|1992-01-07|true
1334886|14438|159554.17|1992-01-07|true
1339459|135337|158088.16|1992-01-07|true
1343361|19148|27535.53|1992-01-07|true
1356098|90950|175472.94|1992-01-07|true
1366208|24118|363040.66|1992-01-07|true
1376166|144562|261062.18|1992-01-07|true
1382209|24889|89441.32|1992-01-07|true
1397988|118499|122997.03|1992-01-07|true
1409762|102412|188236.05|1992-01-07|true
1424961|89057|174092.76|1992-01-07|true
1439872|56203|192948.80|1992-01-07|true
1441954|74638|108928.68|1992-01-07|true
1464100|29563|75467.43|1992-01-07|true
1468354|15500|286213.31|1992-01-07|true
1473187|89605|81700.09|1992-01-07|true
1492737|19567|22036.19|1992-01-07|true
1493698|119248|197787.67|1992-01-07|true
1500228|66031|146208.43|1992-01-07|true
1517889|118855|53698.44|1992-01-07|true
1519751|124036|125395.11|1992-01-07|true
1558309|149941|79988.99|1992-01-07|true
1560069|76388|111186.23|1992-01-07|true
1563203|137494|105695.53|1992-01-07|true
1579043|60349|234634.93|1992-01-07|true
1582178|132941|232964.02|1992-01-07|true
1607975|10096|153264.70|1992-01-07|true
1632166|116458|65303.32|1992-01-07|true
1634851|70919|143577.37|1992-01-07|true
1644545|64603|127026.15|1992-01-07|true
1645506|31045|167858.97|1992-01-07|true
1653153|112936|151607.87|1992-01-07|true
1656551|147658|150985.93|1992-01-07|true
1664519|85321|143578.36|1992-01-07|true
1718245|145343|3962.12|1992-01-07|true
1729283|57670|99611.41|1992-01-07|true
1734182|143524|64261.82|1992-01-07|true
1741349|127180|60908.76|1992-01-07|true
1742210|116935|165594.59|1992-01-07|true
1742274|15112|32418.60|1992-01-07|true
1745062|51973|80766.60|1992-01-07|true
1769763|91144|153449.79|1992-01-07|true
1783904|125245|30224.44|1992-01-07|true
1784039|68365|178344.32|1992-01-07|true
1785762|123511|102000.43|1992-01-07|true
1786246|114142|122756.68|1992-01-07|true
1797921|100520|34546.84|1992-01-07|true
1804291|17518|131820.73|1992-01-07|true
1817601|71623|158349.99|1992-01-07|true
1819329|52958|173963.11|1992-01-07|true
1819974|65402|139727.61|1992-01-07|true
1820643|107980|120701.28|1992-01-07|true
1825319|11536|179722.19|1992-01-07|true
1829190|653|161267.21|1992-01-07|true
1829445|3556|269303.43|1992-01-07|true
1837797|138589|278711.60|1992-01-07|true
1842528|129617|241190.86|1992-01-07|true
1846663|32098|30333.36|1992-01-07|true
1863873|45838|30867.75|1992-01-07|true
1865632|42535|200684.50|1992-01-07|true
1872583|57340|56973.08|1992-01-07|true
1874566|91486|96853.37|1992-01-07|true
1903008|32857|146138.36|1992-01-07|true
1909088|90670|121567.02|1992-01-07|true
1909924|9521|76898.82|1992-01-07|true
1911654|99623|154163.93|1992-01-07|true
1916513|100153|254028.86|1992-01-07|true
1919394|39730|97568.69|1992-01-07|true
1929760|42013|83693.74|1992-01-07|true
1935815|42442|50493.85|1992-01-07|true
1948355|40801|254262.19|1992-01-07|true
1953218|142051|250340.60|1992-01-07|true
1977477|37303|121443.48|1992-01-07|true
1985446|138143|185455.47|1992-01-07|true
2002435|72955|124888.56|1992-01-07|true
2009062|32219|49533.66|1992-01-07|true
2011746|32698|42176.81|1992-01-07|true
2019905|72172|141142.90|1992-01-07|true
2062851|26932|174141.35|1992-01-07|true
2071588|94414|43147.94|1992-01-07|true
2074370|116329|76904.75|1992-01-07|true
2078663|52153|248324.92|1992-01-07|true
2093222|27398|99134.56|1992-01-07|true
2097956|138047|163092.77|1992-01-07|true
2102980|6983|43076.67|1992-01-07|true
2112002|31145|163174.17|1992-01-07|true
2114179|28285|234581.85|1992-01-07|true
2127937|125411|233832.31|1992-01-07|true
2140771|137375|214706.98|1992-01-07|true
2159040|109703|92126.45|1992-01-07|true
2163234|82618|2182.17|1992-01-07|true
2164995|69860|260500.10|1992-01-07|true
2198695|28837|249723.71|1992-01-07|true
2204516|80066|210845.52|1992-01-07|true
2213446|96428|183124.74|1992-01-07|true
2225152|50891|297181.56|1992-01-07|true
2238566|34972|254199.22|1992-01-07|true
2246115|7459|179428.70|1992-01-07|true
2263109|136033|21473.44|1992-01-07|true
2263973|21313|39170.39|1992-01-07|true
2270822|78298|272093.59|1992-01-07|true
2280388|97646|77392.20|1992-01-07|true
2301831|75815|223046.13|1992-01-07|true
2323367|53539|134003.46|1992-01-07|true
2345767|35692|91707.18|1992-01-07|true
2347362|146833|1104.91|1992-01-07|true
2348803|64966|14909.66|1992-01-07|true
2356039|17465|127770.96|1992-01-07|true
2371969|44701|47336.68|1992-01-07|true
2376226|112753|88165.74|1992-01-07|true
2381223|33088|100611.51|1992-01-07|true
2382306|27712|16269.61|1992-01-07|true
2384963|112015|34145.19|1992-01-07|true
2398306|126433|158542.86|1992-01-07|true
2405796|44261|82884.22|1992-01-07|true
2409572|135811|174104.46|1992-01-07|true
2428262|125500|254667.09|1992-01-07|true
2434758|34660|216021.60|1992-01-07|true
2436037|84604|145751.78|1992-01-07|true
2452580|4354|42571.68|1992-01-07|true
2457025|80668|54058.28|1992-01-07|true
2477575|102290|145700.88|1992-01-07|true
2509120|121096|102244.87|1992-01-07|true
2513025|101665|64796.02|1992-01-07|true
2513382|24223|79122.98|1992-01-07|true
2514629|139627|268885.10|1992-01-07|true
2525508|47212|258500.74|1992-01-07|true
2535782|65083|78311.13|1992-01-07|true
2538469|134128|266336.34|1992-01-07|true
2569412|72493|69117.76|1992-01-07|true
2578755|76571|271028.40|1992-01-07|true
2596224|97124|62633.22|1992-01-07|true
2636864|74408|197911.20|1992-01-07|true
2643815|21439|8227.30|1992-01-07|true
2646755|101323|234515.61|1992-01-07|true
2648742|99079|182036.77|1992-01-07|true
2683461|138367|125254.93|1992-01-07|true
2688868|27955|213664.70|1992-01-07|true
2688934|124835|149786.27|1992-01-07|true
2690657|71834|219694.79|1992-01-07|true
2702275|63649|239672.25|1992-01-07|true
2704643|131047|42902.57|1992-01-07|true
2714470|86347|174370.82|1992-01-07|true
2729698|34670|89784.34|1992-01-07|true
2730592|61555|155651.17|1992-01-07|true
2732485|31531|201564.51|1992-01-07|true
2740612|14315|198116.90|1992-01-07|true
2744321|110504|26097.44|1992-01-07|true
2750592|14020|48107.93|1992-01-07|true
2752067|119017|83246.95|1992-01-07|true
2752837|97687|82919.68|1992-01-07|true
2760704|133709|151304.48|1992-01-07|true
2762176|64352|226617.60|1992-01-07|true
2765059|45064|240584.45|1992-01-07|true
2777029|46000|156210.45|1992-01-07|true
2787557|110842|207401.27|1992-01-07|true
2788352|33076|265254.53|1992-01-07|true
2808099|136153|172466.65|1992-01-07|true
2808388|72074|338831.19|1992-01-07|true
2810276|33364|138132.46|1992-01-07|true
2821125|127270|83675.34|1992-01-07|true
2822340|4387|191815.69|1992-01-07|true
2854786|50383|226276.94|1992-01-07|true
2855558|31897|299512.67|1992-01-07|true
2856518|128908|103861.33|1992-01-07|true
2865828|106160|71609.95|1992-01-07|true
2877217|104731|245132.25|1992-01-07|true
2883271|132803|190034.87|1992-01-07|true
2889829|105359|20898.28|1992-01-07|true
2894977|9296|59292.78|1992-01-07|true
2897030|94609|38063.78|1992-01-07|true
2902080|138439|38028.15|1992-01-07|true
2914215|69538|56914.71|1992-01-07|true
2926178|110420|40223.96|1992-01-07|true
2931201|127709|223319.27|1992-01-07|true
2937538|109570|71637.37|1992-01-07|true
2937601|13858|107829.52|1992-01-07|true
2947461|134377|54939.67|1992-01-07|true
2956871|96373|300942.38|1992-01-07|true
2957668|28772|90370.79|1992-01-07|true
2973057|37660|139613.31|1992-01-07|true
2979973|62833|16537.36|1992-01-07|true
2980164|136646|219138.50|1992-01-07|true
2986211|97034|72040.43|1992-01-07|true
2989125|124996|20611.26|1992-01-07|true
3006406|19699|278925.01|1992-01-07|true
3014948|45103|140969.56|1992-01-07|true
3018145|5074|13899.52|1992-01-07|true
3021025|116200|188657.77|1992-01-07|true
3060004|21322|56228.47|1992-01-07|true
3083171|135871|94085.23|1992-01-07|true
3085665|119699|79417.44|1992-01-07|true
3098599|36814|181290.37|1992-01-07|true
3101765|75736|220680.46|1992-01-07|true
3103973|29974|157116.97|1992-01-07|true
3111078|123550|80589.32|1992-01-07|true
3115714|86308|76390.78|1992-01-07|true
3116997|97655|95975.78|1992-01-07|true
3126755|95516|214238.16|1992-01-07|true
3133542|20512|159053.87|1992-01-07|true
3140227|115579|49732.47|1992-01-07|true
3148006|131066|61667.16|1992-01-07|true
3153058|28177|23717.57|1992-01-07|true
3153348|121610|170053.20|1992-01-07|true
3165191|135556|168352.85|1992-01-07|true
3168103|27925|186827.31|1992-01-07|true
3168518|126260|256747.83|1992-01-07|true
3170340|63130|56880.60|1992-01-07|true
3185888|65050|108011.61|1992-01-07|true
3187235|24299|248022.18|1992-01-07|true
3203715|110989|234205.88|1992-01-07|true
3204807|54061|76300.16|1992-01-07|true
3205316|9070|52095.44|1992-01-07|true
3208198|5434|132834.70|1992-01-07|true
3220737|113387|56384.65|1992-01-07|true
3227265|79289|92497.14|1992-01-07|true
3228068|122993|165163.13|1992-01-07|true
3243783|53585|277936.45|1992-01-07|true
3263297|127229|123718.36|1992-01-07|true
3265250|101717|174086.43|1992-01-07|true
3276069|121637|77185.12|1992-01-07|true
3277570|6955|85284.57|1992-01-07|true
3290628|89518|195277.25|1992-01-07|true
3294305|148165|273700.01|1992-01-07|true
3307109|35630|72134.26|1992-01-07|true
3307715|3269|193980.12|1992-01-07|true
3308002|78305|200836.82|1992-01-07|true
3313319|37204|71213.63|1992-01-07|true
3315492|59708|159761.52|1992-01-07|true
3335521|6341|62720.92|1992-01-07|true
3338949|38744|104355.07|1992-01-07|true
3350247|120646|193271.91|1992-01-07|true
3350977|48550|91464.42|1992-01-07|true
3356069|144373|222602.14|1992-01-07|true
3368867|77164|16617.30|1992-01-07|true
3390662|108010|209136.91|1992-01-07|true
3398304|47953|232079.08|1992-01-07|true
3415840|93865|247434.48|1992-01-07|true
3426791|11503|137065.47|1992-01-07|true
3426849|14731|125146.92|1992-01-07|true
3430789|57784|172560.63|1992-01-07|true
3436834|112847|11239.45|1992-01-07|true
3437988|36467|302166.48|1992-01-07|true
3452577|108781|135978.52|1992-01-07|true
3464899|29452|276338.74|1992-01-07|true
3492130|23632|101939.37|1992-01-07|true
3509539|82723|189193.15|1992-01-07|true
3517317|141748|216038.15|1992-01-07|true
3517664|88192|161669.01|1992-01-07|true
3519556|74885|233172.74|1992-01-07|true
3562723|80323|54400.91|1992-01-07|true
3577605|21859|35883.99|1992-01-07|true
3582311|50797|253193.10|1992-01-07|true
3583713|113126|229623.86|1992-01-07|true
3596544|99187|284869.86|1992-01-07|true
3597957|138931|104219.17|1992-01-07|true
3601313|140350|283248.99|1992-01-07|true
3611938|145247|215081.05|1992-01-07|true
3622660|136765|156333.22|1992-01-07|true
3623174|8201|261967.04|1992-01-07|true
3629255|14182|257347.74|1992-01-07|true
3631392|19906|139625.35|1992-01-07|true
3633794|51781|60172.22|1992-01-07|true
3639942|102838|63546.64|1992-01-07|true
3651425|37795|216024.36|1992-01-07|true
3659365|16879|127499.84|1992-01-07|true
3662182|83162|128072.67|1992-01-07|true
3663527|25651|107318.01|1992-01-07|true
3670437|24953|153453.94|1992-01-07|true
3674566|126244|229318.90|1992-01-07|true
3677571|105311|35357.41|1992-01-07|true
3712160|143779|232528.52|1992-01-07|true
3731077|105971|76671.36|1992-01-07|true
3738500|91649|309248.02|1992-01-07|true
3741413|76673|125446.24|1992-01-07|true
3755906|24980|35414.06|1992-01-07|true
3758498|126445|175648.74|1992-01-07|true
3776549|141295|62329.39|1992-01-07|true
3784996|8552|81769.73|1992-01-07|true
3806151|60782|183276.48|1992-01-07|true
3809479|136207|290060.25|1992-01-07|true
3818528|14212|189352.63|1992-01-07|true
3818631|94018|74459.33|1992-01-07|true
3836359|22646|128722.44|1992-01-07|true
3847649|90532|95988.14|1992-01-07|true
3849026|646|4137.90|1992-01-07|true
3857191|23929|227121.43|1992-01-07|true
3871200|19735|88529.50|1992-01-07|true
3872389|119497|80023.65|1992-01-07|true
3889223|6031|127247.74|1992-01-07|true
3892834|60257|187744.80|1992-01-07|true
3897251|121633|78095.51|1992-01-07|true
3899366|63110|249283.43|1992-01-07|true
3911365|102226|118722.21|1992-01-07|true
3921603|137293|96650.13|1992-01-07|true
3925476|143623|78808.32|1992-01-07|true
3927716|134248|65317.40|1992-01-07|true
3932578|19663|66388.13|1992-01-07|true
3940869|57946|116337.82|1992-01-07|true
3943974|77599|197281.96|1992-01-07|true
3944577|21652|84722.45|1992-01-07|true
3955974|45712|82032.94|1992-01-07|true
3967719|109537|56124.31|1992-01-07|true
3974022|104609|337570.23|1992-01-07|true
4002279|121202|223138.80|1992-01-07|true
4004326|11560|47562.56|1992-01-07|true
4016384|66985|198620.95|1992-01-07|true
4031236|27212|225074.54|1992-01-07|true
4040032|37495|179908.26|1992-01-07|true
4042245|113353|293260.65|1992-01-07|true
4046788|30226|231843.27|1992-01-07|true
4047653|101566|12178.56|1992-01-07|true
4065377|64099|82734.91|1992-01-07|true
4066055|55345|227980.52|1992-01-07|true
4078944|137656|19269.09|1992-01-07|true
4086595|91964|48180.36|1992-01-07|true
4087490|116342|249526.42|1992-01-07|true
4099522|46814|232089.89|1992-01-07|true
4104965|12517|213013.13|1992-01-07|true
4125378|2167|211874.71|1992-01-07|true
4131972|49738|221801.46|1992-01-07|true
4133248|4264|116260.24|1992-01-07|true
4147239|119404|140362.15|1992-01-07|true
4156608|80272|336239.47|1992-01-07|true
4158211|36736|262033.84|1992-01-07|true
4161543|142685|114930.67|1992-01-07|true
4163299|34771|81365.11|1992-01-07|true
4164965|115258|254708.56|1992-01-07|true
4170016|1498|71176.89|1992-01-07|true
4177543|144652|181444.60|1992-01-07|true
4184962|8168|74082.37|1992-01-07|true
4215911|122650|221301.70|1992-01-07|true
4223200|132055|49069.11|1992-01-07|true
4223974|74182|163863.65|1992-01-07|true
4262759|54790|258998.69|1992-01-07|true
4273798|57028|196394.63|1992-01-07|true
4300870|61742|197885.22|1992-01-07|true
4313889|40612|219390.96|1992-01-07|true
4318498|11881|161828.06|1992-01-07|true
4320065|144661|231918.85|1992-01-07|true
4320801|14413|88219.30|1992-01-07|true
4324643|48290|81397.01|1992-01-07|true
4330055|59429|239808.45|1992-01-07|true
4331077|78032|133455.42|1992-01-07|true
4339367|20054|228621.82|1992-01-07|true
4342626|36229|317951.51|1992-01-07|true
4360774|3838|82237.07|1992-01-07|true
4361639|57512|188883.72|1992-01-07|true
4367778|24068|227117.55|1992-01-07|true
4367943|52291|136791.00|1992-01-07|true
4382276|148799|86959.47|1992-01-07|true
4392485|24983|79553.90|1992-01-07|true
4400513|11279|47451.59|1992-01-07|true
4402692|96013|227960.83|1992-01-07|true
4403233|119197|125896.39|1992-01-07|true
4408002|149477|58952.88|1992-01-07|true
4408486|35888|229997.30|1992-01-07|true
4455873|31202|195021.50|1992-01-07|true
4468549|103136|18545.25|1992-01-07|true
4475266|84785|64484.71|1992-01-07|true
4485089|102185|243656.23|1992-01-07|true
4487746|147571|45751.45|1992-01-07|true
4489185|95654|328660.99|1992-01-07|true
4536482|109586|33655.04|1992-01-07|true
4542083|80747|74731.55|1992-01-07|true
4543072|75817|5324.70|1992-01-07|true
4543428|24422|65043.78|1992-01-07|true
4566662|52139|107317.62|1992-01-07|true
4571264|148768|78564.26|1992-01-07|true
4573666|107476|105688.05|1992-01-07|true
4578243|37523|141471.28|1992-01-07|true
4581349|114850|76868.39|1992-01-07|true
4581573|12769|93339.80|1992-01-07|true
4590050|138754|180178.91|1992-01-07|true
4621059|120910|282803.78|1992-01-07|true
4643590|95843|189904.20|1992-01-07|true
4659015|47146|129992.72|1992-01-07|true
4671399|700|60090.93|1992-01-07|true
4685574|32522|288232.03|1992-01-07|true
4686468|114920|222319.08|1992-01-07|true
4689701|129725|184763.83|1992-01-07|true
4694242|52798|146876.00|1992-01-07|true
4694949|60733|150592.67|1992-01-07|true
4702247|133405|82718.93|1992-01-07|true
4703748|109163|281271.87|1992-01-07|true
4704867|83455|158598.05|1992-01-07|true
4720486|131006|61465.14|1992-01-07|true
4729126|147277|50218.80|1992-01-07|true
4747813|122188|74891.50|1992-01-07|true
4769636|106222|98957.64|1992-01-07|true
4776100|59014|298316.98|1992-01-07|true
4786050|70363|105514.45|1992-01-07|true
4786951|108592|225766.18|1992-01-07|true
4791047|107239|121854.03|1992-01-07|true
4833669|104467|54878.46|1992-01-07|true
4845600|16513|36798.21|1992-01-07|true
4852035|12700|40773.83|1992-01-07|true
4852294|62896|130524.20|1992-01-07|true
4854021|68344|135670.01|1992-01-07|true
4855814|39487|95189.66|1992-01-07|true
4865127|114893|40328.72|1992-01-07|true
4868226|108499|144612.85|1992-01-07|true
4877444|145|102548.61|1992-01-07|true
4893061|137492|231214.47|1992-01-07|true
4904739|81145|165006.23|1992-01-07|true
4912486|28912|180233.09|1992-01-07|true
4929856|139418|179790.08|1992-01-07|true
4992805|77926|202535.22|1992-01-07|true
4996161|97717|78504.39|1992-01-07|true
5008837|123835|92659.70|1992-01-07|true
5014434|10819|47364.20|1992-01-07|true
5019015|130013|79395.08|1992-01-07|true
5027521|79918|241970.54|1992-01-07|true
5030119|116768|222635.50|1992-01-07|true
5041571|115151|100722.99|1992-01-07|true
5049986|103256|81377.40|1992-01-07|true
5050535|90112|56411.86|1992-01-07|true
5062823|84136|345550.25|1992-01-07|true
5064007|113536|127443.42|1992-01-07|true
5064929|81833|234828.77|1992-01-07|true
5084578|194|174370.94|1992-01-07|true
5096579|63694|45131.45|1992-01-07|true
5103520|136222|123146.43|1992-01-07|true
5109348|120595|105505.65|1992-01-07|true
5111298|138890|236548.63|1992-01-07|true
5135136|113108|115270.48|1992-01-07|true
5147109|1550|262418.57|1992-01-07|true
5150983|26512|309531.24|1992-01-07|true
5163009|48424|143187.48|1992-01-07|true
5172356|46303|170468.64|1992-01-07|true
5174944|34771|59772.42|1992-01-07|true
5182599|34829|175340.65|1992-01-07|true
5191748|61561|39165.35|1992-01-07|true
5191808|66820|81710.18|1992-01-07|true
5194113|136330|49052.15|1992-01-07|true
5194145|49132|256818.41|1992-01-07|true
5203078|53716|50046.32|1992-01-07|true
5219554|68965|214034.96|1992-01-07|true
5235008|115858|37809.24|1992-01-07|true
5263201|141830|24822.82|1992-01-07|true
5278535|98930|106495.27|1992-01-07|true
5289409|70345|211053.42|1992-01-07|true
5293794|48037|100591.15|1992-01-07|true
5298275|68744|172715.20|1992-01-07|true
5312996|51079|79817.13|1992-01-07|true
5324035|42421|35075.48|1992-01-07|true
5327968|69697|44114.99|1992-01-07|true
5332036|46012|49616.64|1992-01-07|true
5340551|128251|180560.61|1992-01-07|true
5361959|37763|30576.07|1992-01-07|true
5377479|106756|310606.44|1992-01-07|true
5380006|145360|162532.76|1992-01-07|true
5386693|108041|183701.20|1992-01-07|true
5392037|123871|99854.28|1992-01-07|true
5411968|36149|111716.41|1992-01-07|true
5416806|19378|285970.31|1992-01-07|true
5438721|25861|15835.92|1992-01-07|true
5442467|99955|241491.68|1992-01-07|true
5443301|72403|70194.32|1992-01-07|true
5443712|120952|35271.10|1992-01-07|true
5457120|100651|226352.32|1992-01-07|true
5462656|77659|200840.51|1992-01-07|true
5476674|115204|243358.80|1992-01-07|true
5477506|75320|213720.90|1992-01-07|true
5483783|17129|2508.54|1992-01-07|true
5490401|127330|95073.75|1992-01-07|true
5492258|25492|221897.68|1992-01-07|true
5531846|7597|93760.94|1992-01-07|true
5540262|132274|292348.39|1992-01-07|true
5553090|131047|137068.98|1992-01-07|true
5553543|37184|83017.76|1992-01-07|true
5585794|48658|184323.59|1992-01-07|true
5598723|129637|210712.88|1992-01-07|true
5603202|132433|42180.63|1992-01-07|true
5615107|33692|82110.45|1992-01-07|true
5621478|123215|225668.46|1992-01-07|true
5625635|145786|111707.02|1992-01-07|true
5627527|8384|294236.53|1992-01-07|true
5628289|54511|54739.57|1992-01-07|true
5648804|19450|137170.60|1992-01-07|true
5651074|90400|75805.24|1992-01-07|true
5662631|44092|27518.30|1992-01-07|true
5662917|28744|65275.90|1992-01-07|true
5679397|44807|27748.34|1992-01-07|true
5684772|23515|142545.57|1992-01-07|true
5696551|141292|51206.69|1992-01-07|true
5706247|40979|230661.58|1992-01-07|true
5707527|110989|40798.03|1992-01-07|true
5740609|47479|153987.21|1992-01-07|true
5752388|57838|195713.78|1992-01-07|true
5764646|44990|210791.93|1992-01-07|true
5789221|46838|72610.86|1992-01-07|true
5789924|99190|243988.42|1992-01-07|true
5803714|42308|177099.76|1992-01-07|true
5807233|17296|241385.17|1992-01-07|true
5814182|111868|204397.29|1992-01-07|true
5815878|77581|230290.22|1992-01-07|true
5816802|52261|134083.61|1992-01-07|true
5836612|147041|83823.40|1992-01-07|true
5838660|88234|199977.98|1992-01-07|true
5839745|92476|185364.93|1992-01-07|true
5889505|5282|79292.80|1992-01-07|true
5893028|147982|171007.23|1992-01-07|true
5893539|73168|256565.50|1992-01-07|true
5902211|108157|199654.61|1992-01-07|true
5911650|15845|115730.65|1992-01-07|true
5913730|121795|85733.46|1992-01-07|true
5921063|55324|177437.36|1992-01-07|true
5934694|21782|128036.33|1992-01-07|true
5943428|47746|258944.25|1992-01-07|true
5961282|7885|114589.75|1992-01-07|true
5968865|60583|127569.18|1992-01-07|true
5978757|100904|178030.41|1992-01-07|true
5984259|35839|250711.18|1992-01-07|true
5995104|10870|63092.77|1992-01-07|true
77634|29107|-35758.63|1992-01-07|false
88199|36158|-27950.52|1992-01-07|false
149441|26956|-72711.49|1992-01-07|false
176768|112850|-49485.67|1992-01-07|false
196480|58612|-68141.45|1992-01-07|false
234022|106309|-43564.57|1992-01-07|false
237792|132311|-17134.52|1992-01-07|false
292964|33425|-14466.99|1992-01-07|false
332674|26386|-9125.80|1992-01-07|false
363520|35432|-32206.48|1992-01-07|false
449862|146222|-1324.91|1992-01-07|false
610022|40718|-21081.08|1992-01-07|false
682662|45950|-35576.19|1992-01-07|false
683271|118975|-48310.10|1992-01-07|false
684774|133198|-1346.44|1992-01-07|false
684774|133198|-8564.45|1992-01-07|false
706371|73999|-12845.76|1992-01-07|false
811015|126661|-5393.02|1992-01-07|false
824292|14644|-31613.46|1992-01-07|false
875905|24970|-83601.95|1992-01-07|false
900512|88388|-5173.71|1992-01-07|false
979716|109090|-17938.93|1992-01-07|false
993283|85414|-5454.34|1992-01-07|false
1000229|54041|-25316.54|1992-01-07|false
1059108|61309|-29169.34|1992-01-07|false
1128708|125386|-55095.84|1992-01-07|false
1171716|142108|-21964.00|1992-01-07|false
1196001|94619|-20220.82|1992-01-07|false
1196097|91517|-16108.14|1992-01-07|false
1222945|90007|-73964.80|1992-01-07|false
1222945|90007|-46058.88|1992-01-07|false
1273957|45047|-15058.74|1992-01-07|false
1339073|114086|-36945.81|1992-01-07|false
1382336|119389|-23434.99|1992-01-07|false
1447554|75274|-29673.93|1992-01-07|false
1468224|5509|-39968.09|1992-01-07|false
1490630|128764|-83170.40|1992-01-07|false
1543525|141085|-42505.35|1992-01-07|false
1713284|116744|-71868.01|1992-01-07|false
1846438|145648|-18947.00|1992-01-07|false
1958018|23065|-6924.89|1992-01-07|false
2004710|60989|-10928.61|1992-01-07|false
2206016|48397|-35700.12|1992-01-07|false
2212192|116240|-71206.11|1992-01-07|false
2221921|1783|-32434.27|1992-01-07|false
2226629|23018|-33823.17|1992-01-07|false
2281159|61208|-74839.19|1992-01-07|false
2319558|56164|-67692.48|1992-01-07|false
2330980|85993|-37724.49|1992-01-07|false
2369190|77240|-93602.03|1992-01-07|false
2421283|52513|-36158.18|1992-01-07|false
2490982|74254|-14800.15|1992-01-07|false
2526177|63160|-23868.00|1992-01-07|false
2543170|135391|-44000.80|1992-01-07|false
2559044|88954|-82523.07|1992-01-07|false
2660642|70570|-18560.60|1992-01-07|false
2746852|113309|-54657.30|1992-01-07|false
2787906|145744|-6608.83|1992-01-07|false
2813956|127153|-14841.83|1992-01-07|false
2814759|142895|-37389.69|1992-01-07|false
2816736|69784|-34616.57|1992-01-07|false
2830279|40603|-78330.91|1992-01-07|false
2942401|115331|-27710.21|1992-01-07|false
3001924|20680|-10916.34|1992-01-07|false
3039558|94948|-57322.16|1992-01-07|false
3266373|68126|-79009.21|1992-01-07|false
3362624|79528|-9966.16|1992-01-07|false
3497889|78184|-18246.30|1992-01-07|false
3533958|964|-28042.78|1992-01-07|false
3554915|84142|-49990.75|1992-01-07|false
3631073|20317|-11409.48|1992-01-07|false
3633827|137878|-45665.05|1992-01-07|false
3720898|133196|-58052.60|1992-01-07|false
3723717|25025|-84924.60|1992-01-07|false
3736806|134353|-43568.81|1992-01-07|false
3765445|80530|-29578.82|1992-01-07|false
3797633|100633|-55818.05|1992-01-07|false
3839363|90862|-47758.82|1992-01-07|false
3842496|124036|-9093.27|1992-01-07|false
3850144|110240|-33442.20|1992-01-07|false
3857637|114562|-7148.71|1992-01-07|false
3909633|107939|-13084.51|1992-01-07|false
3917415|14758|-44595.60|1992-01-07|false
3928135|134027|-63693.84|1992-01-07|false
3939270|137990|-13829.15|1992-01-07|false
3986501|78242|-9476.75|1992-01-07|false
4009060|148787|-65772.50|1992-01-07|false
4106178|42367|-17324.24|1992-01-07|false
4123367|104611|-29747.17|1992-01-07|false
4243554|61618|-12101.72|1992-01-07|false
4444707|52241|-36905.58|1992-01-07|false
4489345|49297|-1443.96|1992-01-07|false
4505796|51283|-9569.34|1992-01-07|false
4520964|99523|-6108.74|1992-01-07|false
4558534|113959|-27022.63|1992-01-07|false
4680130|76819|-72824.92|1992-01-07|false
4712934|127912|-43503.53|1992-01-07|false
4765474|99103|-80013.02|1992-01-07|false
4793409|18341|-6980.32|1992-01-07|false
4830182|33148|-17020.78|1992-01-07|false
4894887|109697|-42433.90|1992-01-07|false
4911335|34705|-11217.19|1992-01-07|false
4911874|63163|-19581.61|1992-01-07|false
4942209|125401|-14405.93|1992-01-07|false
4946752|128870|-20008.32|1992-01-07|false
4950212|26449|-3079.00|1992-01-07|false
4950212|26449|-47081.36|1992-01-07|false
4967591|47392|-13441.21|1992-01-07|false
4976960|128138|-32256.86|1992-01-07|false
4998912|47822|-48758.92|1992-01-07|false
5007137|143125|-80520.33|1992-01-07|false
5037152|72943|-11886.64|1992-01-07|false
5064102|40465|-22766.92|1992-01-07|false
5077761|63262|-24520.94|1992-01-07|false
5081635|117493|-13301.19|1992-01-07|false
5098914|4244|-14321.20|1992-01-07|false
5230695|35029|-7421.98|1992-01-07|false
5331525|146482|-12909.00|1992-01-07|false
5345765|22118|-1176.08|1992-01-07|false
5403873|70412|-67138.71|1992-01-07|false
5430723|50569|-82413.83|1992-01-07|false
5432551|61135|-34227.27|1992-01-07|false
5464034|5758|-47850.35|1992-01-07|false
5484288|138496|-2960.81|1992-01-07|false
5514721|36560|-41784.27|1992-01-07|false
5573797|67135|-60192.71|1992-01-07|false
5659621|133318|-16746.28|1992-01-07|false
5661665|100781|-42187.04|1992-01-07|false
5697281|14083|-2662.72|1992-01-07|false
5843200|74944|-42682.75|1992-01-07|false
5852771|83671|-71750.81|1992-01-07|false
5969889|92818|-22815.20|1992-01-07|false
12769|105688|19302.34|1992-01-08|true
15141|37798|159749.55|1992-01-08|true
45284|78728|25250.25|1992-01-08|true
54115|79033|205440.75|1992-01-08|true
58081|16018|138318.00|1992-01-08|true
77825|22955|41624.26|1992-01-08|true
82561|35818|150487.94|1992-01-08|true
86595|104002|132676.07|1992-01-08|true
88294|132394|18607.45|1992-01-08|true
95108|62089|122164.77|1992-01-08|true
99168|3125|37073.40|1992-01-08|true
104388|103364|201638.61|1992-01-08|true
105280|103414|43672.02|1992-01-08|true
106594|3299|62546.00|1992-01-08|true
126083|97474|50910.76|1992-01-08|true
170599|79607|197313.14|1992-01-08|true
173445|148108|226052.00|1992-01-08|true
194437|82898|208694.13|1992-01-08|true
196455|75142|57160.18|1992-01-08|true
200390|18331|59001.23|1992-01-08|true
217413|91480|130133.55|1992-01-08|true
222757|54802|108692.50|1992-01-08|true
231712|95678|248843.44|1992-01-08|true
240582|101149|11226.87|1992-01-08|true
246753|128128|148960.52|1992-01-08|true
257476|125578|50017.77|1992-01-08|true
263393|22202|97058.53|1992-01-08|true
272896|149519|67108.56|1992-01-08|true
289377|23273|30307.77|1992-01-08|true
293191|67195|8583.13|1992-01-08|true
302087|55171|159844.77|1992-01-08|true
302627|129460|3984.19|1992-01-08|true
306085|104839|289119.72|1992-01-08|true
313762|117994|335651.34|1992-01-08|true
314467|32374|183124.97|1992-01-08|true
325764|45121|185492.50|1992-01-08|true
369632|76744|96271.76|1992-01-08|true
396066|107779|28726.49|1992-01-08|true
397350|116911|283318.14|1992-01-08|true
404482|126514|16306.70|1992-01-08|true
410625|18814|176124.75|1992-01-08|true
420228|47062|271206.13|1992-01-08|true
436644|107021|142142.10|1992-01-08|true
437158|105217|95893.89|1992-01-08|true
452899|30001|343206.58|1992-01-08|true
462819|59866|122077.96|1992-01-08|true
464774|1112|256261.14|1992-01-08|true
465797|74890|2977.92|1992-01-08|true
469890|12982|92207.90|1992-01-08|true
474053|8842|218654.45|1992-01-08|true
488294|102779|256615.99|1992-01-08|true
501475|6712|150972.76|1992-01-08|true
506209|146653|272363.86|1992-01-08|true
524387|132886|318505.17|1992-01-08|true
530949|20213|36817.31|1992-01-08|true
534471|117089|87866.26|1992-01-08|true
541316|75152|319357.52|1992-01-08|true
559364|84254|38073.38|1992-01-08|true
562657|42287|48890.81|1992-01-08|true
599526|48206|82628.31|1992-01-08|true
616358|89912|43617.16|1992-01-08|true
621671|96020|45232.76|1992-01-08|true
639335|120307|208590.86|1992-01-08|true
649058|23227|45715.57|1992-01-08|true
668512|86473|239880.80|1992-01-08|true
683618|127538|247371.50|1992-01-08|true
687331|31751|312318.61|1992-01-08|true
699462|114593|147498.28|1992-01-08|true
730113|57439|148273.19|1992-01-08|true
733287|74431|29141.91|1992-01-08|true
735523|143956|137172.89|1992-01-08|true
742656|6694|26330.50|1992-01-08|true
746023|3700|123156.54|1992-01-08|true
746212|50914|176942.21|1992-01-08|true
750854|2141|155355.12|1992-01-08|true
754598|103840|146755.54|1992-01-08|true
763559|42205|330351.21|1992-01-08|true
787777|129919|72569.83|1992-01-08|true
795556|114397|143916.29|1992-01-08|true
817634|5782|144111.22|1992-01-08|true
818789|31894|67469.40|1992-01-08|true
819621|54364|166588.90|1992-01-08|true
821444|135902|21369.89|1992-01-08|true
827301|38680|171455.94|1992-01-08|true
843814|100165|84249.89|1992-01-08|true
845378|22529|227708.27|1992-01-08|true
853700|144329|67631.95|1992-01-08|true
855942|9496|6618.44|1992-01-08|true
866404|123556|4843.41|1992-01-08|true
897030|36520|173817.33|1992-01-08|true
915714|70747|189146.44|1992-01-08|true
924933|133943|79274.75|1992-01-08|true
937382|110623|149479.25|1992-01-08|true
952546|41563|170929.63|1992-01-08|true
970560|46552|160476.22|1992-01-08|true
982087|87854|223990.13|1992-01-08|true
990211|13753|210924.85|1992-01-08|true
990273|129076|225494.02|1992-01-08|true
994403|60176|297782.88|1992-01-08|true
1020194|32614|81090.40|1992-01-08|true
1022023|94375|73965.51|1992-01-08|true
1038274|7360|89281.42|1992-01-08|true
1039975|1111|67110.33|1992-01-08|true
1048482|148735|107897.77|1992-01-08|true
1068321|50839|55295.17|1992-01-08|true
1069220|123802|107591.39|1992-01-08|true
1069478|74972|134211.61|1992-01-08|true
1108096|50554|40168.17|1992-01-08|true
1108516|92777|81255.26|1992-01-08|true
1117764|27058|7142.19|1992-01-08|true
1136358|57040|119733.56|1992-01-08|true
1141894|55352|179074.34|1992-01-08|true
1147975|5260|161939.26|1992-01-08|true
1156838|133313|59558.60|1992-01-08|true
1160450|84595|140880.89|1992-01-08|true
1161408|50749|3036.53|1992-01-08|true
1185988|21095|52217.18|1992-01-08|true
1193351|22762|105860.23|1992-01-08|true
1194724|98045|43042.45|1992-01-08|true
1195203|81682|278727.07|1992-01-08|true
1196612|19664|33849.36|1992-01-08|true
1208389|87287|194546.46|1992-01-08|true
1215619|147958|121533.85|1992-01-08|true
1228807|99848|360871.09|1992-01-08|true
1230849|97943|196331.58|1992-01-08|true
1247941|101669|179370.14|1992-01-08|true
1254752|74795|148123.74|1992-01-08|true
1262656|71476|1464.38|1992-01-08|true
1264711|27356|234252.83|1992-01-08|true
1267175|94682|179474.70|1992-01-08|true
1267393|83888|52958.20|1992-01-08|true
1271621|45631|121944.00|1992-01-08|true
1275042|145771|67995.09|1992-01-08|true
1276518|13820|196009.59|1992-01-08|true
1295617|20600|81222.49|1992-01-08|true
1300804|56411|183776.82|1992-01-08|true
1301030|39881|194931.91|1992-01-08|true
1309440|53725|244538.52|1992-01-08|true
1316518|35249|61681.66|1992-01-08|true
1349127|101569|261450.13|1992-01-08|true
1357569|41506|141640.81|1992-01-08|true
1368711|15907|207439.19|1992-01-08|true
1373152|141433|254539.62|1992-01-08|true
1423941|60799|237351.69|1992-01-08|true
1450628|5482|351286.21|1992-01-08|true
1470371|18233|238971.15|1992-01-08|true
1472933|106138|124217.98|1992-01-08|true
1516645|21745|63386.76|1992-01-08|true
1527526|149618|260875.99|1992-01-08|true
1528258|107185|309483.34|1992-01-08|true
1546116|2413|166765.23|1992-01-08|true
1553509|43015|113040.49|1992-01-08|true
1567267|53153|149383.85|1992-01-08|true
1582885|123079|104920.00|1992-01-08|true
1617861|93268|277814.68|1992-01-08|true
1622885|61075|247397.12|1992-01-08|true
1639621|12230|8021.32|1992-01-08|true
1650406|100063|76182.11|1992-01-08|true
1658501|149840|156998.14|1992-01-08|true
1687844|107290|251127.95|1992-01-08|true
1691872|146392|176303.02|1992-01-08|true
1700230|112|53152.83|1992-01-08|true
1700263|79079|166395.78|1992-01-08|true
1703751|30920|142929.16|1992-01-08|true
1703975|122302|10400.22|1992-01-08|true
1714149|72008|86353.81|1992-01-08|true
1740611|136802|224091.86|1992-01-08|true
1761856|39347|94168.97|1992-01-08|true
1785413|143479|151070.78|1992-01-08|true
1789957|18961|59284.22|1992-01-08|true
1801668|6340|136506.95|1992-01-08|true
1814309|69152|145661.99|1992-01-08|true
1816546|130633|163454.25|1992-01-08|true
1827553|99391|30223.36|1992-01-08|true
1835781|34651|40977.61|1992-01-08|true
1851077|20230|90923.49|1992-01-08|true
1853061|25817|281419.86|1992-01-08|true
1880674|53209|168997.28|1992-01-08|true
1892806|147758|117440.51|1992-01-08|true
1927363|137596|87297.44|1992-01-08|true
1934883|35203|259340.61|1992-01-08|true
1937509|101456|107914.45|1992-01-08|true
1951648|119750|200516.11|1992-01-08|true
1961092|62887|153915.86|1992-01-08|true
1961509|134410|286093.62|1992-01-08|true
1971040|147655|69551.21|1992-01-08|true
1972454|128612|168238.39|1992-01-08|true
1988769|79114|131787.69|1992-01-08|true
2003429|53641|63050.31|1992-01-08|true
2048548|77216|286043.20|1992-01-08|true
2051843|122876|7667.76|1992-01-08|true
2060743|56926|276742.50|1992-01-08|true
2066279|92447|98450.88|1992-01-08|true
2086599|37072|37182.26|1992-01-08|true
2089059|110614|206490.62|1992-01-08|true
2092519|35101|51509.20|1992-01-08|true
2092962|68602|223058.49|1992-01-08|true
2111233|135044|56487.00|1992-01-08|true
2118853|17818|45201.22|1992-01-08|true
2119680|44906|259724.01|1992-01-08|true
2122177|72775|84942.82|1992-01-08|true
2129669|134944|183410.04|1992-01-08|true
2139813|76586|25493.37|1992-01-08|true
2147680|84433|170425.39|1992-01-08|true
2151618|85132|141325.19|1992-01-08|true
2157858|90541|296305.62|1992-01-08|true
2159813|133238|177882.67|1992-01-08|true
2162215|28078|77595.57|1992-01-08|true
2169600|30358|207232.73|1992-01-08|true
2182369|110332|136825.60|1992-01-08|true
2191558|69977|65311.27|1992-01-08|true
2193379|42748|167009.67|1992-01-08|true
2200486|57274|270328.45|1992-01-08|true
2211170|87719|146391.50|1992-01-08|true
2211267|6211|101670.92|1992-01-08|true
2212578|43229|73298.88|1992-01-08|true
2240512|77581|135560.71|1992-01-08|true
2241572|83032|153915.99|1992-01-08|true
2252871|107833|260603.78|1992-01-08|true
2266341|85978|15134.45|1992-01-08|true
2270272|27145|163074.64|1992-01-08|true
2270853|142810|177619.93|1992-01-08|true
2272066|73075|61634.70|1992-01-08|true
2283942|101648|15985.60|1992-01-08|true
2286146|85111|260732.48|1992-01-08|true
2288005|119929|252401.27|1992-01-08|true
2300933|9349|125341.39|1992-01-08|true
2305926|78754|134793.77|1992-01-08|true
2306822|32539|129889.14|1992-01-08|true
2313025|30640|27682.91|1992-01-08|true
2315456|82309|318029.01|1992-01-08|true
2323040|55204|101838.64|1992-01-08|true
2345088|6778|280464.51|1992-01-08|true
2354246|81949|79356.90|1992-01-08|true
2354338|148604|39836.65|1992-01-08|true
2366726|31988|168506.04|1992-01-08|true
2371815|54106|164578.82|1992-01-08|true
2389061|143182|306837.17|1992-01-08|true
2402691|146351|246038.64|1992-01-08|true
2411171|70762|178637.55|1992-01-08|true
2427139|101534|50334.53|1992-01-08|true
2431750|11753|309559.34|1992-01-08|true
2442048|98273|238976.48|1992-01-08|true
2460868|118409|70157.34|1992-01-08|true
2474119|124711|232038.67|1992-01-08|true
2476037|25909|179067.13|1992-01-08|true
2478661|5552|42975.45|1992-01-08|true
2506245|2972|154692.11|1992-01-08|true
2527719|45076|273913.76|1992-01-08|true
2534503|65342|42881.64|1992-01-08|true
2545829|126061|167567.04|1992-01-08|true
2550660|74347|14377.41|1992-01-08|true
2551649|56002|181830.23|1992-01-08|true
2563010|47440|171993.25|1992-01-08|true
2567650|115691|317773.76|1992-01-08|true
2572608|47006|94700.77|1992-01-08|true
2580743|125692|125345.87|1992-01-08|true
2581057|68950|87451.46|1992-01-08|true
2603685|103777|293425.86|1992-01-08|true
2607045|128744|124443.79|1992-01-08|true
2623873|98108|174731.45|1992-01-08|true
2639331|120749|155661.68|1992-01-08|true
2642722|55504|181123.28|1992-01-08|true
2654117|130903|275955.41|1992-01-08|true
2657280|1838|263264.58|1992-01-08|true
2659329|74464|199691.38|1992-01-08|true
2661057|46763|78840.14|1992-01-08|true
2663106|91468|3237.22|1992-01-08|true
2670177|47704|354053.44|1992-01-08|true
2671328|132358|227909.61|1992-01-08|true
2671649|114998|177764.44|1992-01-08|true
2671655|14590|119994.71|1992-01-08|true
2675586|35446|213400.83|1992-01-08|true
2680644|106274|105285.91|1992-01-08|true
2684710|45385|30590.89|1992-01-08|true
2698113|68950|81928.63|1992-01-08|true
2703652|91450|57245.23|1992-01-08|true
2705253|122914|219376.73|1992-01-08|true
2710757|34696|38845.61|1992-01-08|true
2731938|92077|51599.48|1992-01-08|true
2748614|137026|297133.81|1992-01-08|true
2760646|120344|200830.69|1992-01-08|true
2790528|11161|187514.39|1992-01-08|true
2801028|103999|318289.69|1992-01-08|true
2804418|73987|27353.03|1992-01-08|true
2819172|130507|50487.07|1992-01-08|true
2854914|60886|211616.33|1992-01-08|true
2855749|56623|38603.40|1992-01-08|true
2872320|70234|209044.56|1992-01-08|true
2882726|63871|253710.01|1992-01-08|true
2885798|112378|71750.46|1992-01-08|true
2886151|142220|150387.08|1992-01-08|true
2904257|106505|285987.59|1992-01-08|true
2910080|818|281355.36|1992-01-08|true
2910790|127150|242135.95|1992-01-08|true
2915522|121592|351460.88|1992-01-08|true
2946883|86620|101174.33|1992-01-08|true
2951910|124636|9232.86|1992-01-08|true
2967555|12812|121865.10|1992-01-08|true
2986816|57398|210136.75|1992-01-08|true
2988931|22087|353797.18|1992-01-08|true
2992129|78685|229052.20|1992-01-08|true
2999713|137680|211699.41|1992-01-08|true
3002244|92489|287697.29|1992-01-08|true
3004902|68023|91966.10|1992-01-08|true
3010307|44164|50033.18|1992-01-08|true
3011014|69217|75699.33|1992-01-08|true
3011557|138673|121579.79|1992-01-08|true
3015075|96037|311264.99|1992-01-08|true
3028422|52615|142815.30|1992-01-08|true
3035399|36367|155479.10|1992-01-08|true
3039365|59216|296847.31|1992-01-08|true
3042823|141664|1849.76|1992-01-08|true
3044135|116848|182137.23|1992-01-08|true
3046436|11549|290880.50|1992-01-08|true
3071234|91591|242718.70|1992-01-08|true
3100800|81938|62879.57|1992-01-08|true
3104167|10111|183910.42|1992-01-08|true
3107776|136291|209689.04|1992-01-08|true
3110340|130729|93800.17|1992-01-08|true
3115622|134213|221491.94|1992-01-08|true
3130979|127690|146079.28|1992-01-08|true
3139555|28981|119376.34|1992-01-08|true
3141062|5414|215078.43|1992-01-08|true
3152992|87410|232816.34|1992-01-08|true
3156356|62006|162582.48|1992-01-08|true
3156546|58636|17827.87|1992-01-08|true
3162468|65377|73868.67|1992-01-08|true
3165252|97459|197633.99|1992-01-08|true
3182150|23113|137959.05|1992-01-08|true
3184389|43585|172183.83|1992-01-08|true
3187846|43894|414077.64|1992-01-08|true
3189511|60709|132601.27|1992-01-08|true
3198534|69341|64979.35|1992-01-08|true
3199011|59674|47063.16|1992-01-08|true
3204839|92236|69180.50|1992-01-08|true
3210720|80764|367816.77|1992-01-08|true
3227046|131398|234300.92|1992-01-08|true
3259202|105031|162789.93|1992-01-08|true
3266176|43300|29263.93|1992-01-08|true
3269699|63868|47912.14|1992-01-08|true
3270753|51364|142930.39|1992-01-08|true
3312515|55|80642.49|1992-01-08|true
3334151|143783|124147.15|1992-01-08|true
3343841|12218|156705.64|1992-01-08|true
3357510|99373|125754.47|1992-01-08|true
3369639|118903|33010.39|1992-01-08|true
3381319|63452|196078.72|1992-01-08|true
3385157|7823|268699.60|1992-01-08|true
3386208|25942|99998.06|1992-01-08|true
3393858|5110|68982.59|1992-01-08|true
3408932|29072|16224.80|1992-01-08|true
3420580|52615|99598.75|1992-01-08|true
3436835|7952|107438.60|1992-01-08|true
3443142|70024|118961.64|1992-01-08|true
3448580|104575|31248.92|1992-01-08|true
3449250|72086|100824.63|1992-01-08|true
3456481|76369|75949.47|1992-01-08|true
3460160|98434|237083.17|1992-01-08|true
3466916|29812|113924.71|1992-01-08|true
3489795|27098|99028.58|1992-01-08|true
3497440|47828|163310.09|1992-01-08|true
3498277|132362|81790.40|1992-01-08|true
3511682|89249|58128.65|1992-01-08|true
3521377|90970|35379.26|1992-01-08|true
3536806|88513|82651.66|1992-01-08|true
3551585|140246|274355.43|1992-01-08|true
3553505|148244|92948.63|1992-01-08|true
3556231|104017|151096.95|1992-01-08|true
3565507|77425|94625.17|1992-01-08|true
3571009|63586|24610.89|1992-01-08|true
3584103|120218|17748.61|1992-01-08|true
3604839|14209|53752.88|1992-01-08|true
3607366|80078|19703.88|1992-01-08|true
3619175|22309|90861.91|1992-01-08|true
3626464|55067|92395.62|1992-01-08|true
3634882|70258|210961.42|1992-01-08|true
3635264|47558|80974.20|1992-01-08|true
3651105|130537|267978.73|1992-01-08|true
3670567|86063|200901.47|1992-01-08|true
3676519|131938|45501.44|1992-01-08|true
3676837|92716|95309.43|1992-01-08|true
3684960|103382|172987.72|1992-01-08|true
3697509|146419|37832.84|1992-01-08|true
3727459|106099|243514.86|1992-01-08|true
3759936|90763|25729.70|1992-01-08|true
3777572|141976|148830.43|1992-01-08|true
3797314|75253|231963.58|1992-01-08|true
3838789|106411|261058.12|1992-01-08|true
3845474|84004|63749.75|1992-01-08|true
3864226|21032|91098.48|1992-01-08|true
3884580|76348|153455.36|1992-01-08|true
3901031|145786|103520.84|1992-01-08|true
3909473|147008|296766.46|1992-01-08|true
3911011|116942|39467.77|1992-01-08|true
3914819|54401|279003.02|1992-01-08|true
3930373|32651|128049.92|1992-01-08|true
3958465|97436|47485.17|1992-01-08|true
3963841|92249|244358.84|1992-01-08|true
4004320|56245|156928.75|1992-01-08|true
4010466|122170|78053.45|1992-01-08|true
4018147|61507|56726.61|1992-01-08|true
4020386|127991|356713.24|1992-01-08|true
4021957|63103|264778.43|1992-01-08|true
4030791|47269|95885.83|1992-01-08|true
4052227|29533|195807.60|1992-01-08|true
4059045|10898|151066.21|1992-01-08|true
4069603|136217|201040.56|1992-01-08|true
4070597|129968|240669.14|1992-01-08|true
4100487|117169|243360.04|1992-01-08|true
4105250|23849|188757.66|1992-01-08|true
4112166|40843|57898.02|1992-01-08|true
4124422|48505|155887.52|1992-01-08|true
4125537|58067|142273.98|1992-01-08|true
4129601|15679|95576.90|1992-01-08|true
4138179|141860|36089.81|1992-01-08|true
4165986|50236|125136.31|1992-01-08|true
4191622|134650|7350.48|1992-01-08|true
4194310|34294|272067.76|1992-01-08|true
4196007|45046|62131.54|1992-01-08|true
4223328|1870|196129.58|1992-01-08|true
4227398|40873|362984.64|1992-01-08|true
4234722|145654|328026.78|1992-01-08|true
4241542|56671|67111.97|1992-01-08|true
4242690|93328|362724.83|1992-01-08|true
4259142|89260|228226.96|1992-01-08|true
4259456|102800|290035.40|1992-01-08|true
4286337|76169|58054.46|1992-01-08|true
4301536|103265|3604.72|1992-01-08|true
4301955|97762|144917.08|1992-01-08|true
4308934|25831|291167.67|1992-01-08|true
4339525|6437|67425.49|1992-01-08|true
4341159|104620|41735.94|1992-01-08|true
4370659|7120|187258.93|1992-01-08|true
4373217|91141|149748.93|1992-01-08|true
4377441|51515|200943.19|1992-01-08|true
4384519|76780|97352.95|1992-01-08|true
4413862|119044|24165.82|1992-01-08|true
4417507|119050|84494.40|1992-01-08|true
4427810|41636|299142.62|1992-01-08|true
4440834|133289|286851.63|1992-01-08|true
4448390|50899|193719.33|1992-01-08|true
4456743|98659|289614.55|1992-01-08|true
4457861|5879|41921.24|1992-01-08|true
4468070|15428|73404.37|1992-01-08|true
4468192|63656|155789.47|1992-01-08|true
4480546|48359|211181.06|1992-01-08|true
4488962|5111|193588.71|1992-01-08|true
4512516|85025|144679.17|1992-01-08|true
4519751|90334|187092.19|1992-01-08|true
4520227|87046|48948.00|1992-01-08|true
4526401|115132|997.45|1992-01-08|true
4529319|56428|125402.50|1992-01-08|true
4530629|58309|107244.56|1992-01-08|true
4537633|79940|35090.64|1992-01-08|true
4540357|99674|243854.89|1992-01-08|true
4542689|106798|79487.43|1992-01-08|true
4546854|148273|147623.51|1992-01-08|true
4556162|107224|58631.18|1992-01-08|true
4556455|25015|214812.95|1992-01-08|true
4577989|7357|218054.37|1992-01-08|true
4583680|19985|216045.56|1992-01-08|true
4584262|28756|158147.02|1992-01-08|true
4597703|57766|49002.61|1992-01-08|true
4603937|28777|34171.52|1992-01-08|true
4609093|126274|178797.39|1992-01-08|true
4618112|13012|124631.54|1992-01-08|true
4622599|108529|248416.38|1992-01-08|true
4627207|46043|107371.84|1992-01-08|true
4631716|10001|153197.12|1992-01-08|true
4631778|31982|188659.97|1992-01-08|true
4635490|45719|188790.74|1992-01-08|true
4641859|118723|88519.25|1992-01-08|true
4643105|111796|42155.70|1992-01-08|true
4643110|113762|143950.03|1992-01-08|true
4676036|1417|25097.61|1992-01-08|true
4701573|4769|268375.34|1992-01-08|true
4707873|46441|151646.45|1992-01-08|true
4712227|102340|74067.61|1992-01-08|true
4737445|92666|299024.66|1992-01-08|true
4741542|117994|37863.51|1992-01-08|true
4747267|49642|192813.44|1992-01-08|true
4764581|125959|67645.92|1992-01-08|true
4791332|13093|125982.66|1992-01-08|true
4801894|31304|169972.21|1992-01-08|true
4815554|93796|178897.45|1992-01-08|true
4816613|1490|251875.39|1992-01-08|true
4819585|17321|162086.12|1992-01-08|true
4827911|86945|216975.55|1992-01-08|true
4829892|94006|129877.99|1992-01-08|true
4831077|60991|47553.90|1992-01-08|true
4837985|122918|85333.55|1992-01-08|true
4838530|43688|86696.17|1992-01-08|true
4838688|92716|33380.64|1992-01-08|true
4840164|43745|189201.57|1992-01-08|true
4847584|10093|35939.43|1992-01-08|true
4848993|140008|352505.57|1992-01-08|true
4887237|48190|91822.78|1992-01-08|true
4897632|58279|127296.26|1992-01-08|true
4918274|94681|57175.08|1992-01-08|true
4927363|56528|90579.40|1992-01-08|true
4945863|57883|79047.56|1992-01-08|true
4958566|145948|329888.05|1992-01-08|true
4971686|138247|11080.13|1992-01-08|true
4988418|146270|136095.78|1992-01-08|true
5008256|46598|192224.02|1992-01-08|true
5013188|115687|252430.03|1992-01-08|true
5030849|274|206275.24|1992-01-08|true
5035623|15338|114609.30|1992-01-08|true
5037477|62398|157242.83|1992-01-08|true
5041955|48514|23525.51|1992-01-08|true
5046080|142516|181672.36|1992-01-08|true
5048320|24014|212964.87|1992-01-08|true
5059840|57613|88851.07|1992-01-08|true
5103650|90841|84322.79|1992-01-08|true
5112994|80827|266252.09|1992-01-08|true
5114438|131041|148699.10|1992-01-08|true
5127394|15142|235966.96|1992-01-08|true
5133920|24005|262226.92|1992-01-08|true
5146595|60347|6999.22|1992-01-08|true
5150560|120688|266326.68|1992-01-08|true
5154369|13082|181579.14|1992-01-08|true
5169862|110873|211041.63|1992-01-08|true
5172611|4450|108029.00|1992-01-08|true
5183488|117566|133400.96|1992-01-08|true
5191842|36938|10149.65|1992-01-08|true
5192768|5806|129096.31|1992-01-08|true
5221027|34607|112503.27|1992-01-08|true
5249284|67690|149281.44|1992-01-08|true
5259399|83807|235555.99|1992-01-08|true
5260609|100600|207860.34|1992-01-08|true
5261894|79924|63866.43|1992-01-08|true
5282055|24940|214887.27|1992-01-08|true
5292292|71710|17350.62|1992-01-08|true
5301252|115252|326386.02|1992-01-08|true
5306336|119482|95429.65|1992-01-08|true
5307585|52630|154139.78|1992-01-08|true
5308006|104747|196394.91|1992-01-08|true
5308068|146947|202332.19|1992-01-08|true
5308292|56540|225967.04|1992-01-08|true
5310371|54550|18258.39|1992-01-08|true
5310471|126304|193892.12|1992-01-08|true
5314017|146428|137224.06|1992-01-08|true
5315713|64571|217879.74|1992-01-08|true
5335078|24500|216506.08|1992-01-08|true
5349159|94331|287150.32|1992-01-08|true
5352097|55262|233659.62|1992-01-08|true
5364224|71572|236890.45|1992-01-08|true
5366980|113248|68252.96|1992-01-08|true
5388706|72839|158370.94|1992-01-08|true
5389184|67204|47353.00|1992-01-08|true
5398823|99662|156953.92|1992-01-08|true
5398915|15109|236657.44|1992-01-08|true
5399616|107716|30173.22|1992-01-08|true
5420705|114028|82617.30|1992-01-08|true
5423011|147088|221668.46|1992-01-08|true
5441120|144397|2881.67|1992-01-08|true
5481124|139286|80243.64|1992-01-08|true
5481285|9037|233297.37|1992-01-08|true
5482627|44440|166758.94|1992-01-08|true
5486086|64876|230844.60|1992-01-08|true
5518593|110954|49479.10|1992-01-08|true
5530022|130228|206765.31|1992-01-08|true
5535079|122027|216871.79|1992-01-08|true
5537189|8102|46974.71|1992-01-08|true
5540066|93661|177092.55|1992-01-08|true
5549248|10729|358031.58|1992-01-08|true
5572291|15374|151489.89|1992-01-08|true
5582594|138739|189073.39|1992-01-08|true
5591106|97468|233103.03|1992-01-08|true
5597991|29407|23936.17|1992-01-08|true
5607969|61441|48212.99|1992-01-08|true
5609154|71462|128100.65|1992-01-08|true
5613700|73417|245875.80|1992-01-08|true
5629024|64382|40056.51|1992-01-08|true
5647014|69199|54123.33|1992-01-08|true
5651489|48278|330098.28|1992-01-08|true
5661508|137050|280805.45|1992-01-08|true
5664199|133571|122973.16|1992-01-08|true
5666368|8854|330767.42|1992-01-08|true
5687459|30049|46927.46|1992-01-08|true
5698144|16765|195291.11|1992-01-08|true
5702406|121442|63003.53|1992-01-08|true
5742817|115225|42689.20|1992-01-08|true
5750624|102052|18594.41|1992-01-08|true
5754082|44281|161599.87|1992-01-08|true
5772484|141397|30058.75|1992-01-08|true
5775491|61031|72172.51|1992-01-08|true
5781477|31873|32633.66|1992-01-08|true
5781539|91780|3350.04|1992-01-08|true
5820645|111607|149450.98|1992-01-08|true
5830853|66469|198748.33|1992-01-08|true
5834695|157|223538.15|1992-01-08|true
5850022|39016|44616.50|1992-01-08|true
5863649|69245|244606.18|1992-01-08|true
5866976|32753|107454.45|1992-01-08|true
5887012|26320|115247.66|1992-01-08|true
5895201|52159|87267.04|1992-01-08|true
5907043|124663|7122.50|1992-01-08|true
5908996|31387|279203.19|1992-01-08|true
5917383|81250|177332.72|1992-01-08|true
5920581|58156|172895.05|1992-01-08|true
5941185|19006|224099.77|1992-01-08|true
5945760|78209|15750.98|1992-01-08|true
5975141|78520|147146.97|1992-01-08|true
5981732|119614|40254.48|1992-01-08|true
5601|10915|-41602.25|1992-01-08|false
161954|127711|-16539.66|1992-01-08|false
189441|26461|-37654.02|1992-01-08|false
263813|133249|-2693.70|1992-01-08|false
280641|67216|-36156.48|1992-01-08|false
388037|87964|-3020.78|1992-01-08|false
457536|69991|-76334.85|1992-01-08|false
520480|116957|-9398.60|1992-01-08|false
583171|149860|-28189.80|1992-01-08|false
616770|18067|-6674.73|1992-01-08|false
672162|135749|-72742.69|1992-01-08|false
700258|45493|-19913.62|1992-01-08|false
722981|118669|-34560.69|1992-01-08|false
776901|21616|-48733.56|1992-01-08|false
802693|92795|-48795.65|1992-01-08|false
814690|101803|-48376.03|1992-01-08|false
844422|42526|-32105.97|1992-01-08|false
912866|2596|-1665.03|1992-01-08|false
1082756|11948|-24880.83|1992-01-08|false
1091458|99907|-9056.32|1992-01-08|false
1163808|96832|-40535.21|1992-01-08|false
1166980|6940|-15436.84|1992-01-08|false
1186308|23122|-68226.10|1992-01-08|false
1191874|5111|-4856.13|1992-01-08|false
1251649|71753|-9250.93|1992-01-08|false
1340711|128017|-69992.34|1992-01-08|false
1382336|119389|-16515.27|1992-01-08|false
1448197|14431|-54400.56|1992-01-08|false
1476004|110743|-19874.90|1992-01-08|false
1557027|14446|-27202.28|1992-01-08|false
1561058|70652|-29708.59|1992-01-08|false
1574886|19111|-39188.22|1992-01-08|false
1593862|22036|-5507.23|1992-01-08|false
1668677|22313|-28225.14|1992-01-08|false
1752321|33889|-36759.82|1992-01-08|false
1799075|39848|-64654.86|1992-01-08|false
1804263|9476|-27968.13|1992-01-08|false
1834759|57448|-1257.07|1992-01-08|false
1842528|129617|-44150.00|1992-01-08|false
1889061|61793|-37122.54|1992-01-08|false
1903302|12947|-31951.69|1992-01-08|false
1909088|90670|-14307.94|1992-01-08|false
1981604|127454|-39513.24|1992-01-08|false
2097956|138047|-7349.91|1992-01-08|false
2184032|120376|-39171.90|1992-01-08|false
2213446|96428|-6479.74|1992-01-08|false
2238566|34972|-56394.41|1992-01-08|false
2258596|122044|-58350.05|1992-01-08|false
2319558|56164|-65820.71|1992-01-08|false
2381223|33088|-22964.42|1992-01-08|false
2427425|53053|-20608.46|1992-01-08|false
2476964|129707|-60458.01|1992-01-08|false
2607072|83758|-48225.72|1992-01-08|false
2715140|18538|-25825.15|1992-01-08|false
2717607|94549|-50625.88|1992-01-08|false
2727042|49192|-35722.32|1992-01-08|false
2785572|108134|-46322.73|1992-01-08|false
2802241|42710|-40898.58|1992-01-08|false
2807878|149317|-49195.12|1992-01-08|false
2852225|78058|-21059.00|1992-01-08|false
2856518|128908|-43015.57|1992-01-08|false
2918115|68306|-40817.97|1992-01-08|false
2951520|52540|-61290.10|1992-01-08|false
2955008|119677|-34939.10|1992-01-08|false
2956871|96373|-50915.09|1992-01-08|false
3058243|59893|-52489.58|1992-01-08|false
3137796|64288|-52851.90|1992-01-08|false
3192579|74006|-54566.09|1992-01-08|false
3223424|1552|-18911.71|1992-01-08|false
3227847|60668|-54604.68|1992-01-08|false
3276069|121637|-28288.09|1992-01-08|false
3437988|36467|-65049.63|1992-01-08|false
3519556|74885|-51896.74|1992-01-08|false
3537317|95230|-24379.54|1992-01-08|false
3622375|7325|-1206.24|1992-01-08|false
3643680|123635|-53657.28|1992-01-08|false
3646598|43594|-4402.94|1992-01-08|false
3648039|47050|-1283.86|1992-01-08|false
3696455|55804|-18604.35|1992-01-08|false
3741120|9694|-80142.43|1992-01-08|false
3795425|45016|-39314.36|1992-01-08|false
3848615|52504|-28786.48|1992-01-08|false
3885153|95596|-14401.76|1992-01-08|false
3970437|42346|-10765.07|1992-01-08|false
3973414|13060|-3276.49|1992-01-08|false
4022055|142312|-57832.89|1992-01-08|false
4247588|115285|-7768.48|1992-01-08|false
4265127|35398|-46716.20|1992-01-08|false
4324771|142297|-21908.07|1992-01-08|false
4342979|22921|-6704.54|1992-01-08|false
4412258|132907|-86268.65|1992-01-08|false
4437187|29848|-29288.88|1992-01-08|false
4446240|135205|-1214.32|1992-01-08|false
4505796|51283|-3390.15|1992-01-08|false
4527910|118505|-30699.11|1992-01-08|false
4542337|26404|-44168.54|1992-01-08|false
4554916|111454|-39843.21|1992-01-08|false
4566662|52139|-12723.10|1992-01-08|false
4581349|114850|-76868.39|1992-01-08|false
4592007|98867|-26800.52|1992-01-08|false
4667046|69955|-50887.17|1992-01-08|false
4736545|117140|-60763.07|1992-01-08|false
4749669|88795|-16604.19|1992-01-08|false
4848003|32215|-19384.38|1992-01-08|false
4859650|133502|-54765.71|1992-01-08|false
4992805|77926|-12562.99|1992-01-08|false
5087202|118820|-31549.50|1992-01-08|false
5093862|77278|-14190.26|1992-01-08|false
5133408|56677|-62667.75|1992-01-08|false
5139778|93199|-42983.36|1992-01-08|false
5332163|112225|-10549.90|1992-01-08|false
5341059|16036|-17313.10|1992-01-08|false
5348130|134446|-64614.61|1992-01-08|false
5363942|54148|-54200.85|1992-01-08|false
5449345|11426|-76148.57|1992-01-08|false
5464034|5758|-21701.70|1992-01-08|false
5482118|43577|-89854.70|1992-01-08|false
5508097|80057|-47293.10|1992-01-08|false
5518850|34823|-2160.56|1992-01-08|false
5557568|50473|-35338.10|1992-01-08|false
5573797|67135|-31715.93|1992-01-08|false
5660774|53731|-1636.45|1992-01-08|false
5695205|15335|-42670.92|1992-01-08|false
5758404|142648|-20986.71|1992-01-08|false
5820484|84034|-40175.08|1992-01-08|false
5867072|59977|-64274.25|1992-01-08|false
5906087|28190|-42937.44|1992-01-08|false
5912327|74878|-51230.42|1992-01-08|false
5969889|92818|-54370.60|1992-01-08|false
5976226|81875|-28861.92|1992-01-08|false
5991650|89773|-59799.60|1992-01-08|false
4292|24346|178034.87|1992-01-09|true
5409|12613|196949.92|1992-01-09|true
7042|35845|188765.69|1992-01-09|true
14726|127879|74174.24|1992-01-09|true
23334|144299|48636.58|1992-01-09|true
26818|118537|301385.25|1992-01-09|true
42886|126466|73469.43|1992-01-09|true
54307|98605|206900.47|1992-01-09|true
59456|101014|130894.90|1992-01-09|true
67462|58822|147333.29|1992-01-09|true
75045|61852|109663.69|1992-01-09|true
75488|112151|263654.00|1992-01-09|true
77318|25849|191330.60|1992-01-09|true
79815|121090|37705.95|1992-01-09|true
87815|67109|90589.41|1992-01-09|true
95111|31379|47959.41|1992-01-09|true
109444|139214|86077.25|1992-01-09|true
124517|85657|142933.09|1992-01-09|true
129697|94408|29628.42|1992-01-09|true
135429|134825|160013.45|1992-01-09|true
135651|138007|99902.50|1992-01-09|true
142817|91679|126913.28|1992-01-09|true
184929|15559|249250.88|1992-01-09|true
186116|70379|39285.22|1992-01-09|true
188356|38176|79355.32|1992-01-09|true
202242|134672|156463.65|1992-01-09|true
208583|66826|151788.79|1992-01-09|true
210983|722|203082.43|1992-01-09|true
231623|120748|98840.99|1992-01-09|true
234788|105199|149889.34|1992-01-09|true
240610|142843|56193.49|1992-01-09|true
250246|124675|149016.80|1992-01-09|true
261510|92678|74125.61|1992-01-09|true
265030|69640|52783.41|1992-01-09|true
272423|51224|312469.92|1992-01-09|true
272646|104248|244804.87|1992-01-09|true
280230|46789|277434.48|1992-01-09|true
284551|35408|211638.85|1992-01-09|true
294087|112990|9519.06|1992-01-09|true
302880|93763|45999.72|1992-01-09|true
303778|69586|239472.52|1992-01-09|true
325478|144883|301236.29|1992-01-09|true
342726|134305|89305.90|1992-01-09|true
346497|119836|67953.05|1992-01-09|true
348807|68992|111858.39|1992-01-09|true
355588|14281|188937.20|1992-01-09|true
362849|62624|109872.78|1992-01-09|true
371041|54376|191053.57|1992-01-09|true
383813|55111|42056.01|1992-01-09|true
385824|75389|130491.96|1992-01-09|true
387361|102034|201642.50|1992-01-09|true
388710|46603|301572.18|1992-01-09|true
392101|136354|44417.73|1992-01-09|true
407910|117907|5056.02|1992-01-09|true
420736|93871|79500.40|1992-01-09|true
425634|92728|124223.83|1992-01-09|true
430087|24421|50615.81|1992-01-09|true
431525|3332|55901.07|1992-01-09|true
434886|46210|24400.90|1992-01-09|true
442691|131188|150542.51|1992-01-09|true
462241|136636|170756.34|1992-01-09|true
480999|132067|210693.10|1992-01-09|true
492583|99440|128212.05|1992-01-09|true
504423|19207|103595.05|1992-01-09|true
511463|44815|268796.43|1992-01-09|true
519584|136576|123244.58|1992-01-09|true
524679|14438|3619.98|1992-01-09|true
528103|48473|6938.10|1992-01-09|true
546560|67004|121723.16|1992-01-09|true
572928|135961|170072.40|1992-01-09|true
583205|32518|63670.78|1992-01-09|true
587076|5888|83923.71|1992-01-09|true
593699|140975|237481.41|1992-01-09|true
608484|64531|180460.27|1992-01-09|true
611810|121961|65246.99|1992-01-09|true
613351|78722|37775.53|1992-01-09|true
634848|141638|265174.36|1992-01-09|true
670052|132676|143747.94|1992-01-09|true
676352|21382|74364.32|1992-01-09|true
677414|54398|176374.21|1992-01-09|true
695044|95320|88914.01|1992-01-09|true
706087|104905|103476.17|1992-01-09|true
707233|127852|37872.35|1992-01-09|true
713762|91306|63660.11|1992-01-09|true
714598|41842|78363.76|1992-01-09|true
726756|91414|89347.09|1992-01-09|true
727109|143137|158713.29|1992-01-09|true
729894|21805|81039.79|1992-01-09|true
754307|48979|101735.65|1992-01-09|true
759330|12508|52893.57|1992-01-09|true
759590|99620|82113.80|1992-01-09|true
780967|101168|256701.30|1992-01-09|true
791590|45005|87863.62|1992-01-09|true
792421|115402|112062.89|1992-01-09|true
844166|44899|1518.39|1992-01-09|true
856708|77569|201270.42|1992-01-09|true
865604|120595|210830.87|1992-01-09|true
872481|27653|82075.57|1992-01-09|true
908033|149941|14505.91|1992-01-09|true
917890|147637|97734.97|1992-01-09|true
946951|47749|146216.53|1992-01-09|true
958407|91249|163444.75|1992-01-09|true
977057|20392|308079.24|1992-01-09|true
981223|32278|247483.97|1992-01-09|true
986981|120652|277067.52|1992-01-09|true
988131|15109|67785.68|1992-01-09|true
991298|144338|237409.88|1992-01-09|true
1003878|54110|29982.79|1992-01-09|true
1006693|19094|267766.83|1992-01-09|true
1010946|43642|204300.78|1992-01-09|true
1048071|34900|219808.82|1992-01-09|true
1088964|138098|29864.60|1992-01-09|true
1104231|20734|195360.15|1992-01-09|true
1135908|139552|79784.47|1992-01-09|true
1144487|67610|104848.23|1992-01-09|true
1189093|72797|187850.59|1992-01-09|true
1238945|63127|202495.19|1992-01-09|true
1253344|109841|167026.69|1992-01-09|true
1254851|46301|222236.55|1992-01-09|true
1256739|91108|125394.70|1992-01-09|true
1257347|82772|137907.39|1992-01-09|true
1274883|80188|14788.16|1992-01-09|true
1298081|58855|140817.76|1992-01-09|true
1298948|10201|245502.57|1992-01-09|true
1303426|32795|128150.24|1992-01-09|true
1314562|47590|79391.13|1992-01-09|true
1317123|61477|201552.97|1992-01-09|true
1336576|1025|175808.17|1992-01-09|true
1338023|92819|187646.41|1992-01-09|true
1344133|43231|203806.74|1992-01-09|true
1370661|81988|35961.41|1992-01-09|true
1373184|46888|92257.26|1992-01-09|true
1376228|118160|371876.66|1992-01-09|true
1383840|143014|136777.76|1992-01-09|true
1383907|47033|160870.26|1992-01-09|true
1384100|148702|78092.69|1992-01-09|true
1395876|69778|28364.82|1992-01-09|true
1410432|22771|216300.00|1992-01-09|true
1411972|126367|202156.39|1992-01-09|true
1416326|128650|283685.41|1992-01-09|true
1425061|2915|219179.22|1992-01-09|true
1439270|126184|258285.89|1992-01-09|true
1444615|126679|72873.71|1992-01-09|true
1470564|114085|249921.45|1992-01-09|true
1480484|40714|145905.74|1992-01-09|true
1497442|30733|60776.38|1992-01-09|true
1502464|63955|175781.04|1992-01-09|true
1504609|94423|148156.98|1992-01-09|true
1519268|118307|295226.02|1992-01-09|true
1521441|99058|349453.39|1992-01-09|true
1545152|63166|53732.78|1992-01-09|true
1548390|41774|140666.43|1992-01-09|true
1568582|41675|173723.72|1992-01-09|true
1573540|80446|63516.89|1992-01-09|true
1575106|19793|90553.60|1992-01-09|true
1577155|36322|374755.31|1992-01-09|true
1609634|12667|304207.26|1992-01-09|true
1612964|114154|120143.81|1992-01-09|true
1640998|108515|3099.40|1992-01-09|true
1652836|1237|212605.04|1992-01-09|true
1663265|86933|175120.32|1992-01-09|true
1667271|122521|218691.06|1992-01-09|true
1671397|42118|29500.88|1992-01-09|true
1678595|134962|238260.18|1992-01-09|true
1744832|144940|78115.12|1992-01-09|true
1747232|45518|114092.65|1992-01-09|true
1763013|39230|77066.62|1992-01-09|true
1764837|27613|103927.98|1992-01-09|true
1775840|2905|203069.82|1992-01-09|true
1783111|10114|63266.62|1992-01-09|true
1791777|58561|54278.04|1992-01-09|true
1791911|45173|138128.74|1992-01-09|true
1797892|67891|162186.54|1992-01-09|true
1798946|64975|215371.37|1992-01-09|true
1801732|21148|180884.63|1992-01-09|true
1810209|23965|1998.57|1992-01-09|true
1812832|86194|18691.71|1992-01-09|true
1814020|44806|112924.20|1992-01-09|true
1815457|49219|94740.09|1992-01-09|true
1828576|122804|190454.73|1992-01-09|true
1829154|131353|248031.68|1992-01-09|true
1829511|101591|226553.35|1992-01-09|true
1830695|126794|93538.92|1992-01-09|true
1855043|92998|1929.01|1992-01-09|true
1864129|119386|143513.96|1992-01-09|true
1896064|141659|227465.07|1992-01-09|true
1901280|72490|239703.72|1992-01-09|true
1911043|139694|317979.50|1992-01-09|true
1914851|77938|22060.21|1992-01-09|true
1916774|46364|137123.24|1992-01-09|true
1930272|75631|33641.98|1992-01-09|true
1940549|17969|130222.36|1992-01-09|true
1940673|25835|43830.78|1992-01-09|true
1941664|93676|312562.72|1992-01-09|true
1970659|98954|57381.84|1992-01-09|true
1971554|416|163380.52|1992-01-09|true
1974880|18808|27408.09|1992-01-09|true
1977219|116870|151338.32|1992-01-09|true
1979968|80890|197628.66|1992-01-09|true
1983015|79988|58275.40|1992-01-09|true
1993767|25747|23315.67|1992-01-09|true
1994755|86162|29260.24|1992-01-09|true
2011621|98242|184183.54|1992-01-09|true
2014596|13291|91315.06|1992-01-09|true
2029222|25507|187309.62|1992-01-09|true
2036964|113468|76548.54|1992-01-09|true
2045254|143413|40971.31|1992-01-09|true
2055331|6847|155827.08|1992-01-09|true
2060039|94303|205402.60|1992-01-09|true
2063008|138085|207645.43|1992-01-09|true
2079137|101554|316605.99|1992-01-09|true
2083521|131233|200573.82|1992-01-09|true
2105668|95867|17854.52|1992-01-09|true
2119204|31916|143386.39|1992-01-09|true
2137637|60616|169309.04|1992-01-09|true
2142371|34720|155166.64|1992-01-09|true
2156035|75361|72454.23|1992-01-09|true
2169125|73810|203261.24|1992-01-09|true
2171109|96475|186918.33|1992-01-09|true
2190726|51112|165190.56|1992-01-09|true
2192966|119164|175211.75|1992-01-09|true
2200004|107242|82170.02|1992-01-09|true
2204644|41815|164012.91|1992-01-09|true
2222342|67819|35545.84|1992-01-09|true
2233575|86191|126376.00|1992-01-09|true
2234818|46936|207602.86|1992-01-09|true
2247399|123302|31634.37|1992-01-09|true
2251653|12623|52435.03|1992-01-09|true
2266694|131557|53765.96|1992-01-09|true
2290917|124033|244556.09|1992-01-09|true
2292866|106963|13726.71|1992-01-09|true
2308960|126986|183046.10|1992-01-09|true
2324163|83372|90672.22|1992-01-09|true
2326182|129605|139066.41|1992-01-09|true
2334343|101480|140863.17|1992-01-09|true
2342118|105511|3925.93|1992-01-09|true
2342343|134150|56936.71|1992-01-09|true
2353093|142538|125438.34|1992-01-09|true
2373158|108121|140258.42|1992-01-09|true
2377348|93727|225126.69|1992-01-09|true
2379622|119905|275920.40|1992-01-09|true
2385509|69700|51588.77|1992-01-09|true
2388230|122900|94550.87|1992-01-09|true
2391713|106018|340916.88|1992-01-09|true
2395717|94138|275626.59|1992-01-09|true
2413575|28363|104579.98|1992-01-09|true
2421952|126886|265653.25|1992-01-09|true
2422276|87049|212953.12|1992-01-09|true
2434340|113710|169710.35|1992-01-09|true
2452356|124319|59843.33|1992-01-09|true
2461123|125095|65969.52|1992-01-09|true
2463328|117244|260354.01|1992-01-09|true
2475908|47522|323753.07|1992-01-09|true
2482146|68951|123828.98|1992-01-09|true
2484386|23692|89075.97|1992-01-09|true
2495649|51817|66980.77|1992-01-09|true
2513478|78745|162897.51|1992-01-09|true
2524224|1585|111139.64|1992-01-09|true
2527936|87040|112738.77|1992-01-09|true
2556130|149683|75457.48|1992-01-09|true
2560518|145219|316121.98|1992-01-09|true
2581185|46409|35893.80|1992-01-09|true
2606593|122698|129314.34|1992-01-09|true
2607619|27961|268680.82|1992-01-09|true
2610243|6281|207146.87|1992-01-09|true
2621094|136000|159871.27|1992-01-09|true
2628706|122069|67004.43|1992-01-09|true
2629346|90535|9878.40|1992-01-09|true
2635206|127330|230645.24|1992-01-09|true
2635653|148999|47275.02|1992-01-09|true
2646629|40837|252877.39|1992-01-09|true
2647745|56987|136425.13|1992-01-09|true
2654470|123182|215580.79|1992-01-09|true
2659393|143530|50218.12|1992-01-09|true
2666309|126232|49703.85|1992-01-09|true
2669665|135832|13738.41|1992-01-09|true
2670592|3427|129196.70|1992-01-09|true
2676448|65647|52871.22|1992-01-09|true
2679205|29683|85649.02|1992-01-09|true
2685763|905|9305.88|1992-01-09|true
2697121|130219|165268.62|1992-01-09|true
2700996|129391|255761.34|1992-01-09|true
2712961|43966|152781.27|1992-01-09|true
2713410|143530|260555.55|1992-01-09|true
2717345|34759|194032.09|1992-01-09|true
2731364|18499|252478.22|1992-01-09|true
2746789|15061|300508.63|1992-01-09|true
2754023|64580|86624.36|1992-01-09|true
2757795|83995|37166.67|1992-01-09|true
2764578|124033|174289.86|1992-01-09|true
2779943|97081|38645.15|1992-01-09|true
2790788|18055|132379.17|1992-01-09|true
2791686|118861|54773.73|1992-01-09|true
2797446|115456|150546.71|1992-01-09|true
2820263|121027|103302.44|1992-01-09|true
2821316|130265|250160.92|1992-01-09|true
2827873|10831|144919.72|1992-01-09|true
2830529|62203|13513.62|1992-01-09|true
2831745|121403|181686.05|1992-01-09|true
2836903|118444|87104.41|1992-01-09|true
2840290|63433|11684.40|1992-01-09|true
2844866|79586|178969.68|1992-01-09|true
2851777|38449|227869.07|1992-01-09|true
2855396|13244|259645.26|1992-01-09|true
2861892|92672|176084.00|1992-01-09|true
2863106|33359|73997.72|1992-01-09|true
2863170|32512|269537.87|1992-01-09|true
2871393|121957|144860.31|1992-01-09|true
2876580|36055|175376.11|1992-01-09|true
2877121|5224|100946.46|1992-01-09|true
2879779|67966|256022.70|1992-01-09|true
2885411|3806|1532.24|1992-01-09|true
2895460|126590|33324.55|1992-01-09|true
2922595|51680|180938.03|1992-01-09|true
2953636|45457|93992.29|1992-01-09|true
2958150|35308|108631.73|1992-01-09|true
2975814|115936|159121.04|1992-01-09|true
2984228|11590|121612.06|1992-01-09|true
3006695|9007|235595.41|1992-01-09|true
3031044|131780|88860.71|1992-01-09|true
3039527|103919|7998.08|1992-01-09|true
3044354|107182|68325.56|1992-01-09|true
3069895|64501|169539.52|1992-01-09|true
3071748|77990|260119.96|1992-01-09|true
3082754|64846|63201.40|1992-01-09|true
3095265|17236|76039.59|1992-01-09|true
3095392|81386|266571.07|1992-01-09|true
3130401|112351|254878.05|1992-01-09|true
3137953|59615|181801.62|1992-01-09|true
3151588|132160|133668.44|1992-01-09|true
3152228|14341|137978.57|1992-01-09|true
3153223|145054|233379.77|1992-01-09|true
3158784|52774|180647.65|1992-01-09|true
3159712|87358|162287.19|1992-01-09|true
3175170|96076|81488.31|1992-01-09|true
3180705|5248|151583.06|1992-01-09|true
3182976|59935|176097.64|1992-01-09|true
3222916|24736|43175.38|1992-01-09|true
3251238|87361|167802.64|1992-01-09|true
3253029|120439|190298.91|1992-01-09|true
3276326|61547|158294.68|1992-01-09|true
3278213|141797|313521.93|1992-01-09|true
3285927|107197|43770.12|1992-01-09|true
3294630|23713|100372.39|1992-01-09|true
3295811|47539|318046.73|1992-01-09|true
3296065|30649|77843.70|1992-01-09|true
3339783|24707|205762.98|1992-01-09|true
3341319|83272|332437.43|1992-01-09|true
3352322|50209|254775.58|1992-01-09|true
3372353|35098|60489.96|1992-01-09|true
3373415|113983|195525.49|1992-01-09|true
3374052|146020|129106.95|1992-01-09|true
3386115|77932|220973.18|1992-01-09|true
3394949|20086|46368.64|1992-01-09|true
3395107|50296|3677.64|1992-01-09|true
3400961|39448|8711.34|1992-01-09|true
3416740|7781|179147.39|1992-01-09|true
3427202|104326|54667.58|1992-01-09|true
3456739|133810|128531.17|1992-01-09|true
3460416|138746|106970.88|1992-01-09|true
3466240|82433|82905.68|1992-01-09|true
3477124|81457|105737.47|1992-01-09|true
3520867|137761|183345.82|1992-01-09|true
3522117|89317|66446.66|1992-01-09|true
3530562|81037|234217.78|1992-01-09|true
3535620|9088|173271.02|1992-01-09|true
3544678|28237|23433.52|1992-01-09|true
3553127|8128|59997.70|1992-01-09|true
3554306|119437|347590.41|1992-01-09|true
3574626|12175|38328.04|1992-01-09|true
3576192|17914|220013.30|1992-01-09|true
3577986|112192|281793.03|1992-01-09|true
3582082|131224|16742.62|1992-01-09|true
3587520|44080|115869.31|1992-01-09|true
3605472|124672|104421.44|1992-01-09|true
3622562|8407|93875.80|1992-01-09|true
3637121|96245|100062.71|1992-01-09|true
3647427|105928|284630.93|1992-01-09|true
3649351|63184|67774.86|1992-01-09|true
3650210|131179|32367.40|1992-01-09|true
3652516|131432|181994.27|1992-01-09|true
3660741|53326|171868.10|1992-01-09|true
3672833|82285|241036.91|1992-01-09|true
3673412|19849|128968.52|1992-01-09|true
3680741|25691|78860.42|1992-01-09|true
3685601|108694|74583.46|1992-01-09|true
3702754|83197|213905.11|1992-01-09|true
3707616|520|233967.00|1992-01-09|true
3707714|99422|160275.47|1992-01-09|true
3712800|44056|104588.53|1992-01-09|true
3715302|41614|196309.73|1992-01-09|true
3725414|120080|140759.50|1992-01-09|true
3740006|145262|194116.33|1992-01-09|true
3752675|136904|221406.36|1992-01-09|true
3772710|58708|243648.27|1992-01-09|true
3777475|5350|25135.45|1992-01-09|true
3779333|61210|149522.38|1992-01-09|true
3780289|90044|289293.41|1992-01-09|true
3783428|99232|156361.04|1992-01-09|true
3787136|51034|64799.46|1992-01-09|true
3787875|147070|112997.16|1992-01-09|true
3790305|28384|147430.59|1992-01-09|true
3794050|90946|84764.27|1992-01-09|true
3796290|721|149900.48|1992-01-09|true
3802629|20528|223765.95|1992-01-09|true
3836003|8138|60675.79|1992-01-09|true
3842917|39700|149149.17|1992-01-09|true
3844099|112424|73171.83|1992-01-09|true
3857701|148844|109125.41|1992-01-09|true
3863011|50404|190992.37|1992-01-09|true
3868832|44788|123428.64|1992-01-09|true
3915591|132572|84948.18|1992-01-09|true
3937857|79891|252708.85|1992-01-09|true
3946180|122096|238020.24|1992-01-09|true
3950691|41164|183819.22|1992-01-09|true
3957829|146198|287068.34|1992-01-09|true
3964742|72559|207119.15|1992-01-09|true
3967078|74033|229383.32|1992-01-09|true
3987522|94168|95332.16|1992-01-09|true
3992481|69865|77142.83|1992-01-09|true
4030278|27524|164738.42|1992-01-09|true
4032260|28856|22284.27|1992-01-09|true
4033153|143462|139561.83|1992-01-09|true
4036068|146987|155127.45|1992-01-09|true
4065440|52880|258616.70|1992-01-09|true
4073028|129883|56801.44|1992-01-09|true
4075717|49078|69274.01|1992-01-09|true
4092868|83699|100810.72|1992-01-09|true
4107073|27433|21203.01|1992-01-09|true
4112225|93478|142350.43|1992-01-09|true
4120674|70549|111162.64|1992-01-09|true
4132039|84842|54633.87|1992-01-09|true
4132197|146632|236233.06|1992-01-09|true
4135175|80236|147337.45|1992-01-09|true
4136256|92074|325481.75|1992-01-09|true
4140581|138491|62636.55|1992-01-09|true
4142501|18892|120519.40|1992-01-09|true
4143072|51916|229996.41|1992-01-09|true
4159812|49141|148430.93|1992-01-09|true
4164133|144557|174322.76|1992-01-09|true
4169792|147343|181604.01|1992-01-09|true
4180609|44647|62260.42|1992-01-09|true
4208934|138796|224838.76|1992-01-09|true
4218754|71048|97604.75|1992-01-09|true
4221186|61780|265084.14|1992-01-09|true
4224929|34609|110177.74|1992-01-09|true
4231457|117784|199100.79|1992-01-09|true
4232231|64799|119636.10|1992-01-09|true
4253826|9625|90579.55|1992-01-09|true
4263041|63095|206995.08|1992-01-09|true
4278241|103834|273643.01|1992-01-09|true
4298274|24109|133368.22|1992-01-09|true
4305991|112100|174772.44|1992-01-09|true
4313441|45755|137406.49|1992-01-09|true
4323808|11582|244305.68|1992-01-09|true
4335394|39250|188057.48|1992-01-09|true
4356516|113359|208863.17|1992-01-09|true
4358531|75154|257409.37|1992-01-09|true
4364133|87302|70253.80|1992-01-09|true
4373509|148430|324060.86|1992-01-09|true
4377794|27607|262732.13|1992-01-09|true
4390337|92579|165789.07|1992-01-09|true
4404610|53578|195122.36|1992-01-09|true
4408163|104926|81164.05|1992-01-09|true
4418052|60695|143158.70|1992-01-09|true
4419074|135134|255982.31|1992-01-09|true
4421126|109138|312005.65|1992-01-09|true
4423397|94148|171435.01|1992-01-09|true
4439075|77447|159432.15|1992-01-09|true
4455619|46813|130588.61|1992-01-09|true
4486628|106760|75385.26|1992-01-09|true
4503267|16318|31020.08|1992-01-09|true
4506628|14329|43139.04|1992-01-09|true
4513350|28489|248889.88|1992-01-09|true
4530150|94345|118732.67|1992-01-09|true
4536996|134275|181979.79|1992-01-09|true
4561923|74308|130725.06|1992-01-09|true
4571488|112211|91278.90|1992-01-09|true
4571520|66160|196640.10|1992-01-09|true
4572391|85444|243657.19|1992-01-09|true
4581220|36382|130955.72|1992-01-09|true
4582688|13198|159376.91|1992-01-09|true
4592389|11131|216629.79|1992-01-09|true
4607367|8293|22550.62|1992-01-09|true
4612227|74317|136038.40|1992-01-09|true
4616128|25639|206148.66|1992-01-09|true
4616610|84920|154578.32|1992-01-09|true
4667237|91111|23514.00|1992-01-09|true
4667750|116404|259619.25|1992-01-09|true
4722023|45202|25858.86|1992-01-09|true
4722722|42965|83047.99|1992-01-09|true
4740385|77809|268269.06|1992-01-09|true
4743398|55540|293417.96|1992-01-09|true
4744743|248|306132.26|1992-01-09|true
4750182|66871|155162.25|1992-01-09|true
4772069|83734|20132.99|1992-01-09|true
4776647|117823|107742.36|1992-01-09|true
4780385|148561|142439.46|1992-01-09|true
4788291|24028|108719.22|1992-01-09|true
4798886|20828|258257.41|1992-01-09|true
4799813|95026|103514.99|1992-01-09|true
4802855|96727|147549.46|1992-01-09|true
4809760|15052|111795.14|1992-01-09|true
4821571|4072|68418.08|1992-01-09|true
4821986|138592|118256.26|1992-01-09|true
4846467|4585|34459.92|1992-01-09|true
4857893|142579|109316.64|1992-01-09|true
4859590|38752|315091.44|1992-01-09|true
4875840|90668|81183.25|1992-01-09|true
4878403|40192|65659.40|1992-01-09|true
4882471|110275|46590.00|1992-01-09|true
4892002|136588|156173.17|1992-01-09|true
4898434|9323|64520.85|1992-01-09|true
4901767|84925|281768.53|1992-01-09|true
4904100|75817|13610.74|1992-01-09|true
4906309|124061|105058.37|1992-01-09|true
4915681|88939|257426.88|1992-01-09|true
4918948|13402|88189.35|1992-01-09|true
4935073|42568|7015.57|1992-01-09|true
4939459|7426|41408.41|1992-01-09|true
4944736|119479|56039.33|1992-01-09|true
4954118|74873|287867.25|1992-01-09|true
4957120|9541|14658.65|1992-01-09|true
4999264|58780|240288.84|1992-01-09|true
5004964|1310|76040.00|1992-01-09|true
5010373|90104|165761.45|1992-01-09|true
5023426|29395|164251.79|1992-01-09|true
5028321|82087|257094.63|1992-01-09|true
5030854|24070|39576.48|1992-01-09|true
5038759|89846|300397.80|1992-01-09|true
5040291|45280|87292.98|1992-01-09|true
5041670|74050|135072.95|1992-01-09|true
5047937|147355|245936.70|1992-01-09|true
5059973|52795|37502.43|1992-01-09|true
5063271|77615|337276.71|1992-01-09|true
5072675|14479|131957.75|1992-01-09|true
5096928|23210|111553.42|1992-01-09|true
5102562|32323|106133.73|1992-01-09|true
5110086|107168|76608.49|1992-01-09|true
5123558|71327|9517.95|1992-01-09|true
5141219|17072|103723.34|1992-01-09|true
5143111|5363|241080.91|1992-01-09|true
5150662|8149|361601.70|1992-01-09|true
5158117|40109|184797.05|1992-01-09|true
5160513|60355|263947.13|1992-01-09|true
5163522|5755|44950.44|1992-01-09|true
5170917|54220|149666.44|1992-01-09|true
5179552|121960|111539.17|1992-01-09|true
5195299|69796|58372.28|1992-01-09|true
5201921|21257|354149.69|1992-01-09|true
5228519|75994|106219.79|1992-01-09|true
5235430|106283|158265.82|1992-01-09|true
5241060|48553|164829.27|1992-01-09|true
5250950|3614|70807.39|1992-01-09|true
5257185|63209|298173.80|1992-01-09|true
5277509|118438|144486.19|1992-01-09|true
5290629|109927|11943.84|1992-01-09|true
5293316|18118|138563.65|1992-01-09|true
5293894|115159|291872.05|1992-01-09|true
5299879|58901|111314.02|1992-01-09|true
5303968|114062|94097.70|1992-01-09|true
5306245|125077|321687.35|1992-01-09|true
5323745|136018|295077.25|1992-01-09|true
5324869|138593|95598.44|1992-01-09|true
5327748|37477|74820.82|1992-01-09|true
5338311|118774|199688.98|1992-01-09|true
5338534|147170|66196.17|1992-01-09|true
5344902|44348|148928.50|1992-01-09|true
5354082|2171|192765.84|1992-01-09|true
5355429|85904|159834.25|1992-01-09|true
5358689|147185|140148.01|1992-01-09|true
5386306|109838|339090.26|1992-01-09|true
5394465|105665|63014.69|1992-01-09|true
5398662|14801|138417.86|1992-01-09|true
5413925|45398|238430.06|1992-01-09|true
5423910|104164|112488.22|1992-01-09|true
5427622|28979|200534.58|1992-01-09|true
5432640|11660|222779.63|1992-01-09|true
5436323|79988|91485.87|1992-01-09|true
5438853|63869|145709.47|1992-01-09|true
5455654|54175|173244.79|1992-01-09|true
5476514|3979|86525.01|1992-01-09|true
5493318|43409|369313.61|1992-01-09|true
5511494|24523|278335.78|1992-01-09|true
5516353|92053|200723.13|1992-01-09|true
5521729|94375|255492.78|1992-01-09|true
5555174|117592|85471.60|1992-01-09|true
5571841|1319|257479.31|1992-01-09|true
5574784|81554|136540.14|1992-01-09|true
5576227|133762|236842.76|1992-01-09|true
5581922|94090|84563.21|1992-01-09|true
5595366|129826|284695.76|1992-01-09|true
5596356|96095|218878.27|1992-01-09|true
5602627|1810|42830.67|1992-01-09|true
5605891|5734|135261.28|1992-01-09|true
5610688|103856|63990.37|1992-01-09|true
5611843|135793|256840.58|1992-01-09|true
5614976|141416|108072.95|1992-01-09|true
5633632|50257|144360.30|1992-01-09|true
5659714|119402|149492.05|1992-01-09|true
5661027|117046|111776.52|1992-01-09|true
5665061|33856|92450.76|1992-01-09|true
5685285|139330|325083.33|1992-01-09|true
5687591|30169|6166.80|1992-01-09|true
5688962|106264|80817.00|1992-01-09|true
5696293|122641|273035.19|1992-01-09|true
5702724|139489|170991.86|1992-01-09|true
5709094|121270|64489.76|1992-01-09|true
5713830|98287|164096.82|1992-01-09|true
5734368|28054|150597.61|1992-01-09|true
5736416|125119|89228.11|1992-01-09|true
5744676|18698|137051.35|1992-01-09|true
5767396|121282|63652.18|1992-01-09|true
5772101|138622|31596.70|1992-01-09|true
5777159|97714|81802.68|1992-01-09|true
5778055|95653|139678.52|1992-01-09|true
5791873|133214|24905.17|1992-01-09|true
5811620|97138|305483.38|1992-01-09|true
5812738|149050|21247.78|1992-01-09|true
5822722|67370|78043.65|1992-01-09|true
5848483|90352|263453.56|1992-01-09|true
5860037|94063|49634.33|1992-01-09|true
5862432|30664|216069.01|1992-01-09|true
5869794|23075|167716.69|1992-01-09|true
5886503|118183|44369.87|1992-01-09|true
5889856|112322|27027.12|1992-01-09|true
5892900|11279|172119.37|1992-01-09|true
5900549|52249|38409.32|1992-01-09|true
5907783|86590|186455.23|1992-01-09|true
5916066|80623|58425.83|1992-01-09|true
5922275|123620|37505.20|1992-01-09|true
5924357|3325|190211.00|1992-01-09|true
5925095|49771|130371.90|1992-01-09|true
5943746|138214|19246.69|1992-01-09|true
5947843|6298|90271.99|1992-01-09|true
5957059|64021|82150.89|1992-01-09|true
5957892|140251|292007.56|1992-01-09|true
5964582|78367|54769.48|1992-01-09|true
5966757|8257|31026.60|1992-01-09|true
5987298|148283|151851.02|1992-01-09|true
5994659|99317|246105.71|1992-01-09|true
5997570|33863|158693.49|1992-01-09|true
9379|34955|-20170.67|1992-01-09|false
53988|58816|-13144.64|1992-01-09|false
130852|116437|-28846.26|1992-01-09|false
150183|89894|-47810.80|1992-01-09|false
175975|7511|-38264.16|1992-01-09|false
261251|79408|-16469.99|1992-01-09|false
278788|78295|-18780.60|1992-01-09|false
331108|86950|-32906.50|1992-01-09|false
397350|116911|-44090.85|1992-01-09|false
410625|18814|-13425.47|1992-01-09|false
433446|126361|-48104.46|1992-01-09|false
437158|105217|-41104.73|1992-01-09|false
461190|110914|-34813.64|1992-01-09|false
461190|110914|-31195.78|1992-01-09|false
464774|1112|-1704.55|1992-01-09|false
468739|121607|-39131.46|1992-01-09|false
487427|79054|-25460.87|1992-01-09|false
509765|118885|-60971.76|1992-01-09|false
798917|134779|-47329.96|1992-01-09|false
808837|80959|-81289.05|1992-01-09|false
824292|14644|-29378.64|1992-01-09|false
827489|18358|-15187.99|1992-01-09|false
924933|133943|-20744.54|1992-01-09|false
982087|87854|-76356.46|1992-01-09|false
1063525|53458|-42302.58|1992-01-09|false
1152231|127213|-13026.40|1992-01-09|false
1163808|96832|-9916.72|1992-01-09|false
1166567|67190|-15221.76|1992-01-09|false
1175879|83029|-8441.64|1992-01-09|false
1263779|90235|-54750.65|1992-01-09|false
1281889|31976|-18598.54|1992-01-09|false
1302822|18016|-31134.96|1992-01-09|false
1390403|108304|-31527.84|1992-01-09|false
1400387|14518|-48888.18|1992-01-09|false
1490630|128764|-36911.22|1992-01-09|false
1562245|79423|-15162.44|1992-01-09|false
1597504|39884|-40042.68|1992-01-09|false
1598980|4976|-41449.73|1992-01-09|false
1785762|123511|-23451.45|1992-01-09|false
1796551|78223|-46960.79|1992-01-09|false
1825351|33911|-32625.79|1992-01-09|false
1834631|145088|-39445.29|1992-01-09|false
1840710|147706|-10525.28|1992-01-09|false
1853026|111394|-51400.35|1992-01-09|false
1889061|61793|-45471.13|1992-01-09|false
1915010|48694|-48740.31|1992-01-09|false
2050823|114839|-43374.55|1992-01-09|false
2052867|23194|-78645.28|1992-01-09|false
2053088|63982|-23571.58|1992-01-09|false
2088422|23728|-46274.44|1992-01-09|false
2094371|14246|-26423.80|1992-01-09|false
2116832|11836|-39530.02|1992-01-09|false
2118853|17818|-2293.43|1992-01-09|false
2161799|148319|-21548.90|1992-01-09|false
2164355|86206|-78917.40|1992-01-09|false
2204516|80066|-26067.15|1992-01-09|false
2246945|12124|-21896.13|1992-01-09|false
2276615|114455|-9157.39|1992-01-09|false
2342500|34442|-31839.11|1992-01-09|false
2345088|6778|-52727.04|1992-01-09|false
2476037|25909|-35098.51|1992-01-09|false
2484326|15293|-28024.52|1992-01-09|false
2533701|27167|-3921.11|1992-01-09|false
2607045|128744|-39453.61|1992-01-09|false
2642624|90922|-26575.20|1992-01-09|false
2677315|147838|-28496.01|1992-01-09|false
2688868|27955|-59230.54|1992-01-09|false
2693447|26237|-84102.82|1992-01-09|false
2715140|18538|-61476.12|1992-01-09|false
2746852|113309|-38748.23|1992-01-09|false
2748614|137026|-40738.57|1992-01-09|false
2802241|42710|-24623.56|1992-01-09|false
2804451|64793|-3419.48|1992-01-09|false
2804451|64793|-45713.06|1992-01-09|false
2810276|33364|-16748.45|1992-01-09|false
2926117|47569|-20773.77|1992-01-09|false
3006406|19699|-17248.80|1992-01-09|false
3061189|44360|-11095.09|1992-01-09|false
3095047|131306|-17665.07|1992-01-09|false
3227046|131398|-90003.47|1992-01-09|false
3240576|34246|-1296.76|1992-01-09|false
3240967|140974|-72887.78|1992-01-09|false
3270913|62663|-64061.00|1992-01-09|false
3290628|89518|-25955.66|1992-01-09|false
3334151|143783|-32832.70|1992-01-09|false
3369318|15349|-2437.08|1992-01-09|false
3392099|3520|-62584.82|1992-01-09|false
3492130|23632|-53060.28|1992-01-09|false
3625156|47318|-1815.77|1992-01-09|false
3707236|85432|-6227.17|1992-01-09|false
3710725|33907|-3732.80|1992-01-09|false
3720039|35140|-53549.02|1992-01-09|false
3738500|91649|-59401.29|1992-01-09|false
3837702|101680|-75353.65|1992-01-09|false
3914819|54401|-25961.92|1992-01-09|false
4052227|29533|-44128.17|1992-01-09|false
4061508|17656|-39625.06|1992-01-09|false
4116612|17425|-29385.47|1992-01-09|false
4117123|48119|-71229.44|1992-01-09|false
4135204|148573|-57823.16|1992-01-09|false
4163299|34771|-18082.04|1992-01-09|false
4222085|137320|-40987.82|1992-01-09|false
4234722|145654|-70829.30|1992-01-09|false
4248038|127510|-2412.88|1992-01-09|false
4262759|54790|-36630.40|1992-01-09|false
4285859|61159|-10657.23|1992-01-09|false
4340320|130138|-76510.68|1992-01-09|false
4384101|2920|-52080.61|1992-01-09|false
4408486|35888|-9517.18|1992-01-09|false
4535937|112126|-1556.32|1992-01-09|false
4603937|28777|-34171.52|1992-01-09|false
4627207|46043|-66999.69|1992-01-09|false
4697030|72215|-16874.01|1992-01-09|false
4791527|38134|-61760.10|1992-01-09|false
4811617|143050|-69102.40|1992-01-09|false
4847911|148565|-46919.52|1992-01-09|false
4854021|68344|-38529.04|1992-01-09|false
4855814|39487|-57560.16|1992-01-09|false
4906438|80032|-53974.01|1992-01-09|false
4918274|94681|-50036.43|1992-01-09|false
4932069|127370|-47248.59|1992-01-09|false
4934598|81103|-21869.44|1992-01-09|false
4951393|19544|-48495.77|1992-01-09|false
4952358|28133|-5496.00|1992-01-09|false
4960582|113920|-66743.19|1992-01-09|false
4996161|97717|-78504.39|1992-01-09|false
5002593|146399|-19209.32|1992-01-09|false
5165159|141004|-50177.78|1992-01-09|false
5222406|92800|-55238.55|1992-01-09|false
5257344|113957|-56507.93|1992-01-09|false
5259399|83807|-15835.39|1992-01-09|false
5283303|54475|-36005.64|1992-01-09|false
5290823|136816|-28751.50|1992-01-09|false
5315138|107596|-39567.06|1992-01-09|false
5361830|144154|-21163.41|1992-01-09|false
5420705|114028|-57857.28|1992-01-09|false
5471556|5038|-50953.02|1992-01-09|false
5485507|83875|-26347.03|1992-01-09|false
5517349|98711|-54179.43|1992-01-09|false
5535079|122027|-69458.76|1992-01-09|false
5545253|148066|-11700.46|1992-01-09|false
5590727|123379|-13480.95|1992-01-09|false
5616578|91109|-24394.61|1992-01-09|false
5622017|61264|-8059.56|1992-01-09|false
5677537|131788|-27107.59|1992-01-09|false
5696551|141292|-30336.82|1992-01-09|false
5746720|47860|-42233.88|1992-01-09|false
5764199|70421|-52123.80|1992-01-09|false
5867072|59977|-89922.48|1992-01-09|false
5867072|59977|-32767.79|1992-01-09|false
5902817|104884|-46139.07|1992-01-09|false
5943428|47746|-55192.72|1992-01-09|false
5998247|14444|-21941.91|1992-01-09|false
3744|64267|52746.38|1992-01-10|true
11296|83015|382976.43|1992-01-10|true
14820|113462|124350.03|1992-01-10|true
18180|100441|51085.65|1992-01-10|true
48704|19555|233157.91|1992-01-10|true
51424|94769|168257.05|1992-01-10|true
53474|11671|125562.80|1992-01-10|true
58915|103627|116112.77|1992-01-10|true
62051|36208|162968.89|1992-01-10|true
62883|88123|196487.74|1992-01-10|true
84455|101914|140345.45|1992-01-10|true
85383|104818|89076.35|1992-01-10|true
90439|115168|80756.75|1992-01-10|true
95558|107198|75547.90|1992-01-10|true
99713|84992|122241.28|1992-01-10|true
113348|51338|240104.08|1992-01-10|true
114083|7355|116111.14|1992-01-10|true
114275|27949|124422.18|1992-01-10|true
114883|86650|326852.14|1992-01-10|true
118628|78233|71900.06|1992-01-10|true
119456|89285|276044.50|1992-01-10|true
128422|83591|170188.95|1992-01-10|true
138979|55493|24054.12|1992-01-10|true
144741|53650|85948.94|1992-01-10|true
155782|41218|321972.95|1992-01-10|true
191939|15625|29979.75|1992-01-10|true
206437|27262|84909.96|1992-01-10|true
209957|8899|204387.25|1992-01-10|true
227047|69617|178231.08|1992-01-10|true
229025|98287|178455.58|1992-01-10|true
230144|145481|128256.86|1992-01-10|true
241221|142526|41674.36|1992-01-10|true
251076|98854|184611.49|1992-01-10|true
254853|82463|158209.65|1992-01-10|true
262433|8242|7363.68|1992-01-10|true
276961|138091|167924.32|1992-01-10|true
285702|89231|161151.41|1992-01-10|true
285767|72943|229293.11|1992-01-10|true
303873|121564|91885.94|1992-01-10|true
306950|129437|144910.79|1992-01-10|true
318562|47534|168565.64|1992-01-10|true
324230|13747|144308.38|1992-01-10|true
334790|64703|60289.20|1992-01-10|true
357382|120185|52846.56|1992-01-10|true
357764|14821|122649.31|1992-01-10|true
361314|92374|212141.52|1992-01-10|true
365281|131431|49548.60|1992-01-10|true
376068|107141|28453.40|1992-01-10|true
378400|6938|91314.78|1992-01-10|true
383650|118067|112426.67|1992-01-10|true
383968|46015|123805.59|1992-01-10|true
390113|55231|196996.53|1992-01-10|true
395269|9422|60537.29|1992-01-10|true
418150|23113|56804.43|1992-01-10|true
431077|54679|134085.19|1992-01-10|true
442338|8236|6266.19|1992-01-10|true
462083|22687|61582.05|1992-01-10|true
467552|43783|30593.49|1992-01-10|true
467941|40294|56554.28|1992-01-10|true
468801|114203|88452.51|1992-01-10|true
471138|10582|212270.98|1992-01-10|true
475168|137116|134306.90|1992-01-10|true
501383|131902|232583.11|1992-01-10|true
503492|20116|148840.64|1992-01-10|true
517057|44123|191170.76|1992-01-10|true
524708|102926|41749.91|1992-01-10|true
529958|26560|82852.55|1992-01-10|true
533829|116396|252788.67|1992-01-10|true
536100|123805|128184.35|1992-01-10|true
541796|30229|163448.41|1992-01-10|true
544453|96778|129418.84|1992-01-10|true
544807|121243|189943.58|1992-01-10|true
547074|4624|91618.11|1992-01-10|true
547521|55489|162401.76|1992-01-10|true
556262|56633|42450.53|1992-01-10|true
558757|12671|126877.59|1992-01-10|true
565094|37997|261801.26|1992-01-10|true
571203|76297|249496.85|1992-01-10|true
589219|149020|123549.53|1992-01-10|true
617056|95645|26876.66|1992-01-10|true
627203|94696|175334.40|1992-01-10|true
631907|79184|93662.55|1992-01-10|true
641414|89392|353101.57|1992-01-10|true
645286|107731|262365.11|1992-01-10|true
653925|131656|150652.95|1992-01-10|true
666630|22565|289995.88|1992-01-10|true
684997|138511|25528.07|1992-01-10|true
691718|49552|10340.37|1992-01-10|true
694848|127808|142202.75|1992-01-10|true
697571|130570|53178.96|1992-01-10|true
697670|28045|88198.05|1992-01-10|true
711904|67871|77396.08|1992-01-10|true
717285|32104|221381.83|1992-01-10|true
730241|149779|63900.90|1992-01-10|true
730789|55603|37168.79|1992-01-10|true
731143|96229|319752.92|1992-01-10|true
739075|25060|149539.62|1992-01-10|true
750113|35651|120445.05|1992-01-10|true
761862|124595|117641.32|1992-01-10|true
764419|134149|194381.30|1992-01-10|true
764609|16349|192155.51|1992-01-10|true
764869|32920|162800.58|1992-01-10|true
772385|102590|125664.05|1992-01-10|true
772769|7135|150152.37|1992-01-10|true
775494|42019|237392.33|1992-01-10|true
799746|136288|298147.89|1992-01-10|true
805184|75079|142325.32|1992-01-10|true
814373|1507|102640.80|1992-01-10|true
817509|2459|311112.91|1992-01-10|true
830432|111961|106884.06|1992-01-10|true
866245|34160|44769.25|1992-01-10|true
890466|77557|204884.47|1992-01-10|true
893761|8978|44477.15|1992-01-10|true
905700|22483|315711.38|1992-01-10|true
929862|139474|108163.96|1992-01-10|true
942144|43816|18176.69|1992-01-10|true
952261|92488|291611.75|1992-01-10|true
957446|73057|64556.24|1992-01-10|true
957795|144310|18495.72|1992-01-10|true
961377|51166|105261.60|1992-01-10|true
968998|25066|129785.29|1992-01-10|true
976679|30040|24579.00|1992-01-10|true
980003|118108|67404.75|1992-01-10|true
986658|115522|85915.38|1992-01-10|true
1048768|20431|53493.30|1992-01-10|true
1052517|141499|138688.96|1992-01-10|true
1081861|92039|206626.51|1992-01-10|true
1085031|58192|32055.70|1992-01-10|true
1089025|1951|196103.93|1992-01-10|true
1089123|25109|207747.62|1992-01-10|true
1091076|13318|245575.95|1992-01-10|true
1092103|87641|37130.91|1992-01-10|true
1104934|21827|227798.88|1992-01-10|true
1113344|140393|102922.79|1992-01-10|true
1123843|145277|134581.64|1992-01-10|true
1135175|30865|62317.73|1992-01-10|true
1136771|84221|50463.97|1992-01-10|true
1152422|47324|113321.72|1992-01-10|true
1161349|143095|138683.85|1992-01-10|true
1162688|103211|10068.25|1992-01-10|true
1170630|36340|137728.92|1992-01-10|true
1178497|8398|145122.37|1992-01-10|true
1197894|132452|93638.84|1992-01-10|true
1228481|34846|270390.02|1992-01-10|true
1235744|75448|50508.28|1992-01-10|true
1240229|111395|253342.03|1992-01-10|true
1244323|139174|132093.25|1992-01-10|true
1247171|126593|154652.55|1992-01-10|true
1270213|55882|99287.41|1992-01-10|true
1271494|115559|127722.32|1992-01-10|true
1274855|94210|243537.38|1992-01-10|true
1292386|37627|123648.40|1992-01-10|true
1301058|100867|113719.40|1992-01-10|true
1312258|90980|213559.03|1992-01-10|true
1317763|143665|171811.73|1992-01-10|true
1318115|41791|147197.95|1992-01-10|true
1341859|135778|106461.00|1992-01-10|true
1348423|48028|272002.27|1992-01-10|true
1363970|53953|229448.33|1992-01-10|true
1369248|34216|320761.13|1992-01-10|true
1370182|100766|6334.34|1992-01-10|true
1377025|14080|209857.70|1992-01-10|true
1378019|138569|158600.63|1992-01-10|true
1378082|26947|14830.30|1992-01-10|true
1380320|114208|279374.80|1992-01-10|true
1386528|143440|154985.11|1992-01-10|true
1400066|85715|124254.70|1992-01-10|true
1402658|119326|229596.27|1992-01-10|true
1407941|19831|239908.79|1992-01-10|true
1415616|6302|64331.87|1992-01-10|true
1417186|881|3629.31|1992-01-10|true
1420807|47500|237144.75|1992-01-10|true
1428935|88927|103905.33|1992-01-10|true
1432323|145699|149334.64|1992-01-10|true
1433925|45559|113742.76|1992-01-10|true
1434306|112564|54274.26|1992-01-10|true
1434982|31021|224557.74|1992-01-10|true
1443941|112519|229042.64|1992-01-10|true
1448067|4231|83753.72|1992-01-10|true
1469157|94880|134278.08|1992-01-10|true
1506209|39941|92966.38|1992-01-10|true
1509253|39352|37945.58|1992-01-10|true
1510119|57811|302435.65|1992-01-10|true
1531939|3046|193199.07|1992-01-10|true
1533701|134932|184769.30|1992-01-10|true
1534179|71603|79241.61|1992-01-10|true
1548545|82885|56921.35|1992-01-10|true
1550404|129037|17427.75|1992-01-10|true
1576612|147184|158643.86|1992-01-10|true
1596868|143981|182141.28|1992-01-10|true
1602018|74074|265589.37|1992-01-10|true
1626629|85588|68331.10|1992-01-10|true
1627207|57979|167880.58|1992-01-10|true
1652709|66283|145137.79|1992-01-10|true
1674145|135325|152718.07|1992-01-10|true
1676038|115414|144539.25|1992-01-10|true
1689575|132775|192320.63|1992-01-10|true
1704068|112174|84414.50|1992-01-10|true
1722663|41360|91328.07|1992-01-10|true
1747970|74239|5212.28|1992-01-10|true
1749447|116500|205993.37|1992-01-10|true
1750791|11371|102053.39|1992-01-10|true
1754534|106178|181538.11|1992-01-10|true
1784160|100715|154237.71|1992-01-10|true
1785699|100205|141072.82|1992-01-10|true
1793285|146108|8096.16|1992-01-10|true
1802759|124837|51567.62|1992-01-10|true
1802816|86546|54992.02|1992-01-10|true
1821763|40925|267767.28|1992-01-10|true
1823424|34|223795.81|1992-01-10|true
1839364|812|50334.48|1992-01-10|true
1845345|135952|78567.34|1992-01-10|true
1855011|28552|213572.83|1992-01-10|true
1864326|74509|22871.46|1992-01-10|true
1866150|517|196360.91|1992-01-10|true
1888448|76318|294654.86|1992-01-10|true
1893381|111718|94690.16|1992-01-10|true
1897028|126626|126061.63|1992-01-10|true
1927524|13417|99337.86|1992-01-10|true
1928641|69202|288522.65|1992-01-10|true
1931553|128716|254025.92|1992-01-10|true
1943334|100114|196387.30|1992-01-10|true
1967942|124226|88184.23|1992-01-10|true
1972097|33514|112405.40|1992-01-10|true
1977921|104782|89698.15|1992-01-10|true
1988356|148174|39622.16|1992-01-10|true
2003108|66599|93231.97|1992-01-10|true
2005859|138428|287940.33|1992-01-10|true
2008835|108673|76321.27|1992-01-10|true
2020164|135211|76602.39|1992-01-10|true
2033699|95518|118753.34|1992-01-10|true
2036321|10456|112166.26|1992-01-10|true
2041792|52645|121672.78|1992-01-10|true
2047812|112435|114016.07|1992-01-10|true
2054465|146194|383691.86|1992-01-10|true
2072258|65845|2221.74|1992-01-10|true
2073442|67990|128967.04|1992-01-10|true
2079780|42638|60092.00|1992-01-10|true
2088293|143089|248394.54|1992-01-10|true
2089315|48463|122975.89|1992-01-10|true
2090562|26341|113273.62|1992-01-10|true
2090625|26080|106154.59|1992-01-10|true
2098470|99163|193701.45|1992-01-10|true
2101379|76718|166950.68|1992-01-10|true
2102182|79438|16426.04|1992-01-10|true
2135328|135320|1457.37|1992-01-10|true
2161760|5834|338780.06|1992-01-10|true
2163749|49111|160569.90|1992-01-10|true
2169633|46828|299302.91|1992-01-10|true
2171494|66599|242965.93|1992-01-10|true
2173538|15125|162222.82|1992-01-10|true
2187010|84316|38432.20|1992-01-10|true
2200037|120695|131517.23|1992-01-10|true
2219744|134426|223481.63|1992-01-10|true
2236582|32284|206834.49|1992-01-10|true
2238021|139355|226092.48|1992-01-10|true
2240166|118459|35152.02|1992-01-10|true
2240578|113315|292510.84|1992-01-10|true
2245701|67402|218855.50|1992-01-10|true
2253058|110404|20581.36|1992-01-10|true
2261538|133078|212111.71|1992-01-10|true
2264576|5692|73070.67|1992-01-10|true
2292291|1178|79836.04|1992-01-10|true
2299843|99101|261156.32|1992-01-10|true
2306629|49423|135294.23|1992-01-10|true
2308384|25603|49396.27|1992-01-10|true
2316900|39040|82345.42|1992-01-10|true
2320866|57175|132562.66|1992-01-10|true
2326467|57935|217527.27|1992-01-10|true
2347203|137288|111994.10|1992-01-10|true
2363939|40939|103971.75|1992-01-10|true
2365924|112753|68212.92|1992-01-10|true
2383271|16225|147753.04|1992-01-10|true
2388929|136181|200153.69|1992-01-10|true
2415719|105656|277514.68|1992-01-10|true
2423238|59737|230768.00|1992-01-10|true
2436225|104212|3870.76|1992-01-10|true
2448514|31361|163853.33|1992-01-10|true
2452039|136666|130829.76|1992-01-10|true
2463460|61910|107457.36|1992-01-10|true
2466912|139909|169852.47|1992-01-10|true
2480802|59671|109447.34|1992-01-10|true
2499043|4616|288703.96|1992-01-10|true
2510880|89102|249191.34|1992-01-10|true
2513318|94237|169145.84|1992-01-10|true
2547939|38269|247952.67|1992-01-10|true
2554433|121016|176126.70|1992-01-10|true
2565094|52000|131490.65|1992-01-10|true
2566342|123451|175091.71|1992-01-10|true
2580101|18440|207440.98|1992-01-10|true
2582115|35726|121644.57|1992-01-10|true
2584325|21334|136971.84|1992-01-10|true
2591139|135277|105373.21|1992-01-10|true
2612997|8890|184252.14|1992-01-10|true
2627781|706|87702.44|1992-01-10|true
2628998|63670|253532.19|1992-01-10|true
2630055|115610|334612.23|1992-01-10|true
2647491|98870|174254.50|1992-01-10|true
2653538|3161|81747.44|1992-01-10|true
2657923|37927|210649.71|1992-01-10|true
2662151|64894|95513.32|1992-01-10|true
2672199|20692|277092.84|1992-01-10|true
2701094|24637|128540.54|1992-01-10|true
2702913|5788|224661.75|1992-01-10|true
2708737|65146|37495.44|1992-01-10|true
2720578|134704|31210.03|1992-01-10|true
2725922|129721|96369.75|1992-01-10|true
2734469|130865|53757.89|1992-01-10|true
2741666|118820|98403.73|1992-01-10|true
2742786|27434|219810.54|1992-01-10|true
2749347|88124|192484.86|1992-01-10|true
2752096|22598|207436.64|1992-01-10|true
2775841|78448|179423.71|1992-01-10|true
2778502|110359|97866.35|1992-01-10|true
2781157|149872|44874.79|1992-01-10|true
2784769|59044|33776.64|1992-01-10|true
2793284|133027|218992.08|1992-01-10|true
2811267|12631|252950.63|1992-01-10|true
2812327|1567|107905.14|1992-01-10|true
2817830|64903|132721.73|1992-01-10|true
2855459|6685|40234.89|1992-01-10|true
2865123|26018|159837.97|1992-01-10|true
2875777|112448|107649.19|1992-01-10|true
2888102|131249|159264.05|1992-01-10|true
2890214|86782|218728.11|1992-01-10|true
2913765|3661|99527.36|1992-01-10|true
2936423|36265|238195.97|1992-01-10|true
2940996|10912|184088.80|1992-01-10|true
2943458|84550|141034.17|1992-01-10|true
2966276|16780|92314.07|1992-01-10|true
2979522|28798|115642.52|1992-01-10|true
2979523|96703|71614.80|1992-01-10|true
2980705|115582|282879.62|1992-01-10|true
2991365|23735|84029.67|1992-01-10|true
3003936|93731|250917.95|1992-01-10|true
3005379|18697|174375.49|1992-01-10|true
3021190|113425|232941.14|1992-01-10|true
3024167|43511|68103.25|1992-01-10|true
3029760|141043|65290.53|1992-01-10|true
3032806|144487|82844.87|1992-01-10|true
3044128|39970|226007.01|1992-01-10|true
3044611|80656|272276.53|1992-01-10|true
3063525|82660|36084.72|1992-01-10|true
3089861|127630|147283.80|1992-01-10|true
3099043|129958|165343.19|1992-01-10|true
3121126|52408|252372.03|1992-01-10|true
3132001|64769|288877.45|1992-01-10|true
3143494|71137|50818.51|1992-01-10|true
3143621|29603|155632.45|1992-01-10|true
3158083|106534|16069.95|1992-01-10|true
3160064|106300|17407.88|1992-01-10|true
3170278|143683|87463.74|1992-01-10|true
3171460|56602|35968.32|1992-01-10|true
3184192|111673|57062.04|1992-01-10|true
3187392|128683|141317.35|1992-01-10|true
3197411|13484|179006.85|1992-01-10|true
3207045|21739|18272.86|1992-01-10|true
3209031|61180|314752.45|1992-01-10|true
3223588|55346|318987.31|1992-01-10|true
3234400|108119|62097.36|1992-01-10|true
3243399|81998|141067.92|1992-01-10|true
3243943|29791|219128.93|1992-01-10|true
3262339|133895|271796.24|1992-01-10|true
3269121|50486|251357.65|1992-01-10|true
3271137|20141|211678.12|1992-01-10|true
3285888|83137|150293.14|1992-01-10|true
3293856|35371|205320.93|1992-01-10|true
3303617|44930|80069.39|1992-01-10|true
3304130|55976|117077.39|1992-01-10|true
3305895|65345|162607.92|1992-01-10|true
3312770|135940|64095.77|1992-01-10|true
3320391|96487|28463.69|1992-01-10|true
3323652|135842|153578.76|1992-01-10|true
3341633|69425|57702.64|1992-01-10|true
3387847|44605|55629.79|1992-01-10|true
3390757|22547|172664.45|1992-01-10|true
3412704|67996|76030.84|1992-01-10|true
3424837|41260|110660.97|1992-01-10|true
3438279|96223|130434.34|1992-01-10|true
3444032|138571|52356.57|1992-01-10|true
3451172|123443|243602.84|1992-01-10|true
3451399|60521|87066.48|1992-01-10|true
3458631|5812|24626.82|1992-01-10|true
3463942|119065|150266.14|1992-01-10|true
3470496|46960|256227.12|1992-01-10|true
3477191|42767|284475.72|1992-01-10|true
3485381|93829|122124.56|1992-01-10|true
3492898|71710|33764.38|1992-01-10|true
3502432|91732|274855.72|1992-01-10|true
3502946|37232|94230.49|1992-01-10|true
3510343|78010|155128.80|1992-01-10|true
3515652|25072|260340.41|1992-01-10|true
3519457|51404|216177.94|1992-01-10|true
3522981|37270|66067.24|1992-01-10|true
3536162|29416|75676.45|1992-01-10|true
3537568|6137|43086.95|1992-01-10|true
3565477|60796|53577.07|1992-01-10|true
3566501|38825|125410.04|1992-01-10|true
3568610|6325|207051.45|1992-01-10|true
3586818|90680|313141.32|1992-01-10|true
3587969|110980|177443.31|1992-01-10|true
3614657|57026|220073.80|1992-01-10|true
3630692|38044|223942.87|1992-01-10|true
3643718|111121|55124.42|1992-01-10|true
3645059|38974|266065.10|1992-01-10|true
3650692|55660|67728.65|1992-01-10|true
3670948|123163|223567.51|1992-01-10|true
3674407|71185|101033.69|1992-01-10|true
3699846|8258|22861.53|1992-01-10|true
3743201|134263|155650.18|1992-01-10|true
3751174|6869|303938.90|1992-01-10|true
3752160|51346|188794.31|1992-01-10|true
3764096|6973|197803.44|1992-01-10|true
3765347|84455|133908.81|1992-01-10|true
3765924|140729|207795.22|1992-01-10|true
3786625|121810|33444.28|1992-01-10|true
3809123|15157|208114.48|1992-01-10|true
3817927|80389|213146.82|1992-01-10|true
3819041|36632|223605.09|1992-01-10|true
3824295|58651|311599.64|1992-01-10|true
3825575|38474|210193.65|1992-01-10|true
3833604|26992|182706.84|1992-01-10|true
3837345|13555|75730.87|1992-01-10|true
3842529|35545|52606.85|1992-01-10|true
3881058|53896|58425.43|1992-01-10|true
3900582|147685|52527.98|1992-01-10|true
3904739|91354|271223.95|1992-01-10|true
3918850|74035|45875.93|1992-01-10|true
3933505|84238|39627.64|1992-01-10|true
3940615|19015|79366.35|1992-01-10|true
3961990|125221|370476.48|1992-01-10|true
3971749|121970|43449.77|1992-01-10|true
3975394|77615|192812.01|1992-01-10|true
3975395|62536|141967.65|1992-01-10|true
3977510|124126|110479.95|1992-01-10|true
3997761|122977|22992.25|1992-01-10|true
4004710|143174|86805.80|1992-01-10|true
4010148|105017|214073.11|1992-01-10|true
4034502|139495|174202.81|1992-01-10|true
4048133|34939|177456.96|1992-01-10|true
4049702|71698|138099.07|1992-01-10|true
4049735|4942|28166.06|1992-01-10|true
4058886|43541|183078.74|1992-01-10|true
4069063|119230|67384.12|1992-01-10|true
4069991|61948|23286.32|1992-01-10|true
4070787|1807|55595.98|1992-01-10|true
4071682|125333|68238.28|1992-01-10|true
4081472|149476|123285.01|1992-01-10|true
4086725|102442|36979.76|1992-01-10|true
4086978|130915|49745.50|1992-01-10|true
4088583|96605|155804.36|1992-01-10|true
4091171|101401|202909.65|1992-01-10|true
4108162|85852|100308.66|1992-01-10|true
4116706|126508|117378.80|1992-01-10|true
4125088|83257|176710.07|1992-01-10|true
4134144|81548|164317.24|1992-01-10|true
4142564|54436|70091.37|1992-01-10|true
4147717|128791|368036.22|1992-01-10|true
4152867|14765|190695.78|1992-01-10|true
4164704|89899|97144.34|1992-01-10|true
4190631|4048|170764.82|1992-01-10|true
4249315|2731|203242.98|1992-01-10|true
4257860|124222|256040.21|1992-01-10|true
4267047|101572|9891.70|1992-01-10|true
4277380|91106|262341.71|1992-01-10|true
4288709|77516|101979.48|1992-01-10|true
4319588|140014|56455.02|1992-01-10|true
4332612|106514|39057.80|1992-01-10|true
4333060|59417|309755.51|1992-01-10|true
4343141|147893|212402.33|1992-01-10|true
4361031|79177|95569.55|1992-01-10|true
4388769|125794|123037.04|1992-01-10|true
4403911|46852|107349.03|1992-01-10|true
4434083|138181|52385.31|1992-01-10|true
4437442|24518|331076.98|1992-01-10|true
4451845|37754|176640.27|1992-01-10|true
4464004|98639|99968.94|1992-01-10|true
4492800|12839|93219.84|1992-01-10|true
4497253|134686|117187.76|1992-01-10|true
4503236|136033|203321.21|1992-01-10|true
4509668|143098|113711.52|1992-01-10|true
4526276|21029|157949.38|1992-01-10|true
4528322|42731|41258.23|1992-01-10|true
4532967|58817|265605.00|1992-01-10|true
4543205|31340|227964.77|1992-01-10|true
4543779|41458|279488.78|1992-01-10|true
4544103|107525|129261.99|1992-01-10|true
4548992|51667|89205.16|1992-01-10|true
4553031|100441|213342.01|1992-01-10|true
4563235|39502|198888.17|1992-01-10|true
4570182|116233|6891.65|1992-01-10|true
4592130|133945|56238.87|1992-01-10|true
4604161|81241|241055.78|1992-01-10|true
4605415|99013|245946.45|1992-01-10|true
4607204|142630|219562.71|1992-01-10|true
4611655|119767|125317.60|1992-01-10|true
4619015|35033|18680.99|1992-01-10|true
4634406|30367|169713.26|1992-01-10|true
4635169|90031|87464.76|1992-01-10|true
4648449|568|34368.76|1992-01-10|true
4649696|135071|100725.68|1992-01-10|true
4658023|81940|119173.87|1992-01-10|true
4665063|85855|231462.81|1992-01-10|true
4695648|114292|113776.37|1992-01-10|true
4698278|63811|256328.01|1992-01-10|true
4702183|63800|146245.14|1992-01-10|true
4702917|89621|92192.46|1992-01-10|true
4707553|105490|331367.93|1992-01-10|true
4725863|59906|17191.49|1992-01-10|true
4736199|109132|100455.88|1992-01-10|true
4744038|15602|194315.07|1992-01-10|true
4747620|95080|37657.70|1992-01-10|true
4769632|8848|98305.52|1992-01-10|true
4778501|42497|99907.35|1992-01-10|true
4782116|85270|72547.50|1992-01-10|true
4792065|4996|82473.15|1992-01-10|true
4794662|127061|144102.06|1992-01-10|true
4810277|103717|144771.50|1992-01-10|true
4817440|96337|89749.42|1992-01-10|true
4820129|139732|141811.07|1992-01-10|true
4850502|3595|224885.95|1992-01-10|true
4869056|83011|92263.81|1992-01-10|true
4875750|95503|120177.44|1992-01-10|true
4877345|9727|155146.23|1992-01-10|true
4895013|84230|168522.28|1992-01-10|true
4904896|5131|155409.97|1992-01-10|true
4917222|77762|150436.28|1992-01-10|true
4919269|32785|121596.89|1992-01-10|true
4942245|106954|259086.69|1992-01-10|true
4951109|96329|70878.02|1992-01-10|true
4960544|134173|17572.52|1992-01-10|true
4969857|63323|66089.07|1992-01-10|true
4976449|105742|114668.25|1992-01-10|true
4978657|38999|86945.86|1992-01-10|true
5000355|66955|57932.94|1992-01-10|true
5003044|30634|44767.03|1992-01-10|true
5004387|132086|254126.02|1992-01-10|true
5021412|69235|269312.75|1992-01-10|true
5025254|114710|282082.19|1992-01-10|true
5041926|129002|70469.30|1992-01-10|true
5055842|72496|51818.80|1992-01-10|true
5060803|82562|190222.28|1992-01-10|true
5076519|23717|142622.90|1992-01-10|true
5078948|37327|135507.52|1992-01-10|true
5085795|15160|159023.56|1992-01-10|true
5090017|19007|189950.40|1992-01-10|true
5118631|132118|169385.43|1992-01-10|true
5118944|7988|72801.20|1992-01-10|true
5133827|142925|111920.22|1992-01-10|true
5136454|76363|16481.72|1992-01-10|true
5143553|93559|223400.15|1992-01-10|true
5167617|47674|181082.75|1992-01-10|true
5177285|61972|34184.72|1992-01-10|true
5192037|69202|157942.46|1992-01-10|true
5203301|19822|19458.68|1992-01-10|true
5211200|144400|237075.69|1992-01-10|true
5268133|91576|50211.15|1992-01-10|true
5275680|98942|161802.15|1992-01-10|true
5278113|40595|201144.48|1992-01-10|true
5280545|20495|52161.44|1992-01-10|true
5294631|7994|199863.05|1992-01-10|true
5323559|122557|227829.77|1992-01-10|true
5342560|106834|156778.16|1992-01-10|true
5342822|81515|291689.82|1992-01-10|true
5347617|145573|157575.92|1992-01-10|true
5356231|143749|45299.16|1992-01-10|true
5363271|103522|228096.52|1992-01-10|true
5367011|51109|205639.83|1992-01-10|true
5371366|66766|52025.08|1992-01-10|true
5381862|112739|269855.63|1992-01-10|true
5392097|24209|148843.80|1992-01-10|true
5417795|60310|172880.63|1992-01-10|true
5424962|1477|57665.39|1992-01-10|true
5452193|123365|232808.47|1992-01-10|true
5452451|63682|131901.95|1992-01-10|true
5453889|2683|66945.84|1992-01-10|true
5462467|65032|227685.88|1992-01-10|true
5488833|132688|60739.33|1992-01-10|true
5509888|47245|6239.32|1992-01-10|true
5520102|123397|191171.67|1992-01-10|true
5528961|51664|282963.23|1992-01-10|true
5536132|51832|92402.99|1992-01-10|true
5545574|2303|132265.07|1992-01-10|true
5585828|14152|235328.04|1992-01-10|true
5585985|89984|195936.54|1992-01-10|true
5617955|75713|216323.81|1992-01-10|true
5619268|8164|197866.30|1992-01-10|true
5624005|40216|61987.77|1992-01-10|true
5626592|3232|210449.30|1992-01-10|true
5628928|128795|152373.32|1992-01-10|true
5654406|14866|107315.23|1992-01-10|true
5666244|99239|67081.50|1992-01-10|true
5678565|16814|55798.86|1992-01-10|true
5682818|49015|257017.53|1992-01-10|true
5687971|61063|31856.51|1992-01-10|true
5701733|129319|188128.51|1992-01-10|true
5704385|96532|271929.19|1992-01-10|true
5720549|17152|56078.11|1992-01-10|true
5725799|15169|186006.91|1992-01-10|true
5734786|111764|125618.52|1992-01-10|true
5738596|29933|180893.01|1992-01-10|true
5743040|95042|96589.30|1992-01-10|true
5765857|130787|54489.70|1992-01-10|true
5814692|116876|49559.04|1992-01-10|true
5816740|98491|81463.91|1992-01-10|true
5817219|97378|51674.86|1992-01-10|true
5820672|129542|59321.31|1992-01-10|true
5829888|132287|226416.83|1992-01-10|true
5834690|21904|109245.71|1992-01-10|true
5860583|131047|196439.34|1992-01-10|true
5872194|149206|63361.34|1992-01-10|true
5874339|121396|9760.22|1992-01-10|true
5879781|100969|159311.31|1992-01-10|true
5890822|149690|236285.33|1992-01-10|true
5893252|80941|20409.05|1992-01-10|true
5908482|129415|29389.60|1992-01-10|true
5913344|125149|159585.23|1992-01-10|true
5916387|27668|192083.60|1992-01-10|true
5943712|49171|194422.11|1992-01-10|true
5945984|35096|138113.79|1992-01-10|true
5950016|139763|160390.83|1992-01-10|true
5968038|32227|202338.62|1992-01-10|true
5980071|147089|116222.01|1992-01-10|true
5982948|40381|101223.54|1992-01-10|true
5984231|73124|98055.65|1992-01-10|true
5994055|91793|96728.46|1992-01-10|true
81154|139810|-17284.02|1992-01-10|false
108992|149030|-15359.04|1992-01-10|false
124517|85657|-21944.74|1992-01-10|false
227620|127576|-43926.68|1992-01-10|false
269063|27740|-32877.53|1992-01-10|false
346916|63947|-33088.56|1992-01-10|false
346916|63947|-52908.60|1992-01-10|false
379845|136031|-48432.05|1992-01-10|false
388037|87964|-42749.69|1992-01-10|false
391429|129724|-56797.36|1992-01-10|false
429285|66158|-43523.46|1992-01-10|false
442691|131188|-60963.06|1992-01-10|false
456614|132706|-45797.15|1992-01-10|false
462241|136636|-25148.51|1992-01-10|false
474053|8842|-57633.00|1992-01-10|false
524387|132886|-72492.46|1992-01-10|false
577444|46040|-13106.98|1992-01-10|false
607137|129676|-21564.84|1992-01-10|false
687331|31751|-64397.23|1992-01-10|false
722981|118669|-6769.80|1992-01-10|false
746212|50914|-40543.17|1992-01-10|false
774599|81874|-76477.81|1992-01-10|false
843748|141799|-68483.84|1992-01-10|false
924804|94705|-86959.92|1992-01-10|false
937447|51733|-2171.09|1992-01-10|false
964547|70876|-20630.41|1992-01-10|false
988131|15109|-44507.88|1992-01-10|false
1014631|148100|-10209.46|1992-01-10|false
1081793|85418|-8806.86|1992-01-10|false
1141894|55352|-12575.14|1992-01-10|false
1143874|2665|-26244.71|1992-01-10|false
1221507|57104|-51386.94|1992-01-10|false
1247943|116392|-6931.36|1992-01-10|false
1253605|123871|-44021.08|1992-01-10|false
1301030|39881|-67682.57|1992-01-10|false
1311714|143665|-14746.05|1992-01-10|false
1356935|73300|-7079.55|1992-01-10|false
1399013|6694|-53950.30|1992-01-10|false
1417536|78598|-9971.61|1992-01-10|false
1450595|74758|-22830.20|1992-01-10|false
1458116|112501|-48145.68|1992-01-10|false
1573540|80446|-25877.81|1992-01-10|false
1607749|110986|-3635.21|1992-01-10|false
1607975|10096|-3869.61|1992-01-10|false
1617861|93268|-66583.71|1992-01-10|false
1658919|93130|-6886.90|1992-01-10|false
1822402|82864|-48484.33|1992-01-10|false
1858691|62756|-20604.01|1992-01-10|false
1864129|119386|-9352.10|1992-01-10|false
1977219|116870|-37685.31|1992-01-10|false
2041570|86635|-95221.74|1992-01-10|false
2050406|106871|-35326.74|1992-01-10|false
2066279|92447|-28041.87|1992-01-10|false
2078663|52153|-21012.36|1992-01-10|false
2151521|119926|-49321.44|1992-01-10|false
2153317|10762|-63181.01|1992-01-10|false
2192966|119164|-31838.48|1992-01-10|false
2212192|116240|-2876.82|1992-01-10|false
2219238|41459|-51571.84|1992-01-10|false
2225152|50891|-21924.61|1992-01-10|false
2225152|50891|-38880.58|1992-01-10|false
2234818|46936|-58832.29|1992-01-10|false
2323621|63367|-55157.67|1992-01-10|false
2340802|110263|-19300.46|1992-01-10|false
2411171|70762|-20748.06|1992-01-10|false
2606338|90544|-5020.85|1992-01-10|false
2621094|136000|-20448.54|1992-01-10|false
2642722|55504|-17620.99|1992-01-10|false
2654470|123182|-32073.38|1992-01-10|false
2688423|139750|-12136.68|1992-01-10|false
2699108|143582|-23676.31|1992-01-10|false
2730592|61555|-35645.94|1992-01-10|false
2732485|31531|-6019.92|1992-01-10|false
2752837|97687|-24851.58|1992-01-10|false
2764422|31594|-54759.90|1992-01-10|false
2785572|108134|-23353.01|1992-01-10|false
2879779|67966|-1922.58|1992-01-10|false
2882726|63871|-17714.00|1992-01-10|false
2898721|13441|-23150.40|1992-01-10|false
3002244|92489|-77697.54|1992-01-10|false
3044354|107182|-3786.55|1992-01-10|false
3099397|60118|-35891.25|1992-01-10|false
3102503|112564|-66932.58|1992-01-10|false
3130401|112351|-35904.99|1992-01-10|false
3153223|145054|-56053.31|1992-01-10|false
3159845|87541|-27789.31|1992-01-10|false
3172390|31013|-51223.62|1992-01-10|false
3187235|24299|-28800.58|1992-01-10|false
3240576|34246|-42027.97|1992-01-10|false
3244643|78022|-36670.32|1992-01-10|false
3265059|46442|-78533.24|1992-01-10|false
3266213|83590|-39649.45|1992-01-10|false
3277570|6955|-19347.29|1992-01-10|false
3285927|107197|-43770.12|1992-01-10|false
3315492|59708|-29664.12|1992-01-10|false
3335110|69134|-26410.00|1992-01-10|false
3336999|19538|-37434.57|1992-01-10|false
3339783|24707|-54414.35|1992-01-10|false
3349025|121591|-33815.37|1992-01-10|false
3359937|65270|-33658.80|1992-01-10|false
3392195|14230|-6799.00|1992-01-10|false
3398304|47953|-21730.06|1992-01-10|false
3426791|11503|-24272.10|1992-01-10|false
3460416|138746|-27392.74|1992-01-10|false
3490372|121775|-51340.72|1992-01-10|false
3517664|88192|-45700.01|1992-01-10|false
3525536|48047|-13399.57|1992-01-10|false
3546976|141070|-46371.31|1992-01-10|false
3577986|112192|-30900.44|1992-01-10|false
3582179|53083|-54115.82|1992-01-10|false
3608005|125365|-1668.96|1992-01-10|false
3616903|79366|-43632.29|1992-01-10|false
3638787|148177|-43673.16|1992-01-10|false
3651105|130537|-46524.24|1992-01-10|false
3667907|119611|-32736.60|1992-01-10|false
3726080|97160|-60322.92|1992-01-10|false
3787936|3097|-28909.56|1992-01-10|false
3911011|116942|-5544.99|1992-01-10|false
3943781|116089|-43518.92|1992-01-10|false
4033153|143462|-25246.27|1992-01-10|false
4093734|4933|-48229.38|1992-01-10|false
4154209|38674|-43692.20|1992-01-10|false
4159812|49141|-23982.01|1992-01-10|false
4163300|133850|-11386.88|1992-01-10|false
4187073|8948|-6353.30|1992-01-10|false
4193026|137830|-28097.45|1992-01-10|false
4267394|29738|-43910.15|1992-01-10|false
4320065|144661|-44221.54|1992-01-10|false
4323808|11582|-81947.50|1992-01-10|false
4373831|103855|-55637.30|1992-01-10|false
4384519|76780|-36650.18|1992-01-10|false
4427810|41636|-9887.96|1992-01-10|false
4446240|135205|-23230.90|1992-01-10|false
4455873|31202|-83373.27|1992-01-10|false
4477477|56056|-45305.42|1992-01-10|false
4505796|51283|-15302.56|1992-01-10|false
4513792|144545|-79029.49|1992-01-10|false
4543428|24422|-44141.12|1992-01-10|false
4552448|68869|-15978.89|1992-01-10|false
4556455|25015|-49390.60|1992-01-10|false
4592007|98867|-33826.48|1992-01-10|false
4615783|3127|-37144.69|1992-01-10|false
4664516|110314|-37141.68|1992-01-10|false
4783237|59006|-79109.88|1992-01-10|false
4791332|13093|-27537.35|1992-01-10|false
4880039|80419|-17564.99|1992-01-10|false
4885317|50407|-26041.49|1992-01-10|false
4890081|76111|-35830.30|1992-01-10|false
4893094|108404|-3929.74|1992-01-10|false
4918948|13402|-47767.22|1992-01-10|false
4939459|7426|-41408.41|1992-01-10|false
4999264|58780|-34946.57|1992-01-10|false
5010052|104875|-27029.97|1992-01-10|false
5028321|82087|-51564.57|1992-01-10|false
5048320|24014|-37710.36|1992-01-10|false
5063271|77615|-73982.22|1992-01-10|false
5150662|8149|-49388.46|1992-01-10|false
5182084|75761|-42069.75|1992-01-10|false
5202918|68651|-32728.55|1992-01-10|false
5202918|68651|-53113.68|1992-01-10|false
5309959|125660|-68087.88|1992-01-10|false
5316800|17803|-11912.92|1992-01-10|false
5317765|5975|-24554.09|1992-01-10|false
5332961|69916|-12886.05|1992-01-10|false
5371975|67736|-6567.94|1992-01-10|false
5377479|106756|-25270.94|1992-01-10|false
5398915|15109|-91759.09|1992-01-10|false
5402593|119948|-65552.43|1992-01-10|false
5454145|111721|-47807.14|1992-01-10|false
5515778|85051|-32301.83|1992-01-10|false
5572069|61795|-18078.88|1992-01-10|false
5640354|58582|-17814.13|1992-01-10|false
5698470|107155|-45095.58|1992-01-10|false
5820645|111607|-7484.81|1992-01-10|false
5892900|11279|-8335.85|1992-01-10|false
5921063|55324|-61888.70|1992-01-10|false
5975425|40549|-55788.68|1992-01-10|false
5994659|99317|-45007.67|1992-01-10|false
4998|31823|198219.22|1992-01-11|true
10053|143998|191500.96|1992-01-11|true
17540|86513|102035.26|1992-01-11|true
18275|20534|235721.26|1992-01-11|true
20708|100745|260102.40|1992-01-11|true
34662|75889|249335.16|1992-01-11|true
39648|65296|123680.60|1992-01-11|true
44033|136951|63715.44|1992-01-11|true
89954|38884|169270.41|1992-01-11|true
95527|56104|326079.81|1992-01-11|true
98310|106639|360576.44|1992-01-11|true
101286|110875|87118.61|1992-01-11|true
108961|44816|304492.74|1992-01-11|true
154821|112052|51066.87|1992-01-11|true
168256|9182|166180.88|1992-01-11|true
183616|52451|247035.14|1992-01-11|true
184899|92420|133022.41|1992-01-11|true
205318|87157|346079.27|1992-01-11|true
212896|107423|160437.21|1992-01-11|true
218850|47776|102158.39|1992-01-11|true
219170|52621|173132.44|1992-01-11|true
233536|92377|101795.54|1992-01-11|true
234020|81799|151563.75|1992-01-11|true
235872|83230|189298.18|1992-01-11|true
245351|73954|30426.55|1992-01-11|true
269606|142465|239441.22|1992-01-11|true
271652|37339|180010.54|1992-01-11|true
295943|134791|54435.03|1992-01-11|true
316935|141820|183335.84|1992-01-11|true
322947|85750|191052.62|1992-01-11|true
327073|36569|191883.87|1992-01-11|true
372199|142837|31528.38|1992-01-11|true
389639|49378|13723.58|1992-01-11|true
394784|69662|239549.94|1992-01-11|true
397250|92941|171517.08|1992-01-11|true
439460|143972|90596.66|1992-01-11|true
453573|103547|36876.48|1992-01-11|true
457862|87601|31566.00|1992-01-11|true
458724|81961|201365.53|1992-01-11|true
460323|129058|194658.23|1992-01-11|true
460742|137471|80508.36|1992-01-11|true
475847|7055|84541.43|1992-01-11|true
479527|57295|152442.16|1992-01-11|true
485959|10465|221447.22|1992-01-11|true
493254|139453|145822.93|1992-01-11|true
515234|91093|221158.17|1992-01-11|true
516642|148453|251194.57|1992-01-11|true
527750|42491|112317.46|1992-01-11|true
532930|133859|3716.27|1992-01-11|true
540771|63788|111482.26|1992-01-11|true
540832|100768|68889.13|1992-01-11|true
543366|62644|370527.59|1992-01-11|true
547302|68614|334044.38|1992-01-11|true
567333|81853|96667.51|1992-01-11|true
568260|6802|65168.11|1992-01-11|true
577667|82783|138946.62|1992-01-11|true
603488|120446|87252.88|1992-01-11|true
609376|61925|177118.13|1992-01-11|true
618688|75439|227163.06|1992-01-11|true
622752|91126|85378.06|1992-01-11|true
635973|142351|202206.60|1992-01-11|true
649091|76885|91502.23|1992-01-11|true
666694|147259|12438.91|1992-01-11|true
668039|95119|90905.77|1992-01-11|true
670849|134104|333279.45|1992-01-11|true
674181|96371|103622.40|1992-01-11|true
688325|13021|140101.31|1992-01-11|true
694464|89038|63102.38|1992-01-11|true
694883|113156|88405.44|1992-01-11|true
696675|149012|56899.53|1992-01-11|true
710149|26959|116276.20|1992-01-11|true
713602|30661|300622.87|1992-01-11|true
715014|73949|32672.75|1992-01-11|true
715812|5029|182578.94|1992-01-11|true
721607|82193|223005.92|1992-01-11|true
728513|25441|286319.30|1992-01-11|true
732677|139280|233137.85|1992-01-11|true
752033|62165|48716.65|1992-01-11|true
757538|141067|85613.90|1992-01-11|true
769792|111038|36072.86|1992-01-11|true
770695|132794|139769.68|1992-01-11|true
772100|44497|24894.46|1992-01-11|true
782275|45427|57820.52|1992-01-11|true
811874|121751|12055.94|1992-01-11|true
850791|116629|5513.33|1992-01-11|true
856230|48887|85021.37|1992-01-11|true
877349|104789|35646.56|1992-01-11|true
885158|52757|191755.94|1992-01-11|true
890340|15823|287194.73|1992-01-11|true
914944|42422|200288.39|1992-01-11|true
921954|61240|56259.82|1992-01-11|true
922017|77125|131757.39|1992-01-11|true
922051|88108|41025.89|1992-01-11|true
946466|136235|87359.40|1992-01-11|true
951490|53734|122801.93|1992-01-11|true
952454|126016|175618.06|1992-01-11|true
960679|7724|381323.45|1992-01-11|true
973831|70954|27072.36|1992-01-11|true
985600|123358|166256.96|1992-01-11|true
988353|145784|101747.05|1992-01-11|true
988423|124897|107128.12|1992-01-11|true
990181|148042|181000.51|1992-01-11|true
1001763|95623|278061.03|1992-01-11|true
1007746|42352|118727.49|1992-01-11|true
1016963|65998|33262.05|1992-01-11|true
1017729|128071|196372.13|1992-01-11|true
1020134|69097|8639.43|1992-01-11|true
1021249|25489|34299.04|1992-01-11|true
1039430|24475|288127.93|1992-01-11|true
1044866|106232|35709.70|1992-01-11|true
1046467|104339|281506.53|1992-01-11|true
1063522|53318|154439.64|1992-01-11|true
1084997|93820|88398.12|1992-01-11|true
1089093|37718|339449.65|1992-01-11|true
1092935|4867|260420.52|1992-01-11|true
1095105|115876|134389.75|1992-01-11|true
1130277|34391|1401.68|1992-01-11|true
1143461|127705|105365.31|1992-01-11|true
1147335|35579|221396.42|1992-01-11|true
1160866|39590|249928.36|1992-01-11|true
1161638|58285|183433.77|1992-01-11|true
1173984|44966|86093.57|1992-01-11|true
1197760|70786|115068.84|1992-01-11|true
1200133|69032|9606.20|1992-01-11|true
1221410|40471|75795.17|1992-01-11|true
1226886|11047|62171.43|1992-01-11|true
1227937|106666|104118.49|1992-01-11|true
1243875|129080|159168.19|1992-01-11|true
1251878|35051|79626.31|1992-01-11|true
1259235|38915|197979.82|1992-01-11|true
1263649|93128|130438.71|1992-01-11|true
1269824|28222|88795.69|1992-01-11|true
1273989|56881|161344.81|1992-01-11|true
1274695|74275|118769.08|1992-01-11|true
1285222|55879|47250.11|1992-01-11|true
1304036|122774|79567.85|1992-01-11|true
1324096|133867|178034.45|1992-01-11|true
1329731|82327|113287.55|1992-01-11|true
1334914|53575|203434.20|1992-01-11|true
1336195|38902|80517.44|1992-01-11|true
1340614|13331|97080.62|1992-01-11|true
1353602|27652|122052.59|1992-01-11|true
1361953|44507|107269.24|1992-01-11|true
1392480|48962|104388.09|1992-01-11|true
1411680|88460|84143.78|1992-01-11|true
1416163|122765|94364.54|1992-01-11|true
1417924|8785|82342.29|1992-01-11|true
1420069|61967|55453.11|1992-01-11|true
1425509|14137|37325.96|1992-01-11|true
1468161|34672|206871.10|1992-01-11|true
1477478|99803|25863.29|1992-01-11|true
1494018|57911|232797.36|1992-01-11|true
1497381|15698|123391.17|1992-01-11|true
1514182|21688|197124.49|1992-01-11|true
1531462|91672|216644.46|1992-01-11|true
1545281|20944|122807.37|1992-01-11|true
1554566|148820|38240.19|1992-01-11|true
1554915|32663|173735.84|1992-01-11|true
1559782|96181|20358.67|1992-01-11|true
1572096|2134|286274.06|1992-01-11|true
1589345|44368|286011.91|1992-01-11|true
1592900|145999|138085.15|1992-01-11|true
1605857|149563|99037.35|1992-01-11|true
1611750|136313|19223.99|1992-01-11|true
1624998|63758|90980.51|1992-01-11|true
1650593|3382|132021.87|1992-01-11|true
1651424|109957|33746.47|1992-01-11|true
1652320|102529|52624.97|1992-01-11|true
1660771|47017|110884.74|1992-01-11|true
1679136|143329|181432.97|1992-01-11|true
1688612|132488|85052.65|1992-01-11|true
1692450|107612|198345.07|1992-01-11|true
1702022|40478|73512.52|1992-01-11|true
1707522|15952|9114.12|1992-01-11|true
1718817|72961|278985.80|1992-01-11|true
1718884|92117|89168.09|1992-01-11|true
1726177|123322|265867.38|1992-01-11|true
1737024|111983|230102.30|1992-01-11|true
1739588|132502|45753.61|1992-01-11|true
1749670|119279|97095.89|1992-01-11|true
1755552|57448|174218.91|1992-01-11|true
1758787|53845|156301.69|1992-01-11|true
1761378|16360|91985.53|1992-01-11|true
1761956|72218|61432.62|1992-01-11|true
1769348|114842|151660.46|1992-01-11|true
1777344|6241|35423.54|1992-01-11|true
1782210|100420|2020.13|1992-01-11|true
1783204|28697|198652.86|1992-01-11|true
1815075|117898|225304.82|1992-01-11|true
1837927|90121|185147.76|1992-01-11|true
1838147|140248|153149.41|1992-01-11|true
1865767|118804|88095.46|1992-01-11|true
1867045|19117|44636.84|1992-01-11|true
1890016|128060|189266.06|1992-01-11|true
1898244|120271|153469.81|1992-01-11|true
1900836|57523|61222.34|1992-01-11|true
1901957|117382|86214.52|1992-01-11|true
1911940|74200|126718.39|1992-01-11|true
1969601|29579|137778.03|1992-01-11|true
1975841|82631|201793.62|1992-01-11|true
2013536|72850|173688.18|1992-01-11|true
2034305|26671|183347.12|1992-01-11|true
2037253|7259|191189.61|1992-01-11|true
2053926|144307|17394.60|1992-01-11|true
2056512|104716|47524.71|1992-01-11|true
2093126|26626|101932.18|1992-01-11|true
2098598|469|181775.52|1992-01-11|true
2107808|94366|150811.82|1992-01-11|true
2119682|108905|171604.95|1992-01-11|true
2120100|123425|8179.86|1992-01-11|true
2128032|6638|81078.19|1992-01-11|true
2146887|121115|263852.33|1992-01-11|true
2147776|62929|110907.31|1992-01-11|true
2148451|12589|198545.78|1992-01-11|true
2153063|35029|109274.49|1992-01-11|true
2160550|57611|54001.01|1992-01-11|true
2164677|102790|160504.65|1992-01-11|true
2164834|8896|34322.05|1992-01-11|true
2196934|129298|138856.17|1992-01-11|true
2196962|4874|156602.42|1992-01-11|true
2211746|89572|256249.72|1992-01-11|true
2219174|1819|166231.89|1992-01-11|true
2228741|69788|108272.45|1992-01-11|true
2231107|87178|169057.12|1992-01-11|true
2238662|135697|76402.96|1992-01-11|true
2242752|72941|321641.32|1992-01-11|true
2245539|139255|310799.43|1992-01-11|true
2249863|73205|193616.00|1992-01-11|true
2269221|85120|84532.01|1992-01-11|true
2270660|102031|89946.01|1992-01-11|true
2282691|26638|98464.45|1992-01-11|true
2290274|12824|65439.60|1992-01-11|true
2295398|31927|196611.61|1992-01-11|true
2309283|106363|343801.93|1992-01-11|true
2318560|81658|122174.85|1992-01-11|true
2319361|142547|199680.20|1992-01-11|true
2319873|59800|53893.70|1992-01-11|true
2333539|116044|101753.76|1992-01-11|true
2352226|81785|178053.61|1992-01-11|true
2354757|45629|68191.55|1992-01-11|true
2357543|99685|251801.59|1992-01-11|true
2359969|27547|14443.61|1992-01-11|true
2383623|113282|168287.30|1992-01-11|true
2393409|4954|154146.45|1992-01-11|true
2407040|35815|14535.32|1992-01-11|true
2423303|95426|48847.75|1992-01-11|true
2428583|119845|230469.84|1992-01-11|true
2431655|29509|77857.82|1992-01-11|true
2437056|82541|115824.20|1992-01-11|true
2440739|41135|148336.19|1992-01-11|true
2443938|29917|163659.12|1992-01-11|true
2465669|60181|182258.77|1992-01-11|true
2474913|78553|159870.77|1992-01-11|true
2476416|83821|62444.34|1992-01-11|true
2484899|98044|184888.49|1992-01-11|true
2505444|10670|154372.80|1992-01-11|true
2525729|137650|39122.24|1992-01-11|true
2532999|46430|168286.04|1992-01-11|true
2575488|119585|93956.14|1992-01-11|true
2588706|127241|271940.73|1992-01-11|true
2623462|68581|85943.86|1992-01-11|true
2639367|119281|149364.83|1992-01-11|true
2649218|59335|153165.45|1992-01-11|true
2650370|79717|41845.45|1992-01-11|true
2669668|86785|56535.31|1992-01-11|true
2672513|132133|156057.01|1992-01-11|true
2683078|82231|297919.34|1992-01-11|true
2687940|26845|227555.83|1992-01-11|true
2701637|46829|319563.49|1992-01-11|true
2707168|58273|21798.21|1992-01-11|true
2715009|73022|77438.81|1992-01-11|true
2720866|127387|211578.27|1992-01-11|true
2726850|87211|165672.18|1992-01-11|true
2730628|20623|157643.77|1992-01-11|true
2736768|137008|37573.45|1992-01-11|true
2737282|15061|72774.46|1992-01-11|true
2744228|107065|60492.71|1992-01-11|true
2760902|115646|114546.50|1992-01-11|true
2778819|5866|189247.54|1992-01-11|true
2781856|36469|228249.99|1992-01-11|true
2790919|9334|208896.17|1992-01-11|true
2815971|64900|81996.86|1992-01-11|true
2822369|9289|192250.54|1992-01-11|true
2829666|49391|296911.46|1992-01-11|true
2851781|57724|143551.29|1992-01-11|true
2852037|8068|161344.23|1992-01-11|true
2859942|134384|15103.64|1992-01-11|true
2869603|128879|305232.45|1992-01-11|true
2871524|146272|62093.97|1992-01-11|true
2879812|18526|313333.99|1992-01-11|true
2881763|147361|204299.79|1992-01-11|true
2883587|107242|136969.66|1992-01-11|true
2923010|57665|20387.09|1992-01-11|true
2934085|10349|145272.17|1992-01-11|true
2944738|13756|58723.61|1992-01-11|true
2961350|124267|206954.87|1992-01-11|true
2977794|100190|243139.92|1992-01-11|true
2983846|94747|137065.98|1992-01-11|true
2984576|19138|220160.52|1992-01-11|true
2987687|137792|108762.02|1992-01-11|true
3027142|7816|31669.43|1992-01-11|true
3032387|42574|143915.33|1992-01-11|true
3033031|131753|146433.16|1992-01-11|true
3037410|71683|160895.52|1992-01-11|true
3039686|100033|17758.76|1992-01-11|true
3044384|119569|104455.05|1992-01-11|true
3053668|142522|197062.92|1992-01-11|true
3088832|146854|123201.87|1992-01-11|true
3091523|7495|218979.12|1992-01-11|true
3099399|146368|147410.71|1992-01-11|true
3109766|145186|213453.55|1992-01-11|true
3111011|109769|209826.67|1992-01-11|true
3114375|136718|130680.11|1992-01-11|true
3120389|134411|45411.38|1992-01-11|true
3125762|52088|173641.52|1992-01-11|true
3138592|89305|64871.72|1992-01-11|true
3138980|62659|118227.42|1992-01-11|true
3141857|87961|128002.93|1992-01-11|true
3144000|85568|74014.99|1992-01-11|true
3158211|143626|257376.27|1992-01-11|true
3160801|125453|285243.61|1992-01-11|true
3165543|137971|224790.50|1992-01-11|true
3175846|3451|250597.10|1992-01-11|true
3179105|104245|135505.53|1992-01-11|true
3181859|135550|260877.79|1992-01-11|true
3189473|148444|63922.33|1992-01-11|true
3193285|144880|266223.20|1992-01-11|true
3201253|50707|89783.67|1992-01-11|true
3215012|63097|73348.88|1992-01-11|true
3221443|7096|182403.88|1992-01-11|true
3226658|30736|106793.24|1992-01-11|true
3252163|17830|92622.20|1992-01-11|true
3270305|7195|168442.22|1992-01-11|true
3273413|143471|35139.79|1992-01-11|true
3278720|86320|192856.37|1992-01-11|true
3285698|138316|126545.55|1992-01-11|true
3297317|136901|257276.66|1992-01-11|true
3306304|89272|272255.85|1992-01-11|true
3314113|44215|106146.09|1992-01-11|true
3335010|50558|66504.69|1992-01-11|true
3336935|38446|97589.66|1992-01-11|true
3342375|35957|196033.20|1992-01-11|true
3344517|8624|198887.17|1992-01-11|true
3346053|6992|121499.73|1992-01-11|true
3346532|63155|130948.81|1992-01-11|true
3349447|71650|3135.40|1992-01-11|true
3349569|358|254565.81|1992-01-11|true
3369093|102715|119608.66|1992-01-11|true
3375398|41500|101130.06|1992-01-11|true
3387783|93769|240568.55|1992-01-11|true
3393895|34873|171361.02|1992-01-11|true
3415427|96205|196415.31|1992-01-11|true
3428068|38345|108977.18|1992-01-11|true
3441956|18091|24438.77|1992-01-11|true
3442020|74395|208881.93|1992-01-11|true
3442055|208|93990.61|1992-01-11|true
3445828|74659|180360.82|1992-01-11|true
3447111|103696|177308.04|1992-01-11|true
3452290|140977|206195.53|1992-01-11|true
3468225|98932|218838.15|1992-01-11|true
3496739|127324|96020.68|1992-01-11|true
3500995|109555|329514.25|1992-01-11|true
3516931|76708|74244.16|1992-01-11|true
3526432|112865|299283.76|1992-01-11|true
3527747|30793|189706.74|1992-01-11|true
3530275|1250|238571.85|1992-01-11|true
3551077|84127|55935.25|1992-01-11|true
3564033|14204|127911.92|1992-01-11|true
3572100|32464|81758.25|1992-01-11|true
3574244|91678|188824.21|1992-01-11|true
3577984|99481|179914.85|1992-01-11|true
3588162|92536|114425.84|1992-01-11|true
3594663|105838|126945.49|1992-01-11|true
3611811|77929|242198.90|1992-01-11|true
3629763|54031|183122.06|1992-01-11|true
3644992|61195|112653.36|1992-01-11|true
3650659|32753|131780.95|1992-01-11|true
3663719|78373|11508.06|1992-01-11|true
3668066|72032|307776.32|1992-01-11|true
3693729|50830|214203.96|1992-01-11|true
3705061|62983|23950.86|1992-01-11|true
3710277|113822|1986.72|1992-01-11|true
3723521|120466|249783.35|1992-01-11|true
3733057|69230|230365.74|1992-01-11|true
3733536|38440|50569.37|1992-01-11|true
3740002|111655|73693.73|1992-01-11|true
3754496|104659|158616.62|1992-01-11|true
3757796|26180|185692.82|1992-01-11|true
3762660|129323|245489.06|1992-01-11|true
3763334|37264|158736.58|1992-01-11|true
3764869|35539|188892.09|1992-01-11|true
3766530|96418|118688.75|1992-01-11|true
3773255|145204|80198.52|1992-01-11|true
3779905|68896|72640.54|1992-01-11|true
3781861|72643|219347.18|1992-01-11|true
3783238|117238|138143.22|1992-01-11|true
3793926|19954|108139.55|1992-01-11|true
3807907|25891|211735.52|1992-01-11|true
3808930|98077|191507.82|1992-01-11|true
3809345|124216|129410.84|1992-01-11|true
3813991|139648|251518.19|1992-01-11|true
3815587|43027|106432.99|1992-01-11|true
3818567|74248|155731.66|1992-01-11|true
3829348|18322|65034.51|1992-01-11|true
3831366|36031|66802.54|1992-01-11|true
3835843|147280|231908.42|1992-01-11|true
3868069|146644|89474.60|1992-01-11|true
3868356|89194|170518.65|1992-01-11|true
3870338|135970|190184.51|1992-01-11|true
3886915|92027|25136.15|1992-01-11|true
3904103|49828|276594.42|1992-01-11|true
3905988|138865|81284.59|1992-01-11|true
3908741|112213|111701.97|1992-01-11|true
3914403|42767|105045.20|1992-01-11|true
3917350|137741|269743.47|1992-01-11|true
3934435|100078|232819.66|1992-01-11|true
3936962|137698|79219.45|1992-01-11|true
3941765|126658|60376.39|1992-01-11|true
3956034|53788|194912.70|1992-01-11|true
3961122|58952|78125.29|1992-01-11|true
3998468|127396|191348.76|1992-01-11|true
4009829|87397|101873.07|1992-01-11|true
4010690|104644|77401.73|1992-01-11|true
4010823|1640|18453.43|1992-01-11|true
4015332|66683|23524.38|1992-01-11|true
4015425|38054|63530.48|1992-01-11|true
4032001|58348|271193.53|1992-01-11|true
4035495|44801|111269.03|1992-01-11|true
4041446|69988|175813.19|1992-01-11|true
4061479|84290|220527.63|1992-01-11|true
4068257|142786|957.88|1992-01-11|true
4068578|115918|91366.64|1992-01-11|true
4077797|5251|233567.84|1992-01-11|true
4091431|4019|136773.31|1992-01-11|true
4092133|145|179061.13|1992-01-11|true
4099238|35227|137497.28|1992-01-11|true
4104064|146152|26039.87|1992-01-11|true
4126883|109780|47772.84|1992-01-11|true
4132643|21919|19377.12|1992-01-11|true
4134567|54301|167267.10|1992-01-11|true
4147527|9625|154501.78|1992-01-11|true
4162151|17254|145940.21|1992-01-11|true
4169923|115847|306923.59|1992-01-11|true
4177953|113108|264748.72|1992-01-11|true
4194692|114340|237482.07|1992-01-11|true
4216130|56423|230223.78|1992-01-11|true
4220134|107006|27361.98|1992-01-11|true
4227236|118463|60782.00|1992-01-11|true
4233984|59812|314387.77|1992-01-11|true
4237121|60665|126937.40|1992-01-11|true
4241157|91228|90031.47|1992-01-11|true
4243426|6091|143669.01|1992-01-11|true
4250241|117238|64071.88|1992-01-11|true
4263331|67423|208237.28|1992-01-11|true
4270407|131116|28365.79|1992-01-11|true
4271940|117745|155536.52|1992-01-11|true
4308448|16126|159907.96|1992-01-11|true
4314183|16970|219464.05|1992-01-11|true
4323712|86834|57042.52|1992-01-11|true
4323910|119660|71302.74|1992-01-11|true
4327653|147467|53908.04|1992-01-11|true
4345089|63388|131742.57|1992-01-11|true
4352711|136999|162336.83|1992-01-11|true
4362949|72541|142771.14|1992-01-11|true
4382535|144395|188683.10|1992-01-11|true
4383207|37738|116781.06|1992-01-11|true
4388707|47606|307289.38|1992-01-11|true
4395844|128107|137918.85|1992-01-11|true
4426017|48796|270009.19|1992-01-11|true
4426273|27382|47618.25|1992-01-11|true
4471458|97285|187605.95|1992-01-11|true
4488839|82613|171699.18|1992-01-11|true
4495810|148447|12823.97|1992-01-11|true
4505763|40546|235773.52|1992-01-11|true
4508228|17089|49857.63|1992-01-11|true
4537318|10631|83292.92|1992-01-11|true
4541281|124675|164156.05|1992-01-11|true
4567621|149371|47857.76|1992-01-11|true
4571457|81208|202173.59|1992-01-11|true
4584615|71050|130324.74|1992-01-11|true
4586726|6263|143980.26|1992-01-11|true
4606114|88420|186609.01|1992-01-11|true
4612676|12923|153438.56|1992-01-11|true
4614660|71645|281749.28|1992-01-11|true
4633541|36307|190282.20|1992-01-11|true
4639845|125725|40747.00|1992-01-11|true
4641287|114211|212901.48|1992-01-11|true
4645222|97774|195881.35|1992-01-11|true
4645760|95701|178530.66|1992-01-11|true
4646661|49819|217455.48|1992-01-11|true
4659207|88528|111010.28|1992-01-11|true
4684004|101581|195094.62|1992-01-11|true
4690912|94121|142668.62|1992-01-11|true
4700101|16850|13505.34|1992-01-11|true
4716708|89405|402012.62|1992-01-11|true
4717381|99572|219192.48|1992-01-11|true
4726498|124568|184035.83|1992-01-11|true
4754594|63328|374663.15|1992-01-11|true
4756005|143920|205660.06|1992-01-11|true
4781440|124796|235383.90|1992-01-11|true
4785959|143147|227455.29|1992-01-11|true
4801952|21365|172913.38|1992-01-11|true
4804161|111673|26584.69|1992-01-11|true
4804705|128843|84878.26|1992-01-11|true
4811104|124195|32203.46|1992-01-11|true
4823332|59764|207518.77|1992-01-11|true
4833093|101093|128410.68|1992-01-11|true
4834213|80549|248457.52|1992-01-11|true
4840803|11674|85567.10|1992-01-11|true
4851237|133057|40835.56|1992-01-11|true
4873796|58096|6112.35|1992-01-11|true
4880549|89692|228004.74|1992-01-11|true
4925697|36712|144258.22|1992-01-11|true
4947683|25364|124067.45|1992-01-11|true
4951424|17815|92167.23|1992-01-11|true
4959104|128707|56675.91|1992-01-11|true
4961605|53206|184428.96|1992-01-11|true
4988870|87520|282134.71|1992-01-11|true
4992226|36340|191887.69|1992-01-11|true
5000004|100015|127413.43|1992-01-11|true
5000230|6010|112700.77|1992-01-11|true
5010311|138491|45813.34|1992-01-11|true
5027397|103592|314478.74|1992-01-11|true
5033284|41018|114716.87|1992-01-11|true
5039584|148073|67716.28|1992-01-11|true
5042531|118663|45685.91|1992-01-11|true
5046310|50272|80061.77|1992-01-11|true
5048039|136069|48576.43|1992-01-11|true
5050981|135142|286171.79|1992-01-11|true
5064896|74680|174217.88|1992-01-11|true
5093415|7882|293435.03|1992-01-11|true
5113152|66844|63904.41|1992-01-11|true
5127298|96706|22014.13|1992-01-11|true
5138531|19303|142105.77|1992-01-11|true
5141797|144865|104590.09|1992-01-11|true
5184069|104569|365270.71|1992-01-11|true
5194083|126520|242007.61|1992-01-11|true
5211296|34930|162820.78|1992-01-11|true
5214438|36815|58369.17|1992-01-11|true
5222624|70021|138159.43|1992-01-11|true
5236931|115921|62251.05|1992-01-11|true
5248482|112016|116935.49|1992-01-11|true
5254982|135460|125961.65|1992-01-11|true
5269190|3983|103550.80|1992-01-11|true
5275108|84814|26420.19|1992-01-11|true
5279652|117853|125982.05|1992-01-11|true
5289766|145730|149504.33|1992-01-11|true
5291042|30754|56043.32|1992-01-11|true
5312389|74968|41027.17|1992-01-11|true
5320000|52480|69825.51|1992-01-11|true
5330054|16363|211466.89|1992-01-11|true
5334369|4435|199480.64|1992-01-11|true
5337222|147152|260282.21|1992-01-11|true
5340131|5113|90549.44|1992-01-11|true
5353510|109546|9245.96|1992-01-11|true
5360357|13039|133040.92|1992-01-11|true
5378278|101242|296002.14|1992-01-11|true
5378786|78691|297644.45|1992-01-11|true
5384231|77164|87520.75|1992-01-11|true
5394818|97184|143655.16|1992-01-11|true
5395717|128081|211378.15|1992-01-11|true
5399938|94088|213414.89|1992-01-11|true
5410690|117775|133686.72|1992-01-11|true
5411043|80062|185900.65|1992-01-11|true
5417956|76615|111972.60|1992-01-11|true
5422816|137360|26556.90|1992-01-11|true
5427778|123259|332377.34|1992-01-11|true
5438278|20761|52302.94|1992-01-11|true
5443012|138347|244178.13|1992-01-11|true
5449639|145375|31487.85|1992-01-11|true
5451621|112357|235560.28|1992-01-11|true
5454560|33971|28335.86|1992-01-11|true
5458497|17107|299199.26|1992-01-11|true
5466852|80974|126875.58|1992-01-11|true
5478887|144170|164180.22|1992-01-11|true
5481826|58606|221097.12|1992-01-11|true
5496224|105653|77176.25|1992-01-11|true
5533185|134801|329237.42|1992-01-11|true
5548131|58388|83000.93|1992-01-11|true
5550273|70292|309540.63|1992-01-11|true
5553413|86495|80116.92|1992-01-11|true
5567460|128639|256048.19|1992-01-11|true
5567910|111334|41561.21|1992-01-11|true
5572389|79910|43214.60|1992-01-11|true
5577287|127655|223745.67|1992-01-11|true
5578466|93151|98347.75|1992-01-11|true
5578912|27796|79560.25|1992-01-11|true
5580803|51686|163611.37|1992-01-11|true
5587073|112786|2714.58|1992-01-11|true
5610213|43154|294651.22|1992-01-11|true
5632642|131756|167880.96|1992-01-11|true
5641825|25597|252795.05|1992-01-11|true
5651014|66661|46558.43|1992-01-11|true
5651876|114709|199688.62|1992-01-11|true
5652358|113114|112935.96|1992-01-11|true
5677122|67066|145198.27|1992-01-11|true
5680352|79193|71946.29|1992-01-11|true
5685509|131168|182471.17|1992-01-11|true
5707458|90815|100046.52|1992-01-11|true
5709957|61798|264633.70|1992-01-11|true
5748580|61408|47650.80|1992-01-11|true
5760005|137506|267937.59|1992-01-11|true
5763269|45355|89007.53|1992-01-11|true
5765761|102592|321666.65|1992-01-11|true
5772064|54986|25590.62|1992-01-11|true
5775943|42499|189265.93|1992-01-11|true
5778177|64189|115963.42|1992-01-11|true
5779811|139549|60857.20|1992-01-11|true
5783010|26342|123042.92|1992-01-11|true
5783653|145876|90855.30|1992-01-11|true
5791907|130573|85421.84|1992-01-11|true
5800896|14800|144292.90|1992-01-11|true
5802020|107341|194094.31|1992-01-11|true
5809504|57488|240094.48|1992-01-11|true
5813664|172|213853.83|1992-01-11|true
5828739|38344|125743.04|1992-01-11|true
5834758|95500|28761.01|1992-01-11|true
5836321|146752|151429.33|1992-01-11|true
5855110|119956|122090.33|1992-01-11|true
5872007|65243|223374.36|1992-01-11|true
5877191|12592|21522.37|1992-01-11|true
5886053|30451|121128.55|1992-01-11|true
5895046|14470|112211.53|1992-01-11|true
5896128|116258|185204.34|1992-01-11|true
5898407|88210|9585.49|1992-01-11|true
5921446|32128|110732.47|1992-01-11|true
5926631|126823|142949.99|1992-01-11|true
5936615|111214|232449.81|1992-01-11|true
5941414|138022|333388.98|1992-01-11|true
5942118|4459|174669.17|1992-01-11|true
5956129|3700|46142.30|1992-01-11|true
5967685|13186|151907.16|1992-01-11|true
5969797|67201|34338.89|1992-01-11|true
5977670|90244|184745.52|1992-01-11|true
5984903|13271|58349.18|1992-01-11|true
5990340|43306|120421.04|1992-01-11|true
5991559|6167|37642.58|1992-01-11|true
5996515|140681|82768.95|1992-01-11|true
5999556|84787|77884.98|1992-01-11|true
31555|67816|-35424.38|1992-01-11|false
35811|58481|-62707.63|1992-01-11|false
57698|95219|-54650.62|1992-01-11|false
59456|101014|-23786.80|1992-01-11|false
103299|131062|-3122.19|1992-01-11|false
124517|85657|-5757.76|1992-01-11|false
130852|116437|-32345.59|1992-01-11|false
175975|7511|-26322.12|1992-01-11|false
176768|112850|-75437.60|1992-01-11|false
184929|15559|-51485.85|1992-01-11|false
231623|120748|-46171.53|1992-01-11|false
234727|121949|-17727.02|1992-01-11|false
342725|114247|-7763.16|1992-01-11|false
361314|92374|-75028.90|1992-01-11|false
436644|107021|-20919.49|1992-01-11|false
454244|19261|-80336.16|1992-01-11|false
533829|116396|-42914.73|1992-01-11|false
537478|40270|-49529.59|1992-01-11|false
605184|29590|-37177.67|1992-01-11|false
634848|141638|-19186.04|1992-01-11|false
652386|48706|-36950.23|1992-01-11|false
682656|83854|-72359.32|1992-01-11|false
689733|45754|-36024.35|1992-01-11|false
707330|43615|-12382.04|1992-01-11|false
723777|112528|-26303.28|1992-01-11|false
728135|82508|-51016.08|1992-01-11|false
764869|32920|-7163.81|1992-01-11|false
766435|14230|-2051.71|1992-01-11|false
776710|101680|-38471.00|1992-01-11|false
815681|92470|-10194.83|1992-01-11|false
830432|111961|-7835.82|1992-01-11|false
840099|63233|-39268.46|1992-01-11|false
929862|139474|-39855.24|1992-01-11|false
937382|110623|-13368.59|1992-01-11|false
970560|46552|-7821.33|1992-01-11|false
981223|32278|-54382.78|1992-01-11|false
1006693|19094|-34249.74|1992-01-11|false
1031425|58888|-69234.75|1992-01-11|false
1081861|92039|-53739.67|1992-01-11|false
1099335|149566|-50368.99|1992-01-11|false
1141894|55352|-47781.00|1992-01-11|false
1144160|131023|-41334.19|1992-01-11|false
1152422|47324|-31293.33|1992-01-11|false
1155456|39832|-75946.40|1992-01-11|false
1180516|37201|-75741.78|1992-01-11|false
1215648|135569|-19141.86|1992-01-11|false
1240229|111395|-78004.08|1992-01-11|false
1243424|7090|-26478.96|1992-01-11|false
1244323|139174|-12213.47|1992-01-11|false
1306948|145555|-3964.29|1992-01-11|false
1317123|61477|-10547.48|1992-01-11|false
1370661|81988|-9011.75|1992-01-11|false
1433765|9350|-53855.24|1992-01-11|false
1468354|15500|-68885.65|1992-01-11|false
1468354|15500|-63975.83|1992-01-11|false
1517600|58531|-46109.00|1992-01-11|false
1540289|147368|-12014.93|1992-01-11|false
1567110|83236|-4420.61|1992-01-11|false
1568582|41675|-51496.10|1992-01-11|false
1656551|147658|-26550.42|1992-01-11|false
1668832|119059|-1157.00|1992-01-11|false
1668871|77261|-53380.11|1992-01-11|false
1703751|30920|-7288.46|1992-01-11|false
1785699|100205|-8418.99|1992-01-11|false
1791777|58561|-54278.04|1992-01-11|false
1804454|93415|-36271.40|1992-01-11|false
1814309|69152|-35253.36|1992-01-11|false
1821763|40925|-40739.59|1992-01-11|false
1839364|812|-41789.29|1992-01-11|false
1874566|91486|-25763.34|1992-01-11|false
1875747|114898|-40260.50|1992-01-11|false
1877892|56575|-18401.17|1992-01-11|false
1887301|97481|-61496.16|1992-01-11|false
1896064|141659|-28828.54|1992-01-11|false
1988769|79114|-5464.64|1992-01-11|false
2002435|72955|-20864.05|1992-01-11|false
2003108|66599|-40476.47|1992-01-11|false
2039648|143587|-21340.80|1992-01-11|false
2072805|129739|-1745.18|1992-01-11|false
2079137|101554|-14667.05|1992-01-11|false
2090562|26341|-11023.34|1992-01-11|false
2097956|138047|-16665.92|1992-01-11|false
2108099|37154|-27295.54|1992-01-11|false
2129766|30695|-66152.13|1992-01-11|false
2156225|129004|-60369.85|1992-01-11|false
2171109|96475|-28453.45|1992-01-11|false
2229318|126913|-46804.49|1992-01-11|false
2252871|107833|-46766.03|1992-01-11|false
2269184|86245|-51818.03|1992-01-11|false
2289057|48271|-82275.12|1992-01-11|false
2371815|54106|-4421.92|1992-01-11|false
2411171|70762|-27147.45|1992-01-11|false
2413221|16132|-13820.43|1992-01-11|false
2423238|59737|-72773.00|1992-01-11|false
2557697|119440|-9391.75|1992-01-11|false
2628706|122069|-49869.15|1992-01-11|false
2658884|65764|-32501.83|1992-01-11|false
2670406|85558|-22007.11|1992-01-11|false
2693542|146911|-52784.58|1992-01-11|false
2700996|129391|-44215.66|1992-01-11|false
2764578|124033|-21943.92|1992-01-11|false
2843298|116423|-9242.90|1992-01-11|false
2947460|133417|-20825.74|1992-01-11|false
2981223|100775|-7621.56|1992-01-11|false
3005379|18697|-23948.97|1992-01-11|false
3011557|138673|-17589.03|1992-01-11|false
3100800|81938|-11813.18|1992-01-11|false
3124417|115217|-1557.72|1992-01-11|false
3187846|43894|-77363.44|1992-01-11|false
3196548|102119|-39826.16|1992-01-11|false
3243943|29791|-41292.02|1992-01-11|false
3265410|114764|-1565.75|1992-01-11|false
3290628|89518|-73132.57|1992-01-11|false
3308002|78305|-63751.06|1992-01-11|false
3359527|107932|-43744.44|1992-01-11|false
3381319|63452|-62818.77|1992-01-11|false
3437476|95641|-9903.55|1992-01-11|false
3463591|70640|-86128.14|1992-01-11|false
3485445|102460|-71641.25|1992-01-11|false
3502432|91732|-59683.21|1992-01-11|false
3512160|74458|-7763.74|1992-01-11|false
3519457|51404|-38656.59|1992-01-11|false
3556231|104017|-7070.81|1992-01-11|false
3566848|19111|-39367.54|1992-01-11|false
3663527|25651|-29655.32|1992-01-11|false
3772710|58708|-38120.61|1992-01-11|false
3857191|23929|-51564.87|1992-01-11|false
3987522|94168|-54602.35|1992-01-11|false
4116706|126508|-30422.35|1992-01-11|false
4117123|48119|-81261.83|1992-01-11|false
4190563|57713|-22796.47|1992-01-11|false
4222085|137320|-12306.03|1992-01-11|false
4247367|82243|-11984.47|1992-01-11|false
4259456|102800|-67007.83|1992-01-11|false
4273798|57028|-60465.29|1992-01-11|false
4273856|109831|-73597.06|1992-01-11|false
4333060|59417|-82402.16|1992-01-11|false
4340615|96034|-8518.80|1992-01-11|false
4342626|36229|-76048.49|1992-01-11|false
4370659|7120|-22795.58|1992-01-11|false
4489345|49297|-52977.78|1992-01-11|false
4527910|118505|-61789.78|1992-01-11|false
4542083|80747|-49402.31|1992-01-11|false
4562690|27695|-41798.03|1992-01-11|false
4571520|66160|-48582.63|1992-01-11|false
4571520|66160|-60720.48|1992-01-11|false
4592389|11131|-45529.43|1992-01-11|false
4611655|119767|-43177.51|1992-01-11|false
4656805|17272|-14082.66|1992-01-11|false
4657636|14980|-51238.01|1992-01-11|false
4657792|41446|-6601.54|1992-01-11|false
4685574|32522|-41232.58|1992-01-11|false
4689063|114133|-35647.77|1992-01-11|false
4776516|114448|-53140.21|1992-01-11|false
4821986|138592|-6547.82|1992-01-11|false
4827911|86945|-56097.60|1992-01-11|false
4848003|32215|-15534.25|1992-01-11|false
4861346|120718|-47252.30|1992-01-11|false
4879521|7651|-50478.22|1992-01-11|false
4928102|28718|-6798.01|1992-01-11|false
4934598|81103|-42566.63|1992-01-11|false
5010052|104875|-26233.54|1992-01-11|false
5016257|67516|-35778.12|1992-01-11|false
5021190|45188|-51721.30|1992-01-11|false
5037152|72943|-63263.84|1992-01-11|false
5078948|37327|-14129.02|1992-01-11|false
5113444|109894|-67742.28|1992-01-11|false
5149249|4102|-53540.78|1992-01-11|false
5154438|136930|-9556.36|1992-01-11|false
5172611|4450|-23979.97|1992-01-11|false
5202918|68651|-45311.21|1992-01-11|false
5210080|111811|-76023.36|1992-01-11|false
5246597|108589|-8614.63|1992-01-11|false
5278535|98930|-41815.28|1992-01-11|false
5303110|105184|-31459.14|1992-01-11|false
5303968|114062|-36623.97|1992-01-11|false
5323649|89834|-55900.11|1992-01-11|false
5364224|71572|-13944.90|1992-01-11|false
5394149|64000|-15070.91|1992-01-11|false
5398915|15109|-13109.76|1992-01-11|false
5424647|69200|-24148.19|1992-01-11|false
5424866|9925|-13310.95|1992-01-11|false
5486663|72046|-47499.82|1992-01-11|false
5511494|24523|-26475.98|1992-01-11|false
5573797|67135|-27322.43|1992-01-11|false
5615107|33692|-49917.09|1992-01-11|false
5616162|101597|-57347.52|1992-01-11|false
5617955|75713|-80054.13|1992-01-11|false
5618726|3932|-32433.47|1992-01-11|false
5639360|57728|-15426.26|1992-01-11|false
5648804|19450|-34281.08|1992-01-11|false
5651044|129523|-3180.65|1992-01-11|false
5651073|20338|-5517.11|1992-01-11|false
5743040|95042|-25542.66|1992-01-11|false
5823140|37090|-21613.23|1992-01-11|false
5848483|90352|-76241.75|1992-01-11|false
5892643|78919|-3371.38|1992-01-11|false
5911650|15845|-4048.94|1992-01-11|false
5921092|74398|-69395.97|1992-01-11|false
5941953|55888|-3484.45|1992-01-11|false
5945760|78209|-15750.98|1992-01-11|false
5983874|66325|-35973.84|1992-01-11|false
22663|134176|189907.21|1992-01-12|true
23015|78172|115244.03|1992-01-12|true
39942|71164|33224.79|1992-01-12|true
41281|50150|46943.18|1992-01-12|true
44036|41062|33235.22|1992-01-12|true
47879|116320|63528.90|1992-01-12|true
51970|71821|113034.81|1992-01-12|true
54786|22498|149129.42|1992-01-12|true
59969|121000|237295.72|1992-01-12|true
63303|26692|232689.56|1992-01-12|true
75362|120071|137283.29|1992-01-12|true
80034|139891|138179.21|1992-01-12|true
103298|1418|41489.90|1992-01-12|true
111525|2290|231783.02|1992-01-12|true
120289|81251|162072.15|1992-01-12|true
120710|23795|126919.02|1992-01-12|true
129988|133165|310402.09|1992-01-12|true
131905|101314|285976.73|1992-01-12|true
134725|22291|214181.61|1992-01-12|true
136833|74401|58669.79|1992-01-12|true
151617|13078|175565.59|1992-01-12|true
152036|59143|231371.89|1992-01-12|true
158209|28066|43986.10|1992-01-12|true
159814|125552|270061.32|1992-01-12|true
162179|32747|31376.28|1992-01-12|true
175398|132695|149085.36|1992-01-12|true
232325|86455|91144.09|1992-01-12|true
235842|41348|125452.40|1992-01-12|true
238659|40472|346424.71|1992-01-12|true
293831|21991|37477.44|1992-01-12|true
303046|148036|107728.82|1992-01-12|true
309860|13678|177440.12|1992-01-12|true
310017|81097|251471.10|1992-01-12|true
313408|138716|140144.83|1992-01-12|true
330469|85717|241203.94|1992-01-12|true
344423|141928|31077.45|1992-01-12|true
369220|139087|130521.23|1992-01-12|true
379265|65182|202644.81|1992-01-12|true
380967|5642|109764.12|1992-01-12|true
388481|145603|136118.04|1992-01-12|true
404320|108644|43679.61|1992-01-12|true
407687|97802|67085.47|1992-01-12|true
408257|68113|342947.52|1992-01-12|true
434535|28426|160514.48|1992-01-12|true
435137|85843|268946.32|1992-01-12|true
436352|119336|159554.52|1992-01-12|true
451392|130277|94050.24|1992-01-12|true
459559|21266|116206.19|1992-01-12|true
466118|81577|125564.04|1992-01-12|true
469093|118531|173040.86|1992-01-12|true
479781|133622|1415.61|1992-01-12|true
488038|103040|280381.44|1992-01-12|true
493955|38285|78066.19|1992-01-12|true
496742|115112|263928.68|1992-01-12|true
520867|33293|248203.64|1992-01-12|true
554054|72853|173130.95|1992-01-12|true
566598|93367|85371.13|1992-01-12|true
585155|149953|88402.10|1992-01-12|true
585667|116558|296710.59|1992-01-12|true
591365|137956|20972.95|1992-01-12|true
593380|98320|60965.57|1992-01-12|true
605282|5813|160999.40|1992-01-12|true
607172|35725|254048.06|1992-01-12|true
617605|5153|254340.24|1992-01-12|true
622310|7489|4299.87|1992-01-12|true
627040|137357|213984.97|1992-01-12|true
630054|132220|12393.91|1992-01-12|true
635140|68143|216234.07|1992-01-12|true
638307|132442|136295.39|1992-01-12|true
647621|62287|323237.66|1992-01-12|true
663648|59147|164103.68|1992-01-12|true
665188|73093|197125.27|1992-01-12|true
666275|98924|111377.38|1992-01-12|true
666466|73843|197040.53|1992-01-12|true
666496|66712|255636.28|1992-01-12|true
692198|8612|41035.10|1992-01-12|true
693984|100477|260132.57|1992-01-12|true
697728|108934|123654.75|1992-01-12|true
701732|108139|29603.06|1992-01-12|true
714309|32008|228330.18|1992-01-12|true
715207|89327|81272.40|1992-01-12|true
718658|30866|242222.40|1992-01-12|true
721126|104852|188743.85|1992-01-12|true
740293|57010|164378.02|1992-01-12|true
748967|100768|61445.37|1992-01-12|true
752196|132574|241413.81|1992-01-12|true
756482|83647|194465.80|1992-01-12|true
757986|145690|133802.82|1992-01-12|true
763746|104887|78168.21|1992-01-12|true
800673|89605|181478.08|1992-01-12|true
837317|139591|309110.76|1992-01-12|true
849860|44080|36637.20|1992-01-12|true
856288|140674|27254.25|1992-01-12|true
860583|46130|126396.11|1992-01-12|true
865729|83686|154764.15|1992-01-12|true
884288|87865|125079.95|1992-01-12|true
899361|59882|184320.60|1992-01-12|true
901670|51211|305091.92|1992-01-12|true
905222|12649|220063.03|1992-01-12|true
912928|114803|123137.23|1992-01-12|true
925028|97591|189578.68|1992-01-12|true
936868|18637|235882.90|1992-01-12|true
937092|45787|182091.14|1992-01-12|true
940966|147737|151872.50|1992-01-12|true
944642|65426|112019.80|1992-01-12|true
987783|77333|58457.20|1992-01-12|true
990659|102223|170863.95|1992-01-12|true
992451|82102|111434.04|1992-01-12|true
992771|96478|338781.74|1992-01-12|true
997920|74569|21109.86|1992-01-12|true
1001795|27293|255797.83|1992-01-12|true
1016736|143530|94040.73|1992-01-12|true
1028998|121930|248217.06|1992-01-12|true
1029413|12769|192313.78|1992-01-12|true
1040069|105103|88257.32|1992-01-12|true
1052771|118016|5928.54|1992-01-12|true
1061668|41803|126968.67|1992-01-12|true
1078848|43315|98643.00|1992-01-12|true
1080352|17590|290142.38|1992-01-12|true
1093634|2575|127106.99|1992-01-12|true
1100231|128432|232656.39|1992-01-12|true
1125027|121561|59896.53|1992-01-12|true
1129664|88315|120694.26|1992-01-12|true
1131077|16828|144226.21|1992-01-12|true
1153856|55141|102023.23|1992-01-12|true
1168167|96928|121033.09|1992-01-12|true
1183874|93700|321964.50|1992-01-12|true
1195910|1741|149950.45|1992-01-12|true
1211297|26104|213285.42|1992-01-12|true
1211778|55057|147611.80|1992-01-12|true
1211878|35081|52477.63|1992-01-12|true
1216416|514|34490.34|1992-01-12|true
1223040|71977|16462.51|1992-01-12|true
1227651|92890|161921.47|1992-01-12|true
1243842|106822|205498.18|1992-01-12|true
1246983|61387|96875.60|1992-01-12|true
1249831|57638|192640.63|1992-01-12|true
1258880|81895|54000.38|1992-01-12|true
1262471|136108|313347.22|1992-01-12|true
1266405|12391|28261.14|1992-01-12|true
1278342|29476|184372.90|1992-01-12|true
1290657|94612|193438.40|1992-01-12|true
1292902|56378|143062.61|1992-01-12|true
1305828|141232|265074.36|1992-01-12|true
1313700|28876|111586.36|1992-01-12|true
1328579|101440|90125.01|1992-01-12|true
1328996|135991|208949.05|1992-01-12|true
1331972|73354|156356.02|1992-01-12|true
1333348|7732|211308.44|1992-01-12|true
1339303|64342|262116.08|1992-01-12|true
1356132|97907|202190.87|1992-01-12|true
1362183|102526|188859.75|1992-01-12|true
1364515|85189|197225.49|1992-01-12|true
1369635|75538|264207.93|1992-01-12|true
1371041|108268|139033.31|1992-01-12|true
1394656|2695|190453.80|1992-01-12|true
1404096|65458|54112.82|1992-01-12|true
1427364|101248|177084.24|1992-01-12|true
1428966|11396|41394.12|1992-01-12|true
1449093|29056|186116.49|1992-01-12|true
1452737|100168|364632.71|1992-01-12|true
1454147|66226|223145.64|1992-01-12|true
1462086|143125|197668.36|1992-01-12|true
1474631|54035|80423.94|1992-01-12|true
1507266|61594|19681.83|1992-01-12|true
1514915|148207|118290.11|1992-01-12|true
1515811|75964|50028.11|1992-01-12|true
1520869|110818|212904.88|1992-01-12|true
1524131|47449|36883.67|1992-01-12|true
1526627|31330|115271.29|1992-01-12|true
1550598|106243|52122.02|1992-01-12|true
1563847|135371|72218.13|1992-01-12|true
1564483|10906|141718.03|1992-01-12|true
1564679|130645|219737.97|1992-01-12|true
1574918|14645|187951.85|1992-01-12|true
1579973|96088|162029.59|1992-01-12|true
1585510|139520|260795.34|1992-01-12|true
1592804|47497|66377.16|1992-01-12|true
1593957|84659|1712.57|1992-01-12|true
1603271|6374|234875.09|1992-01-12|true
1606305|140851|101676.87|1992-01-12|true
1608288|140083|145496.22|1992-01-12|true
1613926|31996|125471.25|1992-01-12|true
1625635|29188|169170.04|1992-01-12|true
1627330|66107|302165.40|1992-01-12|true
1631587|35026|122353.61|1992-01-12|true
1649447|78685|67504.01|1992-01-12|true
1669379|128062|266316.13|1992-01-12|true
1702948|65026|58402.75|1992-01-12|true
1718722|92219|86748.43|1992-01-12|true
1721380|119033|95327.13|1992-01-12|true
1757857|49529|154764.15|1992-01-12|true
1758722|83248|208328.25|1992-01-12|true
1762373|125794|160670.44|1992-01-12|true
1765922|133862|245108.41|1992-01-12|true
1766247|67295|162072.60|1992-01-12|true
1775264|109756|33916.84|1992-01-12|true
1782115|95176|243659.50|1992-01-12|true
1795264|147727|155740.16|1992-01-12|true
1803940|80278|124599.79|1992-01-12|true
1806599|122134|100367.99|1992-01-12|true
1822887|73264|163966.40|1992-01-12|true
1832163|40828|10212.34|1992-01-12|true
1865953|40741|219824.08|1992-01-12|true
1866336|68077|79123.24|1992-01-12|true
1872128|15496|190530.02|1992-01-12|true
1886177|115675|274062.35|1992-01-12|true
1899845|57860|137769.27|1992-01-12|true
1908323|10417|112744.49|1992-01-12|true
1911172|1256|173095.83|1992-01-12|true
1929510|143764|92752.92|1992-01-12|true
1930212|51557|163374.83|1992-01-12|true
1943879|128047|90067.56|1992-01-12|true
1955458|22283|208608.93|1992-01-12|true
2001570|74224|248876.92|1992-01-12|true
2014726|131584|169337.14|1992-01-12|true
2029280|64327|64783.18|1992-01-12|true
2032582|148405|83510.47|1992-01-12|true
2089633|4861|224921.11|1992-01-12|true
2113090|29972|164247.80|1992-01-12|true
2132486|60139|220240.32|1992-01-12|true
2137924|76378|273313.77|1992-01-12|true
2140515|22825|213986.51|1992-01-12|true
2143904|13369|224917.96|1992-01-12|true
2159808|124762|223082.50|1992-01-12|true
2170593|36344|50050.52|1992-01-12|true
2185796|86587|107757.24|1992-01-12|true
2190565|10906|235527.07|1992-01-12|true
2191877|121280|179296.66|1992-01-12|true
2208354|143588|273881.27|1992-01-12|true
2210082|70229|162607.21|1992-01-12|true
2212134|40897|64832.11|1992-01-12|true
2215239|131329|1107.91|1992-01-12|true
2216516|66205|187632.54|1992-01-12|true
2229540|49282|124529.72|1992-01-12|true
2244709|141493|180136.11|1992-01-12|true
2249634|88709|66781.88|1992-01-12|true
2258755|71839|35331.10|1992-01-12|true
2286791|121918|98931.43|1992-01-12|true
2310948|123028|65429.18|1992-01-12|true
2314759|144337|85351.69|1992-01-12|true
2315392|92240|31041.08|1992-01-12|true
2319271|39925|283082.13|1992-01-12|true
2325094|131299|15358.62|1992-01-12|true
2347777|61795|126724.40|1992-01-12|true
2349030|54160|166157.17|1992-01-12|true
2356292|99781|48076.50|1992-01-12|true
2357857|12454|28520.12|1992-01-12|true
2361894|21748|133188.76|1992-01-12|true
2379073|10634|147487.88|1992-01-12|true
2389827|55654|68269.61|1992-01-12|true
2420583|36322|142124.64|1992-01-12|true
2422533|16508|79386.68|1992-01-12|true
2426534|28132|68577.49|1992-01-12|true
2430656|51730|113957.60|1992-01-12|true
2437415|121354|123358.95|1992-01-12|true
2441251|126575|264054.23|1992-01-12|true
2449510|60802|248563.69|1992-01-12|true
2459268|4039|203427.69|1992-01-12|true
2490432|129127|53671.44|1992-01-12|true
2499876|22717|15754.19|1992-01-12|true
2532514|84008|24072.18|1992-01-12|true
2538272|41671|59032.68|1992-01-12|true
2552743|27874|193047.40|1992-01-12|true
2562272|73744|56563.38|1992-01-12|true
2563299|59398|164821.46|1992-01-12|true
2567364|65698|108722.32|1992-01-12|true
2571715|96629|317940.78|1992-01-12|true
2587942|93727|97666.27|1992-01-12|true
2596327|126064|117028.96|1992-01-12|true
2611303|119173|246078.95|1992-01-12|true
2617313|6319|141259.26|1992-01-12|true
2622115|12070|26307.24|1992-01-12|true
2629349|26966|270251.62|1992-01-12|true
2632929|37525|81446.27|1992-01-12|true
2637351|69727|316505.08|1992-01-12|true
2641764|55868|3591.60|1992-01-12|true
2641798|2875|178947.57|1992-01-12|true
2646433|147635|38520.73|1992-01-12|true
2646689|123163|97555.40|1992-01-12|true
2649505|23071|7008.72|1992-01-12|true
2663428|67834|83850.35|1992-01-12|true
2669507|5387|251299.84|1992-01-12|true
2681570|72359|115170.36|1992-01-12|true
2688612|69847|201117.03|1992-01-12|true
2702564|128050|253926.81|1992-01-12|true
2725570|102727|225331.31|1992-01-12|true
2741284|31144|177538.43|1992-01-12|true
2747841|53143|155423.53|1992-01-12|true
2751045|47383|131446.91|1992-01-12|true
2754368|48145|100972.15|1992-01-12|true
2781283|56182|270564.85|1992-01-12|true
2792192|112667|100937.96|1992-01-12|true
2792550|52966|168435.23|1992-01-12|true
2793830|33394|236677.56|1992-01-12|true
2796064|136141|77725.26|1992-01-12|true
2796258|108371|302453.22|1992-01-12|true
2810880|6995|6550.61|1992-01-12|true
2811591|68503|237113.10|1992-01-12|true
2811719|78892|277494.06|1992-01-12|true
2824196|64361|142507.61|1992-01-12|true
2827650|15350|27130.91|1992-01-12|true
2830117|112663|217686.92|1992-01-12|true
2832128|32551|106265.31|1992-01-12|true
2843874|139078|94220.34|1992-01-12|true
2846371|111571|154044.75|1992-01-12|true
2853383|100733|128141.79|1992-01-12|true
2855525|62713|8562.67|1992-01-12|true
2876902|57218|184980.51|1992-01-12|true
2888097|120973|182444.06|1992-01-12|true
2919011|24661|234913.26|1992-01-12|true
2920933|17093|286680.91|1992-01-12|true
2925409|109537|96976.98|1992-01-12|true
2926080|95332|33185.62|1992-01-12|true
2945569|37976|52140.66|1992-01-12|true
2963524|102560|35262.83|1992-01-12|true
3049637|18851|160435.27|1992-01-12|true
3072775|95638|85923.86|1992-01-12|true
3080384|32126|186145.54|1992-01-12|true
3098982|22924|91588.65|1992-01-12|true
3101767|147449|28347.82|1992-01-12|true
3115460|124706|261706.75|1992-01-12|true
3118055|69692|92099.62|1992-01-12|true
3142309|122743|172006.34|1992-01-12|true
3150021|122041|110972.34|1992-01-12|true
3171526|58516|72710.72|1992-01-12|true
3172422|63658|121953.96|1992-01-12|true
3176418|122558|175165.12|1992-01-12|true
3195682|6008|187596.33|1992-01-12|true
3218149|135505|213671.54|1992-01-12|true
3226823|26011|60818.62|1992-01-12|true
3249125|94822|291608.31|1992-01-12|true
3268803|41774|194754.16|1992-01-12|true
3271175|38615|341086.78|1992-01-12|true
3277282|95587|204661.35|1992-01-12|true
3292549|34951|101864.33|1992-01-12|true
3292577|29806|87728.83|1992-01-12|true
3304034|842|76699.04|1992-01-12|true
3304832|119783|313360.32|1992-01-12|true
3309889|44189|194365.14|1992-01-12|true
3321478|89719|230545.48|1992-01-12|true
3321574|134600|97376.72|1992-01-12|true
3327649|53987|98709.53|1992-01-12|true
3336580|27526|202776.29|1992-01-12|true
3340230|121235|293619.79|1992-01-12|true
3340581|21754|69440.21|1992-01-12|true
3343397|9892|194052.36|1992-01-12|true
3343840|25633|85493.73|1992-01-12|true
3347877|72056|275931.58|1992-01-12|true
3357058|132538|62407.44|1992-01-12|true
3366595|123055|25509.68|1992-01-12|true
3371106|75769|296595.52|1992-01-12|true
3388198|139417|70766.46|1992-01-12|true
3394950|57614|122376.61|1992-01-12|true
3402115|2896|251226.12|1992-01-12|true
3405926|58712|110639.24|1992-01-12|true
3408960|25544|237544.89|1992-01-12|true
3418148|1534|241338.31|1992-01-12|true
3459876|77638|44142.30|1992-01-12|true
3461475|50479|41237.93|1992-01-12|true
3488672|97046|221908.10|1992-01-12|true
3534691|31670|155052.72|1992-01-12|true
3539620|136993|134015.74|1992-01-12|true
3554341|146878|23061.50|1992-01-12|true
3562788|34738|185448.56|1992-01-12|true
3564710|116321|322274.50|1992-01-12|true
3574374|18502|116736.28|1992-01-12|true
3577829|60278|28135.40|1992-01-12|true
3581958|87128|246250.46|1992-01-12|true
3587110|127189|58456.15|1992-01-12|true
3598950|2527|85085.25|1992-01-12|true
3650979|109813|91729.90|1992-01-12|true
3653636|82895|157775.08|1992-01-12|true
3656230|83515|172566.77|1992-01-12|true
3658021|93020|84106.66|1992-01-12|true
3679366|4481|77526.99|1992-01-12|true
3698147|114019|92865.17|1992-01-12|true
3721888|130465|110160.51|1992-01-12|true
3724801|107417|44036.21|1992-01-12|true
3728867|21781|92433.11|1992-01-12|true
3732804|81169|159602.17|1992-01-12|true
3734022|68080|34705.98|1992-01-12|true
3738179|105440|319555.56|1992-01-12|true
3738917|117053|74884.83|1992-01-12|true
3742978|121756|220099.54|1992-01-12|true
3745127|77843|139610.20|1992-01-12|true
3746978|15059|84313.98|1992-01-12|true
3754662|67525|249598.34|1992-01-12|true
3756806|48739|223609.27|1992-01-12|true
3785188|115747|256201.93|1992-01-12|true
3787969|121999|156588.77|1992-01-12|true
3787970|59314|103667.09|1992-01-12|true
3808608|79069|151223.30|1992-01-12|true
3812901|39053|281806.98|1992-01-12|true
3821702|6640|218319.70|1992-01-12|true
3837571|79874|198676.06|1992-01-12|true
3840194|90065|121697.95|1992-01-12|true
3848228|97741|227191.64|1992-01-12|true
3863075|2149|207247.68|1992-01-12|true
3869926|87790|179240.40|1992-01-12|true
3893669|60808|91215.63|1992-01-12|true
3894116|90889|198777.29|1992-01-12|true
3895303|57580|173662.89|1992-01-12|true
3902594|66599|132930.26|1992-01-12|true
3903431|2863|287669.11|1992-01-12|true
3913409|136924|225655.93|1992-01-12|true
3944995|99187|91944.60|1992-01-12|true
3947812|74764|248516.63|1992-01-12|true
3955651|20651|394671.19|1992-01-12|true
3971814|93608|172585.20|1992-01-12|true
3978342|55706|33375.76|1992-01-12|true
4016642|86393|186200.45|1992-01-12|true
4023233|20200|168519.26|1992-01-12|true
4024294|56863|218841.30|1992-01-12|true
4036259|109219|1155.42|1992-01-12|true
4036803|12808|136075.42|1992-01-12|true
4037893|163|189967.38|1992-01-12|true
4038373|47176|95610.51|1992-01-12|true
4044000|136807|88838.24|1992-01-12|true
4053826|68989|167423.98|1992-01-12|true
4076033|127390|91316.09|1992-01-12|true
4076097|125066|31885.85|1992-01-12|true
4088710|136252|274658.73|1992-01-12|true
4095365|132794|234879.34|1992-01-12|true
4096546|121675|79319.69|1992-01-12|true
4098529|59899|150721.45|1992-01-12|true
4101697|46019|78811.20|1992-01-12|true
4110150|13948|75014.31|1992-01-12|true
4119365|52405|79887.68|1992-01-12|true
4126240|149711|102174.35|1992-01-12|true
4137440|49498|124601.43|1992-01-12|true
4145345|34493|72308.32|1992-01-12|true
4164967|2840|73502.35|1992-01-12|true
4168995|77113|254169.98|1992-01-12|true
4169058|46186|257904.97|1992-01-12|true
4183079|112399|211348.78|1992-01-12|true
4194240|56704|204574.84|1992-01-12|true
4208096|49154|127984.70|1992-01-12|true
4218306|62699|156493.70|1992-01-12|true
4221922|42349|226133.56|1992-01-12|true
4226882|142687|174510.59|1992-01-12|true
4233664|103355|97875.25|1992-01-12|true
4239173|125590|63786.46|1992-01-12|true
4241729|298|56322.30|1992-01-12|true
4248999|127813|102827.90|1992-01-12|true
4260454|67252|257946.93|1992-01-12|true
4265255|147166|287725.61|1992-01-12|true
4269472|145678|223337.95|1992-01-12|true
4284167|98026|118416.79|1992-01-12|true
4296261|69158|145479.32|1992-01-12|true
4301570|11224|111992.35|1992-01-12|true
4303398|123997|149614.29|1992-01-12|true
4309507|138892|120831.98|1992-01-12|true
4311206|46925|128947.23|1992-01-12|true
4323235|12202|52039.17|1992-01-12|true
4323360|51430|206905.74|1992-01-12|true
4346439|136|258084.87|1992-01-12|true
4365568|38860|40044.88|1992-01-12|true
4368199|67226|78716.04|1992-01-12|true
4369216|5722|136818.44|1992-01-12|true
4372577|129583|238106.14|1992-01-12|true
4372642|126469|161040.01|1992-01-12|true
4374818|75497|71817.46|1992-01-12|true
4382914|98143|259180.39|1992-01-12|true
4383107|66994|247670.72|1992-01-12|true
4397568|84697|293122.38|1992-01-12|true
4402213|39064|268017.80|1992-01-12|true
4404519|84640|106339.39|1992-01-12|true
4409024|106049|49567.40|1992-01-12|true
4419107|6010|210962.07|1992-01-12|true
4428803|28637|17252.93|1992-01-12|true
4431105|60715|211575.16|1992-01-12|true
4433760|128029|224531.79|1992-01-12|true
4451940|57116|105833.72|1992-01-12|true
4457540|145142|186939.33|1992-01-12|true
4470631|111970|197687.43|1992-01-12|true
4494245|100670|258984.65|1992-01-12|true
4494497|98839|23009.86|1992-01-12|true
4496420|74047|147785.30|1992-01-12|true
4497666|125509|242188.42|1992-01-12|true
4503975|76658|17382.22|1992-01-12|true
4516576|110309|68414.94|1992-01-12|true
4527649|34319|300246.63|1992-01-12|true
4542882|105041|54725.33|1992-01-12|true
4548966|48542|266512.61|1992-01-12|true
4549091|24170|82812.07|1992-01-12|true
4561345|51229|198853.81|1992-01-12|true
4567494|135943|170673.63|1992-01-12|true
4572386|67480|112695.68|1992-01-12|true
4579655|62264|154333.92|1992-01-12|true
4582596|76951|176462.80|1992-01-12|true
4591680|40657|32393.39|1992-01-12|true
4592422|111824|151554.18|1992-01-12|true
4596068|3899|95677.93|1992-01-12|true
4596805|126196|89377.28|1992-01-12|true
4605121|59737|72266.60|1992-01-12|true
4609987|93089|36481.54|1992-01-12|true
4619041|121612|186154.55|1992-01-12|true
4619526|18671|185551.53|1992-01-12|true
4627685|138880|161872.78|1992-01-12|true
4637123|126655|260657.37|1992-01-12|true
4645414|100778|88161.23|1992-01-12|true
4670178|43978|181058.93|1992-01-12|true
4670496|138106|261278.24|1992-01-12|true
4677408|11026|93902.32|1992-01-12|true
4679109|133934|53804.75|1992-01-12|true
4694500|64271|108070.90|1992-01-12|true
4695841|69842|67842.59|1992-01-12|true
4703620|86192|131380.30|1992-01-12|true
4722563|67685|81475.93|1992-01-12|true
4733414|67796|39459.82|1992-01-12|true
4743430|133781|122960.83|1992-01-12|true
4750849|136553|65705.99|1992-01-12|true
4752738|125482|106387.70|1992-01-12|true
4772676|132316|121259.51|1992-01-12|true
4785312|7720|248830.69|1992-01-12|true
4790720|69521|134092.55|1992-01-12|true
4813957|138464|182966.15|1992-01-12|true
4818337|31726|60960.23|1992-01-12|true
4819777|82519|96555.51|1992-01-12|true
4850790|68977|17586.46|1992-01-12|true
4852325|74515|126606.02|1992-01-12|true
4856774|144188|301848.34|1992-01-12|true
4883652|119626|35173.48|1992-01-12|true
4913382|135931|234493.51|1992-01-12|true
4915846|107501|65956.98|1992-01-12|true
4923362|128623|88194.79|1992-01-12|true
4931072|64295|92684.78|1992-01-12|true
4949638|84065|200305.23|1992-01-12|true
4950790|90445|190026.08|1992-01-12|true
4960325|53224|80325.66|1992-01-12|true
4977312|114050|219137.43|1992-01-12|true
5006342|91813|111845.34|1992-01-12|true
5036769|508|128089.14|1992-01-12|true
5042951|49129|252159.23|1992-01-12|true
5058241|9082|181073.49|1992-01-12|true
5063268|105764|13513.14|1992-01-12|true
5063975|125659|96138.15|1992-01-12|true
5065638|88573|208387.94|1992-01-12|true
5069669|105289|59076.95|1992-01-12|true
5070343|76778|222837.86|1992-01-12|true
5077445|107080|124994.83|1992-01-12|true
5086560|64555|56244.50|1992-01-12|true
5093221|97435|55541.52|1992-01-12|true
5105062|137446|143270.60|1992-01-12|true
5112449|20206|197242.52|1992-01-12|true
5132196|1772|102513.18|1992-01-12|true
5138119|122659|49767.45|1992-01-12|true
5138727|28796|173886.06|1992-01-12|true
5166597|35690|248342.83|1992-01-12|true
5173440|146777|137623.62|1992-01-12|true
5188294|134968|204728.35|1992-01-12|true
5200452|123067|33865.42|1992-01-12|true
5216039|84550|210933.38|1992-01-12|true
5221060|58760|145681.86|1992-01-12|true
5227616|57199|136086.95|1992-01-12|true
5242177|146585|240990.57|1992-01-12|true
5245760|4624|223741.77|1992-01-12|true
5251616|68407|201384.59|1992-01-12|true
5262503|97456|148124.84|1992-01-12|true
5277254|138913|168896.09|1992-01-12|true
5299047|19330|134197.12|1992-01-12|true
5321282|38890|296046.49|1992-01-12|true
5321344|58741|30593.97|1992-01-12|true
5322724|114655|27413.42|1992-01-12|true
5324293|89974|3881.82|1992-01-12|true
5339941|105545|128324.20|1992-01-12|true
5341601|86894|71019.80|1992-01-12|true
5357382|125417|316520.63|1992-01-12|true
5361541|74197|97497.50|1992-01-12|true
5374948|56884|271986.55|1992-01-12|true
5386886|48682|29599.87|1992-01-12|true
5395559|86959|178070.58|1992-01-12|true
5405253|58924|9553.98|1992-01-12|true
5412837|66914|118718.01|1992-01-12|true
5420197|8375|116620.96|1992-01-12|true
5435493|81703|83927.51|1992-01-12|true
5446725|82756|102026.54|1992-01-12|true
5448900|85144|107651.94|1992-01-12|true
5450594|1922|48923.54|1992-01-12|true
5454210|12209|40357.45|1992-01-12|true
5463553|110551|110933.76|1992-01-12|true
5465444|130570|266597.43|1992-01-12|true
5468321|35459|163947.69|1992-01-12|true
5508869|111598|124410.34|1992-01-12|true
5517895|38624|312427.41|1992-01-12|true
5527620|119248|16237.75|1992-01-12|true
5537379|1333|3466.49|1992-01-12|true
5551270|58777|54877.10|1992-01-12|true
5558178|18319|244935.31|1992-01-12|true
5563970|89611|177060.25|1992-01-12|true
5573700|147071|319461.95|1992-01-12|true
5578564|120223|231586.81|1992-01-12|true
5581024|100591|125749.90|1992-01-12|true
5586016|117064|300266.85|1992-01-12|true
5587303|146321|105986.55|1992-01-12|true
5590310|34630|57957.67|1992-01-12|true
5603398|47747|142131.57|1992-01-12|true
5604512|50218|122720.53|1992-01-12|true
5608291|90263|224196.68|1992-01-12|true
5609191|30100|10754.52|1992-01-12|true
5613734|46736|231325.54|1992-01-12|true
5639618|129322|249236.34|1992-01-12|true
5673351|83419|303330.33|1992-01-12|true
5673731|142723|11653.70|1992-01-12|true
5712260|138184|98581.59|1992-01-12|true
5714688|117125|200325.55|1992-01-12|true
5717988|135463|206408.87|1992-01-12|true
5726919|51073|4693.67|1992-01-12|true
5729793|97387|22258.26|1992-01-12|true
5747169|144203|66980.98|1992-01-12|true
5759716|51706|74909.34|1992-01-12|true
5770371|132454|127147.00|1992-01-12|true
5782176|74896|179964.33|1992-01-12|true
5787202|8674|202677.84|1992-01-12|true
5848164|13000|58913.66|1992-01-12|true
5854694|105331|162403.02|1992-01-12|true
5863106|68063|344065.24|1992-01-12|true
5887815|37897|102359.77|1992-01-12|true
5890215|18611|261073.09|1992-01-12|true
5894688|117362|101935.98|1992-01-12|true
5903876|138617|137064.00|1992-01-12|true
5904641|81925|135606.44|1992-01-12|true
5906464|38065|105108.23|1992-01-12|true
5937765|35381|132404.90|1992-01-12|true
5989027|7606|158570.47|1992-01-12|true
10053|143998|-21799.45|1992-01-12|false
23010|91141|-12608.59|1992-01-12|false
52516|114901|-12304.06|1992-01-12|false
62051|36208|-51493.91|1992-01-12|false
76803|118789|-27452.25|1992-01-12|false
91941|88321|-4368.21|1992-01-12|false
105280|103414|-23188.26|1992-01-12|false
166371|70736|-28946.87|1992-01-12|false
269606|142465|-37988.43|1992-01-12|false
282725|3988|-18449.71|1992-01-12|false
291265|26038|-15772.19|1992-01-12|false
304867|139972|-7033.51|1992-01-12|false
313762|117994|-84604.08|1992-01-12|false
327073|36569|-48195.81|1992-01-12|false
387361|102034|-15337.56|1992-01-12|false
394784|69662|-4075.02|1992-01-12|false
404482|126514|-16306.70|1992-01-12|false
425633|28798|-3819.99|1992-01-12|false
426881|135922|-58606.32|1992-01-12|false
471138|10582|-59905.74|1992-01-12|false
475168|137116|-52900.28|1992-01-12|false
482529|55648|-2012.54|1992-01-12|false
485959|10465|-50513.83|1992-01-12|false
608484|64531|-35825.46|1992-01-12|false
628805|46247|-12456.68|1992-01-12|false
638595|27112|-47575.84|1992-01-12|false
641414|89392|-22692.83|1992-01-12|false
653890|53192|-40848.29|1992-01-12|false
694464|89038|-16132.66|1992-01-12|false
721220|9263|-43387.92|1992-01-12|false
783462|72254|-35573.60|1992-01-12|false
824292|14644|-94938.29|1992-01-12|false
843814|100165|-26712.89|1992-01-12|false
854212|80710|-78240.48|1992-01-12|false
866532|128861|-42694.62|1992-01-12|false
874530|5879|-65242.83|1992-01-12|false
900512|88388|-1594.10|1992-01-12|false
913024|2620|-36207.48|1992-01-12|false
952454|126016|-25188.91|1992-01-12|false
967430|136352|-31722.60|1992-01-12|false
993857|71695|-28239.75|1992-01-12|false
1004454|113737|-14875.07|1992-01-12|false
1007746|42352|-7765.57|1992-01-12|false
1044803|80233|-27088.02|1992-01-12|false
1048482|148735|-21019.93|1992-01-12|false
1049856|8194|-31974.85|1992-01-12|false
1069220|123802|-19341.24|1992-01-12|false
1073059|120637|-7291.72|1992-01-12|false
1078308|142084|-51174.09|1992-01-12|false
1123843|145277|-10735.46|1992-01-12|false
1144487|67610|-1781.06|1992-01-12|false
1152231|127213|-69659.72|1992-01-12|false
1152231|127213|-58558.95|1992-01-12|false
1170630|36340|-4511.69|1992-01-12|false
1171716|142108|-22239.06|1992-01-12|false
1208389|87287|-34935.59|1992-01-12|false
1236032|18598|-22202.77|1992-01-12|false
1273989|56881|-37900.32|1992-01-12|false
1279367|46817|-27024.98|1992-01-12|false
1281889|31976|-47868.19|1992-01-12|false
1298081|58855|-16287.84|1992-01-12|false
1316518|35249|-61681.66|1992-01-12|false
1322978|20095|-19504.37|1992-01-12|false
1332388|92455|-52687.99|1992-01-12|false
1336195|38902|-48890.36|1992-01-12|false
1357569|41506|-35085.06|1992-01-12|false
1391589|142228|-82501.44|1992-01-12|false
1461895|11068|-13423.77|1992-01-12|false
1470371|18233|-69001.77|1992-01-12|false
1472933|106138|-11359.38|1992-01-12|false
1493698|119248|-37600.03|1992-01-12|false
1500228|66031|-31450.56|1992-01-12|false
1525378|22888|-77974.73|1992-01-12|false
1561058|70652|-17047.14|1992-01-12|false
1572096|2134|-10606.30|1992-01-12|false
1582529|46112|-40243.21|1992-01-12|false
1644545|64603|-60074.28|1992-01-12|false
1681090|148286|-55833.68|1992-01-12|false
1791911|45173|-10545.55|1992-01-12|false
1792544|70669|-66046.27|1992-01-12|false
1828576|122804|-3537.39|1992-01-12|false
1837797|138589|-74627.03|1992-01-12|false
1868997|129910|-2215.51|1992-01-12|false
1897028|126626|-1405.33|1992-01-12|false
1911940|74200|-95841.06|1992-01-12|false
1951648|119750|-18984.83|1992-01-12|false
1967942|124226|-20896.97|1992-01-12|false
2019905|72172|-21194.86|1992-01-12|false
2029222|25507|-3414.85|1992-01-12|false
2043459|9707|-52988.98|1992-01-12|false
2052867|23194|-1122.40|1992-01-12|false
2087618|97078|-36657.77|1992-01-12|false
2169633|46828|-87229.36|1992-01-12|false
2233575|86191|-44205.64|1992-01-12|false
2297696|124726|-18546.24|1992-01-12|false
2366850|148207|-42091.07|1992-01-12|false
2373158|108121|-60256.77|1992-01-12|false
2389447|43538|-15309.95|1992-01-12|false
2402691|146351|-34823.55|1992-01-12|false
2418725|51760|-35452.75|1992-01-12|false
2427078|19522|-28776.35|1992-01-12|false
2428583|119845|-48219.76|1992-01-12|false
2438694|112405|-19359.02|1992-01-12|false
2484678|18857|-34733.16|1992-01-12|false
2535782|65083|-53939.00|1992-01-12|false
2544068|146984|-3405.32|1992-01-12|false
2554433|121016|-41851.62|1992-01-12|false
2634212|25238|-46831.89|1992-01-12|false
2635653|148999|-36797.98|1992-01-12|false
2639331|120749|-23011.53|1992-01-12|false
2648546|43874|-12593.31|1992-01-12|false
2671328|132358|-49573.49|1992-01-12|false
2717607|94549|-67408.21|1992-01-12|false
2726850|87211|-45562.00|1992-01-12|false
2760902|115646|-26871.59|1992-01-12|false
2764578|124033|-45449.10|1992-01-12|false
2787557|110842|-56220.33|1992-01-12|false
2793284|133027|-5158.93|1992-01-12|false
2804451|64793|-28087.60|1992-01-12|false
2815971|64900|-14009.40|1992-01-12|false
2826944|59341|-50805.38|1992-01-12|false
2828037|135631|-8952.31|1992-01-12|false
2840000|80092|-30556.32|1992-01-12|false
2855396|13244|-65983.94|1992-01-12|false
2865473|45280|-64410.21|1992-01-12|false
2877121|5224|-30182.46|1992-01-12|false
2885798|112378|-18396.18|1992-01-12|false
2888102|131249|-24870.19|1992-01-12|false
2941507|49078|-25336.89|1992-01-12|false
2943458|84550|-51302.37|1992-01-12|false
2992129|78685|-36187.58|1992-01-12|false
3039686|100033|-17758.76|1992-01-12|false
3042913|51220|-43594.94|1992-01-12|false
3066689|133165|-4107.31|1992-01-12|false
3097249|24119|-27823.22|1992-01-12|false
3130979|127690|-72182.11|1992-01-12|false
3138151|95708|-87037.23|1992-01-12|false
3158784|52774|-71235.65|1992-01-12|false
3163814|60544|-16011.90|1992-01-12|false
3194214|17785|-10563.94|1992-01-12|false
3204807|54061|-21317.17|1992-01-12|false
3204807|54061|-4221.99|1992-01-12|false
3220737|113387|-33550.20|1992-01-12|false
3235201|59170|-77922.66|1992-01-12|false
3258947|88381|-7568.70|1992-01-12|false
3265059|46442|-70530.46|1992-01-12|false
3295811|47539|-73286.17|1992-01-12|false
3342375|35957|-15405.77|1992-01-12|false
3392195|14230|-53989.40|1992-01-12|false
3393858|5110|-68982.59|1992-01-12|false
3398243|147826|-51602.68|1992-01-12|false
3410016|146074|-51993.38|1992-01-12|false
3415427|96205|-61037.95|1992-01-12|false
3416199|89062|-45789.05|1992-01-12|false
3436835|7952|-53609.22|1992-01-12|false
3442340|79849|-49849.23|1992-01-12|false
3608487|114016|-21231.25|1992-01-12|false
3614657|57026|-72282.70|1992-01-12|false
3638950|48635|-16496.19|1992-01-12|false
3650692|55660|-15297.66|1992-01-12|false
3693729|50830|-28442.32|1992-01-12|false
3729089|126760|-36172.41|1992-01-12|false
3741124|12580|-41893.26|1992-01-12|false
3761798|27742|-19767.81|1992-01-12|false
3763365|127831|-80892.55|1992-01-12|false
3763494|100510|-45204.22|1992-01-12|false
3780289|90044|-48121.15|1992-01-12|false
3795425|45016|-75531.83|1992-01-12|false
3802051|139711|-5717.25|1992-01-12|false
3807907|25891|-4798.84|1992-01-12|false
3830214|94838|-6311.20|1992-01-12|false
3861476|143449|-8720.33|1992-01-12|false
3925505|31471|-15423.80|1992-01-12|false
3951782|129205|-1840.41|1992-01-12|false
3957829|146198|-45197.35|1992-01-12|false
3964770|125719|-70287.04|1992-01-12|false
4006625|19657|-8953.68|1992-01-12|false
4033347|52894|-59660.77|1992-01-12|false
4086247|19210|-63048.89|1992-01-12|false
4096100|127072|-4391.35|1992-01-12|false
4135204|148573|-4388.69|1992-01-12|false
4163300|133850|-27372.31|1992-01-12|false
4163878|10828|-44371.29|1992-01-12|false
4218754|71048|-1298.22|1992-01-12|false
4274470|85066|-60505.33|1992-01-12|false
4317861|118024|-31254.96|1992-01-12|false
4361031|79177|-40164.61|1992-01-12|false
4399303|12784|-66765.64|1992-01-12|false
4427810|41636|-75842.79|1992-01-12|false
4440834|133289|-15566.84|1992-01-12|false
4468192|63656|-47438.12|1992-01-12|false
4524324|127543|-82558.35|1992-01-12|false
4539779|115403|-10604.05|1992-01-12|false
4550183|13555|-66930.25|1992-01-12|false
4566752|23894|-29169.62|1992-01-12|false
4573666|107476|-44753.21|1992-01-12|false
4575650|83501|-2624.11|1992-01-12|false
4582688|13198|-10975.24|1992-01-12|false
4690912|94121|-11297.02|1992-01-12|false
4726498|124568|-9187.80|1992-01-12|false
4739334|133690|-42874.69|1992-01-12|false
4772902|140249|-77495.83|1992-01-12|false
4782116|85270|-22123.41|1992-01-12|false
4783399|9814|-5893.18|1992-01-12|false
4839073|110713|-1881.99|1992-01-12|false
4840164|43745|-81056.27|1992-01-12|false
4847457|147316|-45530.06|1992-01-12|false
4859008|9316|-26541.82|1992-01-12|false
4860514|22762|-12384.12|1992-01-12|false
4880549|89692|-31703.41|1992-01-12|false
4901761|143761|-13756.40|1992-01-12|false
4969154|142660|-87356.02|1992-01-12|false
5045924|27712|-76278.60|1992-01-12|false
5050981|135142|-73996.60|1992-01-12|false
5207296|51637|-22830.93|1992-01-12|false
5283303|54475|-54861.37|1992-01-12|false
5340452|4847|-70988.43|1992-01-12|false
5365731|71998|-56032.72|1992-01-12|false
5392097|24209|-1425.44|1992-01-12|false
5398662|14801|-2820.94|1992-01-12|false
5399616|107716|-14733.90|1992-01-12|false
5403873|70412|-60320.04|1992-01-12|false
5417795|60310|-54344.44|1992-01-12|false
5417956|76615|-11798.94|1992-01-12|false
5452865|87479|-49199.23|1992-01-12|false
5457888|80689|-12407.75|1992-01-12|false
5527844|73651|-44330.76|1992-01-12|false
5591106|97468|-44125.95|1992-01-12|false
5613031|49306|-58317.29|1992-01-12|false
5615366|20476|-9079.38|1992-01-12|false
5622017|61264|-22745.56|1992-01-12|false
5627527|8384|-46686.00|1992-01-12|false
5643936|28930|-35689.92|1992-01-12|false
5650821|43333|-7113.41|1992-01-12|false
5651876|114709|-53354.80|1992-01-12|false
5653190|17830|-57883.01|1992-01-12|false
5663938|73187|-16789.63|1992-01-12|false
5712675|72859|-43797.60|1992-01-12|false
5760005|137506|-82401.60|1992-01-12|false
5765761|102592|-74377.47|1992-01-12|false
5768577|37531|-88854.80|1992-01-12|false
5778055|95653|-45535.03|1992-01-12|false
5778177|64189|-50356.28|1992-01-12|false
5838660|88234|-14710.05|1992-01-12|false
5858948|22279|-3662.17|1992-01-12|false
5863938|125357|-31349.88|1992-01-12|false
5947843|6298|-6831.28|1992-01-12|false
5952294|111724|-47264.17|1992-01-12|false
5967685|13186|-88901.37|1992-01-12|false
5983874|66325|-70107.32|1992-01-12|false
292|22252|39185.97|1992-01-13|true
5382|34354|212998.76|1992-01-13|true
7783|130642|205062.37|1992-01-13|true
21382|45457|354766.87|1992-01-13|true
24005|60118|118730.22|1992-01-13|true
28485|7727|207952.48|1992-01-13|true
38147|138257|164291.31|1992-01-13|true
51269|60502|183213.14|1992-01-13|true
67235|71818|82055.05|1992-01-13|true
76551|30797|163333.22|1992-01-13|true
85030|55255|195397.65|1992-01-13|true
92130|32513|222870.22|1992-01-13|true
100359|91025|153116.05|1992-01-13|true
100448|19820|310408.09|1992-01-13|true
101764|89095|261610.93|1992-01-13|true
127232|120307|65897.31|1992-01-13|true
129639|43822|101344.01|1992-01-13|true
152899|50863|117005.79|1992-01-13|true
153668|87229|102383.21|1992-01-13|true
197952|10381|69150.98|1992-01-13|true
201029|22007|247459.22|1992-01-13|true
218752|23462|51441.82|1992-01-13|true
228067|73741|152049.60|1992-01-13|true
231938|85007|276573.31|1992-01-13|true
267747|83189|192333.76|1992-01-13|true
271462|95723|221357.31|1992-01-13|true
302020|112399|229252.05|1992-01-13|true
307077|137272|249742.00|1992-01-13|true
307522|91387|44586.51|1992-01-13|true
324067|137692|26016.12|1992-01-13|true
328930|139705|228086.29|1992-01-13|true
369348|136942|220948.91|1992-01-13|true
392324|17176|79651.00|1992-01-13|true
395813|74611|188912.05|1992-01-13|true
398432|12346|128452.25|1992-01-13|true
399424|94549|109594.15|1992-01-13|true
402435|94000|4927.05|1992-01-13|true
403747|15488|48813.69|1992-01-13|true
411650|106570|90918.90|1992-01-13|true
427559|65635|163851.22|1992-01-13|true
432167|111115|105390.11|1992-01-13|true
442208|72193|3887.92|1992-01-13|true
458496|110059|275522.57|1992-01-13|true
467621|13567|92774.21|1992-01-13|true
491493|20536|37639.43|1992-01-13|true
538243|33109|21767.44|1992-01-13|true
541701|24910|169378.48|1992-01-13|true
550660|66127|48100.59|1992-01-13|true
554816|85423|85645.41|1992-01-13|true
559428|12346|120526.73|1992-01-13|true
567361|95026|145792.32|1992-01-13|true
595586|113144|15789.75|1992-01-13|true
599266|7477|76205.18|1992-01-13|true
609990|38258|126708.48|1992-01-13|true
629732|89840|201964.64|1992-01-13|true
639907|98914|142439.70|1992-01-13|true
646181|29951|86414.22|1992-01-13|true
651939|97768|166086.00|1992-01-13|true
660582|78919|85811.82|1992-01-13|true
665121|15952|44334.14|1992-01-13|true
666342|81496|201824.38|1992-01-13|true
685349|134362|190762.86|1992-01-13|true
699396|97408|92172.17|1992-01-13|true
701797|117643|97279.33|1992-01-13|true
706724|90479|79157.60|1992-01-13|true
708576|13507|149285.12|1992-01-13|true
717090|136336|87198.64|1992-01-13|true
720931|109525|195726.56|1992-01-13|true
730567|123818|315234.36|1992-01-13|true
757412|105475|120429.46|1992-01-13|true
771075|59993|59617.54|1992-01-13|true
773381|65494|89041.63|1992-01-13|true
780673|93047|142002.16|1992-01-13|true
801124|44138|263180.78|1992-01-13|true
808899|113188|30631.55|1992-01-13|true
836036|81797|233860.50|1992-01-13|true
847557|21301|228464.01|1992-01-13|true
848773|22885|56461.18|1992-01-13|true
849381|9001|3807.93|1992-01-13|true
852928|27020|95060.12|1992-01-13|true
874564|73132|140084.47|1992-01-13|true
877735|6091|194547.02|1992-01-13|true
888515|11728|73069.15|1992-01-13|true
898082|72640|80355.90|1992-01-13|true
911590|56980|271384.86|1992-01-13|true
914273|112591|320607.55|1992-01-13|true
937926|81521|31788.57|1992-01-13|true
955395|73771|205844.98|1992-01-13|true
959328|685|246202.63|1992-01-13|true
965155|129073|255626.32|1992-01-13|true
1001926|54259|38096.38|1992-01-13|true
1061094|34000|142911.61|1992-01-13|true
1061923|73870|42646.35|1992-01-13|true
1066497|140057|206151.99|1992-01-13|true
1069156|114484|139157.33|1992-01-13|true
1074881|35152|72769.86|1992-01-13|true
1099042|48454|61241.07|1992-01-13|true
1120292|68389|22652.18|1992-01-13|true
1135202|121565|240738.39|1992-01-13|true
1140100|117982|52951.10|1992-01-13|true
1146753|140449|14604.43|1992-01-13|true
1148068|101290|183050.40|1992-01-13|true
1163075|75602|177452.58|1992-01-13|true
1170914|102625|298258.79|1992-01-13|true
1193472|115091|232555.35|1992-01-13|true
1197828|94102|106471.51|1992-01-13|true
1203776|69112|99374.07|1992-01-13|true
1206980|141064|269633.70|1992-01-13|true
1209474|90940|165023.23|1992-01-13|true
1220800|6889|107281.84|1992-01-13|true
1223301|44321|20419.43|1992-01-13|true
1224484|125030|86240.51|1992-01-13|true
1242628|46999|206203.97|1992-01-13|true
1246881|110540|267151.73|1992-01-13|true
1266339|126706|21014.61|1992-01-13|true
1271780|36632|130037.85|1992-01-13|true
1274819|141382|156036.34|1992-01-13|true
1279457|54181|209397.17|1992-01-13|true
1281923|102467|140361.32|1992-01-13|true
1283044|79346|31525.68|1992-01-13|true
1299718|28571|37345.19|1992-01-13|true
1309058|30304|263294.36|1992-01-13|true
1319168|51290|102337.45|1992-01-13|true
1327618|94750|125388.89|1992-01-13|true
1342661|58646|50435.41|1992-01-13|true
1358246|141361|141244.44|1992-01-13|true
1375333|109148|216541.93|1992-01-13|true
1384675|145768|273178.96|1992-01-13|true
1403717|101521|191378.49|1992-01-13|true
1407843|76234|68221.13|1992-01-13|true
1412514|8590|80367.21|1992-01-13|true
1418308|100340|263946.03|1992-01-13|true
1422658|128581|52600.79|1992-01-13|true
1447746|23827|33167.96|1992-01-13|true
1452640|2740|110493.57|1992-01-13|true
1461408|142547|12442.07|1992-01-13|true
1462277|126050|86219.79|1992-01-13|true
1465221|4750|187101.07|1992-01-13|true
1466276|6220|369518.89|1992-01-13|true
1469764|12331|253624.73|1992-01-13|true
1471425|137305|236439.66|1992-01-13|true
1506945|26716|198040.17|1992-01-13|true
1507328|117736|41783.14|1992-01-13|true
1508837|25397|257567.13|1992-01-13|true
1524802|134593|229991.60|1992-01-13|true
1560871|129718|101380.73|1992-01-13|true
1580579|64981|72523.49|1992-01-13|true
1581346|52481|122731.58|1992-01-13|true
1613349|76795|160580.45|1992-01-13|true
1624161|8810|146199.06|1992-01-13|true
1643939|14483|28700.88|1992-01-13|true
1649191|120859|185206.78|1992-01-13|true
1657732|81667|245724.98|1992-01-13|true
1664833|712|125756.98|1992-01-13|true
1665316|17059|168559.24|1992-01-13|true
1675169|138802|155630.74|1992-01-13|true
1677892|32003|378721.34|1992-01-13|true
1691266|10258|51391.64|1992-01-13|true
1696065|142669|31998.61|1992-01-13|true
1701921|131435|135047.45|1992-01-13|true
1701955|29242|87884.68|1992-01-13|true
1736196|81355|14498.21|1992-01-13|true
1759968|76357|199231.47|1992-01-13|true
1770307|11542|166927.86|1992-01-13|true
1783651|90473|38053.11|1992-01-13|true
1805571|128738|132111.42|1992-01-13|true
1808034|1952|192030.80|1992-01-13|true
1813217|22544|31281.94|1992-01-13|true
1820359|124439|23531.74|1992-01-13|true
1831330|137261|70603.01|1992-01-13|true
1834535|147028|11255.04|1992-01-13|true
1834819|79042|121333.55|1992-01-13|true
1840963|110528|157779.04|1992-01-13|true
1844100|126448|27926.57|1992-01-13|true
1848708|60727|8509.54|1992-01-13|true
1853092|39926|85093.94|1992-01-13|true
1865795|40786|252695.49|1992-01-13|true
1870919|54461|31022.77|1992-01-13|true
1876103|60949|136572.85|1992-01-13|true
1883777|9869|73318.65|1992-01-13|true
1885445|85120|133866.35|1992-01-13|true
1898566|64174|139010.54|1992-01-13|true
1903847|144608|11486.38|1992-01-13|true
1911233|2267|162260.59|1992-01-13|true
1916961|94111|44964.57|1992-01-13|true
1931558|67295|59461.01|1992-01-13|true
1949408|48616|262740.35|1992-01-13|true
1978721|116332|97528.75|1992-01-13|true
1983621|53800|229518.39|1992-01-13|true
1993029|149203|146567.59|1992-01-13|true
2025543|115144|56921.37|1992-01-13|true
2028065|100144|102054.11|1992-01-13|true
2041504|1382|185006.73|1992-01-13|true
2056039|19669|211806.80|1992-01-13|true
2056772|104176|217071.94|1992-01-13|true
2094051|48589|283345.46|1992-01-13|true
2117572|31835|269736.32|1992-01-13|true
2120960|2002|47982.43|1992-01-13|true
2126115|125497|58385.58|1992-01-13|true
2138784|27082|14606.92|1992-01-13|true
2155073|95116|165241.97|1992-01-13|true
2158851|72796|177656.19|1992-01-13|true
2163714|63524|140528.36|1992-01-13|true
2178499|104071|132442.09|1992-01-13|true
2193412|68476|234074.78|1992-01-13|true
2197923|5117|7813.42|1992-01-13|true
2208197|59296|93726.68|1992-01-13|true
2212036|63592|146535.02|1992-01-13|true
2243938|19402|209953.42|1992-01-13|true
2244996|138010|256280.97|1992-01-13|true
2256551|50594|66351.21|1992-01-13|true
2276357|8686|25819.56|1992-01-13|true
2278274|62254|21125.64|1992-01-13|true
2282209|120325|27544.38|1992-01-13|true
2282753|32318|160643.13|1992-01-13|true
2286373|57592|24543.40|1992-01-13|true
2297924|76877|263928.55|1992-01-13|true
2303047|96581|131935.85|1992-01-13|true
2329093|119957|98214.12|1992-01-13|true
2331906|97783|235570.39|1992-01-13|true
2351970|94090|291899.06|1992-01-13|true
2362691|29171|145313.47|1992-01-13|true
2367713|64229|94815.10|1992-01-13|true
2371713|15433|175982.86|1992-01-13|true
2386244|56927|184119.34|1992-01-13|true
2414176|28703|145113.34|1992-01-13|true
2423104|20854|43284.53|1992-01-13|true
2429799|63151|120910.88|1992-01-13|true
2444195|128470|161760.81|1992-01-13|true
2465479|135845|151570.79|1992-01-13|true
2496226|87394|237463.59|1992-01-13|true
2498823|132286|44332.12|1992-01-13|true
2500356|96262|74415.92|1992-01-13|true
2521603|53524|309906.32|1992-01-13|true
2522471|22579|109932.24|1992-01-13|true
2534881|146506|95615.73|1992-01-13|true
2544711|129616|163422.04|1992-01-13|true
2545153|143732|128247.23|1992-01-13|true
2575780|142402|42095.85|1992-01-13|true
2576196|21853|139775.65|1992-01-13|true
2583904|53048|11935.27|1992-01-13|true
2584358|127483|37225.19|1992-01-13|true
2593440|19900|188541.54|1992-01-13|true
2612995|131669|124295.33|1992-01-13|true
2618884|20518|112909.82|1992-01-13|true
2653829|83101|168712.52|1992-01-13|true
2654631|123466|53478.32|1992-01-13|true
2659527|119444|143033.01|1992-01-13|true
2676577|58255|258338.29|1992-01-13|true
2682305|19162|177500.35|1992-01-13|true
2686567|10976|214784.89|1992-01-13|true
2690082|27664|56025.59|1992-01-13|true
2694597|88019|65495.20|1992-01-13|true
2698790|129079|99995.60|1992-01-13|true
2706276|127426|227329.85|1992-01-13|true
2712069|137137|270463.12|1992-01-13|true
2721058|49528|270755.71|1992-01-13|true
2727271|149696|121046.48|1992-01-13|true
2735968|22129|77935.83|1992-01-13|true
2744356|116755|76916.31|1992-01-13|true
2744866|130070|111922.46|1992-01-13|true
2749601|82565|145048.91|1992-01-13|true
2752613|61543|112480.80|1992-01-13|true
2770501|75493|181493.95|1992-01-13|true
2779847|70270|54625.82|1992-01-13|true
2783559|48829|154823.38|1992-01-13|true
2802945|133339|55309.60|1992-01-13|true
2808768|8570|31212.17|1992-01-13|true
2816609|51884|133420.54|1992-01-13|true
2818726|122690|223110.45|1992-01-13|true
2837155|32455|145772.56|1992-01-13|true
2838437|133495|117811.76|1992-01-13|true
2840513|16075|206121.68|1992-01-13|true
2848743|47408|122258.05|1992-01-13|true
2856326|53984|188618.99|1992-01-13|true
2859747|3958|129856.20|1992-01-13|true
2874018|54112|306542.30|1992-01-13|true
2876866|61435|40076.47|1992-01-13|true
2880577|81697|159719.78|1992-01-13|true
2887425|32044|39840.28|1992-01-13|true
2887622|103643|71047.76|1992-01-13|true
2895617|18170|72716.74|1992-01-13|true
2898819|36052|70649.40|1992-01-13|true
2912837|58618|34025.53|1992-01-13|true
2920774|136291|247975.14|1992-01-13|true
2926822|17599|83366.87|1992-01-13|true
2934339|100486|139024.47|1992-01-13|true
2955141|60239|61758.52|1992-01-13|true
2988743|114457|118427.47|1992-01-13|true
2994914|46367|211779.92|1992-01-13|true
2996166|126133|38160.04|1992-01-13|true
3008931|112222|280380.39|1992-01-13|true
3008992|59197|84468.86|1992-01-13|true
3020967|28529|308913.43|1992-01-13|true
3032998|12155|29856.02|1992-01-13|true
3055078|46985|157568.93|1992-01-13|true
3061569|20785|135839.26|1992-01-13|true
3064000|134936|229846.21|1992-01-13|true
3082180|101686|29135.46|1992-01-13|true
3083622|81343|135694.49|1992-01-13|true
3084293|39508|187690.61|1992-01-13|true
3086626|107113|183525.09|1992-01-13|true
3087044|59503|230048.29|1992-01-13|true
3100900|35867|171668.36|1992-01-13|true
3101121|59666|124358.41|1992-01-13|true
3108161|19579|107977.15|1992-01-13|true
3111936|128797|314552.00|1992-01-13|true
3130117|84508|126500.10|1992-01-13|true
3153319|131570|320917.39|1992-01-13|true
3155462|19132|78008.71|1992-01-13|true
3164580|4834|140546.38|1992-01-13|true
3166022|126391|257416.75|1992-01-13|true
3166404|101128|237513.46|1992-01-13|true
3174658|139960|162283.68|1992-01-13|true
3175495|50611|122125.98|1992-01-13|true
3196708|54266|89594.28|1992-01-13|true
3203332|25175|50741.64|1992-01-13|true
3205698|89153|132464.67|1992-01-13|true
3215397|81652|59259.69|1992-01-13|true
3229508|134894|130096.18|1992-01-13|true
3230370|85876|218773.59|1992-01-13|true
3231686|61228|123239.82|1992-01-13|true
3236257|64954|124335.35|1992-01-13|true
3236423|120559|301184.33|1992-01-13|true
3251237|42328|13146.62|1992-01-13|true
3251683|145514|151701.92|1992-01-13|true
3256838|105706|176442.76|1992-01-13|true
3292963|77698|95327.30|1992-01-13|true
3294209|17953|42598.54|1992-01-13|true
3294789|136498|117237.44|1992-01-13|true
3307974|5350|255797.52|1992-01-13|true
3312481|140515|94701.17|1992-01-13|true
3318338|130486|108859.88|1992-01-13|true
3319169|101182|38845.77|1992-01-13|true
3324291|58975|93445.76|1992-01-13|true
3324771|68536|50625.65|1992-01-13|true
3328260|126868|26269.39|1992-01-13|true
3345025|28609|14632.73|1992-01-13|true
3371525|132391|142438.34|1992-01-13|true
3375874|75418|57626.73|1992-01-13|true
3390882|70729|63354.83|1992-01-13|true
3393696|89560|14659.55|1992-01-13|true
3407425|57232|161606.29|1992-01-13|true
3409601|5485|142105.36|1992-01-13|true
3421827|94760|216600.10|1992-01-13|true
3455489|119671|318454.31|1992-01-13|true
3466784|76396|30941.96|1992-01-13|true
3468323|149150|84825.55|1992-01-13|true
3482528|74194|216344.53|1992-01-13|true
3491940|72926|87736.85|1992-01-13|true
3496865|107171|159799.60|1992-01-13|true
3500833|24538|121524.24|1992-01-13|true
3501601|149035|356732.01|1992-01-13|true
3525504|50455|76512.42|1992-01-13|true
3529799|68485|172502.56|1992-01-13|true
3545765|51325|173053.79|1992-01-13|true
3565732|13828|55698.25|1992-01-13|true
3567872|16018|319428.97|1992-01-13|true
3607328|142025|134155.62|1992-01-13|true
3610562|7720|303736.06|1992-01-13|true
3611106|55415|88432.16|1992-01-13|true
3614087|12181|246764.61|1992-01-13|true
3614497|8563|186545.72|1992-01-13|true
3614564|32140|237283.35|1992-01-13|true
3627940|112618|188495.55|1992-01-13|true
3629187|51682|162976.64|1992-01-13|true
3637573|101861|163509.98|1992-01-13|true
3653248|123796|197867.25|1992-01-13|true
3664101|11479|137032.29|1992-01-13|true
3667109|145895|249414.47|1992-01-13|true
3669701|12217|296556.77|1992-01-13|true
3669857|19861|29208.70|1992-01-13|true
3680708|115526|49759.42|1992-01-13|true
3695777|134273|35170.44|1992-01-13|true
3702624|57514|244518.32|1992-01-13|true
3707265|40222|246349.90|1992-01-13|true
3749377|106972|168374.59|1992-01-13|true
3756419|81253|74671.25|1992-01-13|true
3756454|46519|106921.16|1992-01-13|true
3757442|116524|59106.45|1992-01-13|true
3798661|18758|101727.97|1992-01-13|true
3833829|61774|259101.28|1992-01-13|true
3833954|10517|192448.30|1992-01-13|true
3840899|124097|238092.18|1992-01-13|true
3841702|86939|29247.05|1992-01-13|true
3842279|141992|75466.40|1992-01-13|true
3848198|132385|9317.62|1992-01-13|true
3851943|128155|136887.13|1992-01-13|true
3861413|78139|64334.51|1992-01-13|true
3862245|15364|172160.46|1992-01-13|true
3865538|66292|268654.86|1992-01-13|true
3868839|17203|71350.24|1992-01-13|true
3876066|109609|36087.32|1992-01-13|true
3897029|38642|263371.39|1992-01-13|true
3897762|149398|101497.34|1992-01-13|true
3898534|63529|33646.38|1992-01-13|true
3913697|202|136849.36|1992-01-13|true
3924610|114235|78073.51|1992-01-13|true
3929511|17389|202399.81|1992-01-13|true
3939809|31057|73478.19|1992-01-13|true
3944610|215|127087.20|1992-01-13|true
3965349|142756|189338.52|1992-01-13|true
3967493|145930|55507.58|1992-01-13|true
3983301|129598|128540.46|1992-01-13|true
3995009|61790|358237.63|1992-01-13|true
4001731|17041|223597.30|1992-01-13|true
4014470|113084|155620.81|1992-01-13|true
4016672|93400|186971.59|1992-01-13|true
4018726|109729|200217.59|1992-01-13|true
4024421|131413|196871.66|1992-01-13|true
4027458|52096|239580.52|1992-01-13|true
4038049|125386|146291.71|1992-01-13|true
4042657|7259|194752.92|1992-01-13|true
4044098|102209|222628.09|1992-01-13|true
4050855|139169|42403.21|1992-01-13|true
4058179|130861|236871.16|1992-01-13|true
4069280|42802|74423.51|1992-01-13|true
4103046|63211|249062.55|1992-01-13|true
4108640|5726|213871.78|1992-01-13|true
4108902|17957|128889.35|1992-01-13|true
4109702|60316|217659.86|1992-01-13|true
4118242|57691|82503.42|1992-01-13|true
4121415|126475|43840.16|1992-01-13|true
4127173|47086|181132.84|1992-01-13|true
4131204|23986|223196.95|1992-01-13|true
4131491|136480|84398.53|1992-01-13|true
4134050|62956|349322.95|1992-01-13|true
4152451|125107|34862.79|1992-01-13|true
4162436|84307|177181.64|1992-01-13|true
4164801|49606|61183.67|1992-01-13|true
4185186|120182|179671.31|1992-01-13|true
4198534|65611|181054.68|1992-01-13|true
4204578|116335|166665.10|1992-01-13|true
4212452|28670|269330.01|1992-01-13|true
4226887|148370|210030.34|1992-01-13|true
4242083|1621|273519.89|1992-01-13|true
4255138|71986|39557.95|1992-01-13|true
4265056|20275|160583.38|1992-01-13|true
4268067|112702|176949.36|1992-01-13|true
4270375|14122|283575.78|1992-01-13|true
4284896|123622|129038.42|1992-01-13|true
4294852|96112|196524.93|1992-01-13|true
4300387|66980|169644.13|1992-01-13|true
4311879|137770|214921.50|1992-01-13|true
4317061|33589|196551.46|1992-01-13|true
4321152|97051|200906.78|1992-01-13|true
4351683|20921|97036.13|1992-01-13|true
4385253|129499|204515.54|1992-01-13|true
4394052|53540|48851.82|1992-01-13|true
4411653|32|76957.22|1992-01-13|true
4416390|114292|242222.53|1992-01-13|true
4417826|4204|102358.28|1992-01-13|true
4420739|132190|85927.39|1992-01-13|true
4427843|59821|45726.11|1992-01-13|true
4442176|116791|71972.75|1992-01-13|true
4446179|78187|133848.11|1992-01-13|true
4463559|40795|174905.93|1992-01-13|true
4479427|82075|143682.47|1992-01-13|true
4483780|17194|129493.75|1992-01-13|true
4494945|42841|120650.29|1992-01-13|true
4509376|71287|35170.48|1992-01-13|true
4510592|98696|123008.82|1992-01-13|true
4521958|39337|84249.66|1992-01-13|true
4525381|100777|98459.75|1992-01-13|true
4527392|18067|33519.00|1992-01-13|true
4529382|115667|129223.81|1992-01-13|true
4547141|117224|54700.94|1992-01-13|true
4567362|77501|193701.85|1992-01-13|true
4573570|9865|87294.08|1992-01-13|true
4581984|63926|268609.07|1992-01-13|true
4599206|39386|151900.52|1992-01-13|true
4608352|40574|31357.50|1992-01-13|true
4625186|143326|125642.33|1992-01-13|true
4663299|62905|217054.13|1992-01-13|true
4675362|116083|163260.71|1992-01-13|true
4679526|32774|181713.17|1992-01-13|true
4692256|69296|300998.18|1992-01-13|true
4705602|143476|129333.62|1992-01-13|true
4720390|78316|210222.40|1992-01-13|true
4732868|94960|138927.86|1992-01-13|true
4739907|124981|141747.87|1992-01-13|true
4752421|34852|151743.13|1992-01-13|true
4759395|3449|116476.28|1992-01-13|true
4767266|80714|188526.40|1992-01-13|true
4777665|87674|270580.54|1992-01-13|true
4785219|95398|241034.60|1992-01-13|true
4792289|63365|215690.12|1992-01-13|true
4800675|27809|69100.69|1992-01-13|true
4837446|117196|59948.60|1992-01-13|true
4846503|124352|177357.25|1992-01-13|true
4858081|126622|134017.77|1992-01-13|true
4864997|123689|163440.89|1992-01-13|true
4882722|53452|139441.28|1992-01-13|true
4888866|74222|262630.27|1992-01-13|true
4890338|117214|28901.92|1992-01-13|true
4903492|46811|13267.43|1992-01-13|true
4919683|61592|91415.94|1992-01-13|true
4933636|131686|108765.10|1992-01-13|true
4941985|68444|189866.31|1992-01-13|true
4950820|36209|90646.58|1992-01-13|true
4968899|96913|72778.77|1992-01-13|true
4978758|47470|272722.44|1992-01-13|true
4980065|19969|130054.92|1992-01-13|true
4986021|42409|182737.62|1992-01-13|true
4986913|32459|224997.49|1992-01-13|true
5000128|4684|100362.99|1992-01-13|true
5000645|62578|236456.62|1992-01-13|true
5004644|109951|38840.83|1992-01-13|true
5035714|20017|225526.77|1992-01-13|true
5044356|16706|238395.71|1992-01-13|true
5045607|5497|144300.48|1992-01-13|true
5092998|89632|120624.00|1992-01-13|true
5097569|122080|43035.03|1992-01-13|true
5101957|123013|20866.52|1992-01-13|true
5114017|65372|134688.90|1992-01-13|true
5118082|70964|222608.15|1992-01-13|true
5122214|137725|75353.22|1992-01-13|true
5127616|47620|256918.04|1992-01-13|true
5149283|56093|14293.70|1992-01-13|true
5152837|22973|73180.14|1992-01-13|true
5154407|104615|101602.71|1992-01-13|true
5156546|77378|138988.25|1992-01-13|true
5175431|31247|215462.76|1992-01-13|true
5181253|148138|5989.14|1992-01-13|true
5191303|25181|96252.36|1992-01-13|true
5195524|50270|66357.69|1992-01-13|true
5218624|25910|71260.94|1992-01-13|true
5226085|114260|286894.31|1992-01-13|true
5227619|140539|24359.68|1992-01-13|true
5227652|102995|130524.42|1992-01-13|true
5230535|47255|152361.86|1992-01-13|true
5230630|125278|180625.27|1992-01-13|true
5237665|7231|249305.17|1992-01-13|true
5238565|133171|8232.99|1992-01-13|true
5243936|44582|129374.04|1992-01-13|true
5245187|57874|12413.53|1992-01-13|true
5253446|69275|90436.65|1992-01-13|true
5259079|11843|174479.46|1992-01-13|true
5265667|118625|238187.28|1992-01-13|true
5285124|136289|78542.67|1992-01-13|true
5286054|76240|75808.43|1992-01-13|true
5298530|90202|293700.86|1992-01-13|true
5304967|115586|21072.93|1992-01-13|true
5318818|26560|189263.47|1992-01-13|true
5321060|130562|132729.96|1992-01-13|true
5330816|70696|85998.24|1992-01-13|true
5350528|132416|154436.39|1992-01-13|true
5352771|38425|270453.16|1992-01-13|true
5360897|20800|275029.16|1992-01-13|true
5372354|137605|242316.55|1992-01-13|true
5376550|5152|56071.64|1992-01-13|true
5377154|82606|83625.22|1992-01-13|true
5381793|62128|264687.86|1992-01-13|true
5383232|73099|169506.32|1992-01-13|true
5384608|16670|179590.91|1992-01-13|true
5392065|44035|130680.04|1992-01-13|true
5411972|20389|193424.98|1992-01-13|true
5417189|45988|137475.04|1992-01-13|true
5431937|18490|60809.72|1992-01-13|true
5432064|46846|152526.77|1992-01-13|true
5487361|17635|163456.06|1992-01-13|true
5508037|122362|214944.02|1992-01-13|true
5529344|124807|305111.77|1992-01-13|true
5530496|122665|104408.00|1992-01-13|true
5537475|126244|199074.28|1992-01-13|true
5560352|92723|73675.92|1992-01-13|true
5566598|112642|315720.24|1992-01-13|true
5577959|86986|44465.11|1992-01-13|true
5579655|107302|199291.15|1992-01-13|true
5588804|104914|246572.15|1992-01-13|true
5591781|15856|213454.98|1992-01-13|true
5614854|73573|154665.76|1992-01-13|true
5616999|131525|26753.56|1992-01-13|true
5625956|27895|50313.49|1992-01-13|true
5667142|355|7026.75|1992-01-13|true
5694273|81676|50177.18|1992-01-13|true
5703715|77971|15560.76|1992-01-13|true
5753633|67709|47992.17|1992-01-13|true
5759555|81181|330161.99|1992-01-13|true
5763394|145297|165905.59|1992-01-13|true
5776229|66787|176431.72|1992-01-13|true
5785922|78865|18741.92|1992-01-13|true
5801445|91612|69445.27|1992-01-13|true
5804549|95368|191578.29|1992-01-13|true
5811746|40219|261080.04|1992-01-13|true
5812261|3220|190972.42|1992-01-13|true
5816096|80516|26744.39|1992-01-13|true
5816835|67096|123297.54|1992-01-13|true
5824672|62605|362894.41|1992-01-13|true
5835270|88534|103644.39|1992-01-13|true
5835812|24520|110216.60|1992-01-13|true
5837568|116269|243429.91|1992-01-13|true
5845187|141448|42069.94|1992-01-13|true
5868003|146540|317554.01|1992-01-13|true
5891847|95261|186429.32|1992-01-13|true
5900832|110615|13485.94|1992-01-13|true
5905348|72152|152256.84|1992-01-13|true
5923171|131608|86681.58|1992-01-13|true
5930533|15151|112421.68|1992-01-13|true
5933635|114545|113225.73|1992-01-13|true
5950597|106523|245141.53|1992-01-13|true
5950981|97628|110343.07|1992-01-13|true
5953157|131981|45421.14|1992-01-13|true
5955073|125093|159319.71|1992-01-13|true
5957607|40090|132738.98|1992-01-13|true
5958599|29234|160888.85|1992-01-13|true
5974307|147067|18092.88|1992-01-13|true
5409|12613|-21933.85|1992-01-13|false
7107|90740|-30583.92|1992-01-13|false
14726|127879|-29340.73|1992-01-13|false
16164|98428|-36089.74|1992-01-13|false
43494|91192|-38910.20|1992-01-13|false
51424|94769|-33227.33|1992-01-13|false
69632|117508|-46458.78|1992-01-13|false
75840|83075|-46966.85|1992-01-13|false
108961|44816|-6465.30|1992-01-13|false
130852|116437|-53743.29|1992-01-13|false
140641|123661|-14459.98|1992-01-13|false
168256|9182|-31521.39|1992-01-13|false
175398|132695|-35578.56|1992-01-13|false
176768|112850|-28004.33|1992-01-13|false
183616|52451|-50704.93|1992-01-13|false
231623|120748|-18117.45|1992-01-13|false
231712|95678|-50762.41|1992-01-13|false
234368|61882|-9935.57|1992-01-13|false
234727|121949|-50236.58|1992-01-13|false
235842|41348|-17305.88|1992-01-13|false
265862|58231|-48750.62|1992-01-13|false
269606|142465|-12242.59|1992-01-13|false
308384|84520|-42210.41|1992-01-13|false
308384|84520|-7264.17|1992-01-13|false
312038|115762|-47154.69|1992-01-13|false
363201|112375|-1253.41|1992-01-13|false
380967|5642|-7914.62|1992-01-13|false
397350|116911|-45977.28|1992-01-13|false
404963|98306|-4687.80|1992-01-13|false
443495|9740|-5874.44|1992-01-13|false
448963|105227|-67798.08|1992-01-13|false
454277|11344|-26183.49|1992-01-13|false
473409|45008|-25469.26|1992-01-13|false
492998|131911|-9799.03|1992-01-13|false
543366|62644|-47013.66|1992-01-13|false
544453|96778|-44834.60|1992-01-13|false
571203|76297|-57619.03|1992-01-13|false
582368|94288|-19464.66|1992-01-13|false
605282|5813|-52148.45|1992-01-13|false
645286|107731|-20665.10|1992-01-13|false
646854|134503|-65033.71|1992-01-13|false
664869|6391|-32033.66|1992-01-13|false
680129|59764|-1622.18|1992-01-13|false
693984|100477|-40454.12|1992-01-13|false
705538|125773|-22416.77|1992-01-13|false
714309|32008|-35550.16|1992-01-13|false
717701|127393|-4124.41|1992-01-13|false
718658|30866|-51134.38|1992-01-13|false
731143|96229|-72291.64|1992-01-13|false
803488|4153|-55639.30|1992-01-13|false
817440|15901|-57822.67|1992-01-13|false
827489|18358|-90153.26|1992-01-13|false
828000|59132|-53845.11|1992-01-13|false
849860|44080|-36637.20|1992-01-13|false
852160|44024|-70126.56|1992-01-13|false
884071|99943|-10269.14|1992-01-13|false
927045|51739|-4324.12|1992-01-13|false
964547|70876|-41108.14|1992-01-13|false
967683|89665|-31903.04|1992-01-13|false
985600|123358|-64906.69|1992-01-13|false
986981|120652|-87804.20|1992-01-13|false
994403|60176|-61662.60|1992-01-13|false
1052517|141499|-42603.60|1992-01-13|false
1054247|91040|-50109.60|1992-01-13|false
1153856|55141|-26999.06|1992-01-13|false
1168167|96928|-13240.31|1992-01-13|false
1196001|94619|-94054.06|1992-01-13|false
1242340|10196|-49533.58|1992-01-13|false
1247171|126593|-38163.32|1992-01-13|false
1256739|91108|-12302.61|1992-01-13|false
1265153|13843|-51397.08|1992-01-13|false
1274695|74275|-46422.99|1992-01-13|false
1312770|90332|-24210.89|1992-01-13|false
1328579|101440|-6685.02|1992-01-13|false
1334914|53575|-41169.78|1992-01-13|false
1348801|13162|-3053.39|1992-01-13|false
1352897|112750|-52767.41|1992-01-13|false
1356132|97907|-5737.32|1992-01-13|false
1376228|118160|-7789.75|1992-01-13|false
1407941|19831|-8953.61|1992-01-13|false
1417924|8785|-49235.52|1992-01-13|false
1490630|128764|-3557.51|1992-01-13|false
1502464|63955|-45018.32|1992-01-13|false
1527139|80845|-47518.93|1992-01-13|false
1561058|70652|-44122.51|1992-01-13|false
1574597|43132|-11106.09|1992-01-13|false
1578112|62999|-38773.44|1992-01-13|false
1700230|112|-1059.41|1992-01-13|false
1744832|144940|-38723.57|1992-01-13|false
1747232|45518|-9423.09|1992-01-13|false
1775264|109756|-33916.84|1992-01-13|false
1784581|75658|-43715.76|1992-01-13|false
1794374|35326|-4727.30|1992-01-13|false
1794374|35326|-57548.34|1992-01-13|false
1818725|149500|-1310.69|1992-01-13|false
1853061|25817|-32954.74|1992-01-13|false
1908741|62590|-53842.03|1992-01-13|false
1940549|17969|-16934.49|1992-01-13|false
1968835|55424|-24942.93|1992-01-13|false
2002435|72955|-20073.13|1992-01-13|false
2005859|138428|-30713.36|1992-01-13|false
2030599|92170|-21179.48|1992-01-13|false
2086599|37072|-7776.67|1992-01-13|false
2090725|100439|-64269.32|1992-01-13|false
2093282|100828|-7327.26|1992-01-13|false
2102980|6983|-29165.18|1992-01-13|false
2113090|29972|-28115.13|1992-01-13|false
2115492|31757|-6576.00|1992-01-13|false
2153446|45490|-32743.91|1992-01-13|false
2204644|41815|-6581.48|1992-01-13|false
2371552|84226|-84278.29|1992-01-13|false
2389827|55654|-68269.61|1992-01-13|false
2402915|76124|-40901.11|1992-01-13|false
2434786|107927|-51704.14|1992-01-13|false
2473093|46405|-79480.50|1992-01-13|false
2484326|15293|-45445.61|1992-01-13|false
2484899|98044|-5758.63|1992-01-13|false
2505350|94019|-25664.96|1992-01-13|false
2551649|56002|-3991.66|1992-01-13|false
2650370|79717|-38183.40|1992-01-13|false
2683078|82231|-77004.75|1992-01-13|false
2688868|27955|-29872.36|1992-01-13|false
2700996|129391|-11156.54|1992-01-13|false
2704001|80539|-49026.29|1992-01-13|false
2713410|143530|-56621.26|1992-01-13|false
2730628|20623|-12283.05|1992-01-13|false
2744324|116008|-28432.31|1992-01-13|false
2770978|53026|-26340.66|1992-01-13|false
2787557|110842|-6951.20|1992-01-13|false
2794563|79912|-34280.94|1992-01-13|false
2824196|64361|-72775.19|1992-01-13|false
2864612|106381|-78648.24|1992-01-13|false
2888102|131249|-26633.35|1992-01-13|false
2910790|127150|-42895.56|1992-01-13|false
2924391|103997|-36741.76|1992-01-13|false
2935361|143605|-38910.75|1992-01-13|false
2940996|10912|-77929.18|1992-01-13|false
2952357|98419|-40873.85|1992-01-13|false
2966692|62872|-53688.61|1992-01-13|false
3002913|5279|-76221.06|1992-01-13|false
3040832|101491|-57678.42|1992-01-13|false
3061189|44360|-35312.00|1992-01-13|false
3086693|74131|-28718.71|1992-01-13|false
3095392|81386|-53117.97|1992-01-13|false
3124417|115217|-42834.67|1992-01-13|false
3158784|52774|-15496.82|1992-01-13|false
3180705|5248|-13605.09|1992-01-13|false
3182528|74863|-7186.41|1992-01-13|false
3193285|144880|-56860.42|1992-01-13|false
3265410|114764|-7160.87|1992-01-13|false
3268803|41774|-26540.76|1992-01-13|false
3278213|141797|-58185.16|1992-01-13|false
3293793|115790|-19074.40|1992-01-13|false
3307715|3269|-39744.36|1992-01-13|false
3321574|134600|-54162.33|1992-01-13|false
3340230|121235|-17040.00|1992-01-13|false
3356069|144373|-63778.49|1992-01-13|false
3402115|2896|-46841.80|1992-01-13|false
3446498|56035|-17319.76|1992-01-13|false
3460160|98434|-46056.47|1992-01-13|false
3500928|25495|-62823.45|1992-01-13|false
3557921|57490|-24834.12|1992-01-13|false
3563713|130913|-78299.86|1992-01-13|false
3605472|124672|-47392.04|1992-01-13|false
3631392|19906|-76815.53|1992-01-13|false
3634882|70258|-36951.08|1992-01-13|false
3638950|48635|-47397.02|1992-01-13|false
3670567|86063|-68329.14|1992-01-13|false
3681286|148309|-55186.69|1992-01-13|false
3684960|103382|-26802.69|1992-01-13|false
3738753|25747|-7331.92|1992-01-13|false
3764960|97291|-19448.31|1992-01-13|false
3824295|58651|-67368.84|1992-01-13|false
3850144|110240|-23758.63|1992-01-13|false
3873573|146420|-42301.93|1992-01-13|false
3891972|9883|-15038.71|1992-01-13|false
3893763|73622|-53605.35|1992-01-13|false
3923268|102542|-16074.17|1992-01-13|false
3930276|135022|-3049.64|1992-01-13|false
3958784|29084|-39554.93|1992-01-13|false
3967719|109537|-23448.20|1992-01-13|false
3975394|77615|-22008.52|1992-01-13|false
3978342|55706|-33375.76|1992-01-13|false
3987136|96277|-60497.28|1992-01-13|false
3991330|141667|-1370.92|1992-01-13|false
3991330|141667|-49045.88|1992-01-13|false
4021957|63103|-72557.20|1992-01-13|false
4036068|146987|-50007.51|1992-01-13|false
4087936|35749|-37667.99|1992-01-13|false
4091431|4019|-16053.83|1992-01-13|false
4098529|59899|-27427.59|1992-01-13|false
4125537|58067|-14503.31|1992-01-13|false
4136256|92074|-43109.90|1992-01-13|false
4140581|138491|-43529.07|1992-01-13|false
4142564|54436|-5620.17|1992-01-13|false
4187073|8948|-44181.85|1992-01-13|false
4205537|135001|-35645.40|1992-01-13|false
4233984|59812|-27554.56|1992-01-13|false
4255586|92083|-27741.50|1992-01-13|false
4269472|145678|-17851.34|1992-01-13|false
4279556|106783|-8061.06|1992-01-13|false
4313441|45755|-16755.13|1992-01-13|false
4343141|147893|-26638.66|1992-01-13|false
4372577|129583|-5291.63|1992-01-13|false
4403233|119197|-3974.83|1992-01-13|false
4470631|111970|-64733.10|1992-01-13|false
4522082|33646|-6940.41|1992-01-13|false
4554916|111454|-62089.29|1992-01-13|false
4572391|85444|-55743.04|1992-01-13|false
4582596|76951|-7268.83|1992-01-13|false
4583680|19985|-21227.78|1992-01-13|false
4586726|6263|-89512.86|1992-01-13|false
4615783|3127|-70758.69|1992-01-13|false
4616128|25639|-87790.16|1992-01-13|false
4703748|109163|-58218.35|1992-01-13|false
4741863|106504|-16775.17|1992-01-13|false
4796518|28933|-75950.50|1992-01-13|false
4811553|96974|-35071.64|1992-01-13|false
4812032|20968|-4343.79|1992-01-13|false
4812032|20968|-39752.04|1992-01-13|false
4819777|82519|-31141.63|1992-01-13|false
4872102|39949|-8733.60|1992-01-13|false
4893094|108404|-9014.55|1992-01-13|false
4895046|26753|-46816.80|1992-01-13|false
4952358|28133|-10878.07|1992-01-13|false
4960582|113920|-20144.41|1992-01-13|false
4966855|71623|-57482.52|1992-01-13|false
5006342|91813|-14319.45|1992-01-13|false
5021412|69235|-90473.28|1992-01-13|false
5028321|82087|-32310.44|1992-01-13|false
5050501|8324|-53926.07|1992-01-13|false
5062823|84136|-74150.86|1992-01-13|false
5064929|81833|-48219.90|1992-01-13|false
5077761|63262|-51475.70|1992-01-13|false
5081635|117493|-41191.95|1992-01-13|false
5111298|138890|-52437.51|1992-01-13|false
5150560|120688|-49438.33|1992-01-13|false
5166597|35690|-48707.37|1992-01-13|false
5179552|121960|-25752.98|1992-01-13|false
5184069|104569|-59200.79|1992-01-13|false
5184069|104569|-67780.86|1992-01-13|false
5238087|109234|-5176.34|1992-01-13|false
5258113|69164|-12632.99|1992-01-13|false
5259399|83807|-38451.95|1992-01-13|false
5261894|79924|-12915.07|1992-01-13|false
5274018|68101|-40642.71|1992-01-13|false
5279652|117853|-18200.83|1992-01-13|false
5283303|54475|-10061.86|1992-01-13|false
5303110|105184|-14736.61|1992-01-13|false
5317635|35746|-39181.53|1992-01-13|false
5323559|122557|-29345.45|1992-01-13|false
5323559|122557|-52782.41|1992-01-13|false
5389696|70531|-17943.86|1992-01-13|false
5390755|107776|-76503.06|1992-01-13|false
5392037|123871|-28393.44|1992-01-13|false
5426052|44497|-15195.44|1992-01-13|false
5442467|99955|-28120.23|1992-01-13|false
5452483|70|-4119.60|1992-01-13|false
5535079|122027|-28019.15|1992-01-13|false
5557568|50473|-21203.59|1992-01-13|false
5559747|40342|-42165.33|1992-01-13|false
5601159|86963|-66047.34|1992-01-13|false
5624005|40216|-45863.85|1992-01-13|false
5651044|129523|-54323.30|1992-01-13|false
5685700|116806|-15185.82|1992-01-13|false
5692993|55792|-36547.20|1992-01-13|false
5746720|47860|-42951.67|1992-01-13|false
5781539|91780|-3350.04|1992-01-13|false
5785507|84938|-47457.33|1992-01-13|false
5800519|47212|-4315.53|1992-01-13|false
5854464|41117|-38648.12|1992-01-13|false
5889505|5282|-20705.34|1992-01-13|false
5893479|137179|-19574.11|1992-01-13|false
5911207|54245|-80038.00|1992-01-13|false
5941986|39511|-60212.25|1992-01-13|false
5961282|7885|-51752.40|1992-01-13|false
5967685|13186|-63005.79|1992-01-13|false
3011|89752|77373.82|1992-01-14|true
6501|3248|163064.66|1992-01-14|true
22914|40835|327009.79|1992-01-14|true
48326|149890|59711.83|1992-01-14|true
52068|30043|189342.58|1992-01-14|true
56070|59159|71702.40|1992-01-14|true
69280|139907|106484.50|1992-01-14|true
73090|44677|1900.68|1992-01-14|true
92228|108863|290703.98|1992-01-14|true
98535|11896|40680.90|1992-01-14|true
99776|66232|248527.10|1992-01-14|true
113217|147122|80939.22|1992-01-14|true
121344|45013|288746.63|1992-01-14|true
123776|148831|148631.61|1992-01-14|true
131845|120646|85178.89|1992-01-14|true
142145|15004|152386.41|1992-01-14|true
156160|36055|327137.10|1992-01-14|true
157859|134425|173750.18|1992-01-14|true
172928|104851|64249.66|1992-01-14|true
173476|61978|192165.62|1992-01-14|true
179203|22267|36424.84|1992-01-14|true
183328|100795|202561.93|1992-01-14|true
186181|41761|85189.60|1992-01-14|true
209536|129997|151997.21|1992-01-14|true
227394|113905|56021.13|1992-01-14|true
231552|51820|27374.76|1992-01-14|true
232580|24781|9580.22|1992-01-14|true
262563|52120|30529.11|1992-01-14|true
274662|134263|45973.38|1992-01-14|true
279974|12917|94555.08|1992-01-14|true
280129|39796|441859.14|1992-01-14|true
299456|99802|29957.62|1992-01-14|true
299715|143516|182004.13|1992-01-14|true
299808|44539|370679.34|1992-01-14|true
313124|68323|40829.32|1992-01-14|true
316963|6884|152616.30|1992-01-14|true
317282|2129|183743.51|1992-01-14|true
319492|99422|250898.11|1992-01-14|true
332677|113744|42826.75|1992-01-14|true
333760|45344|127383.53|1992-01-14|true
336356|36314|67121.61|1992-01-14|true
337350|91142|124811.39|1992-01-14|true
350208|102569|45536.83|1992-01-14|true
364801|37561|50880.87|1992-01-14|true
374208|111145|139558.57|1992-01-14|true
374243|18431|93933.58|1992-01-14|true
375104|7124|8487.49|1992-01-14|true
375616|10891|22237.60|1992-01-14|true
376448|60922|91609.29|1992-01-14|true
382786|42076|145673.66|1992-01-14|true
412038|90739|155826.00|1992-01-14|true
416481|128590|110908.25|1992-01-14|true
431939|21290|50217.30|1992-01-14|true
457414|42998|10569.71|1992-01-14|true
458244|124543|247701.51|1992-01-14|true
461446|49105|144765.25|1992-01-14|true
472195|42002|62930.77|1992-01-14|true
472290|87433|204251.22|1992-01-14|true
477830|124969|24676.00|1992-01-14|true
487815|92023|144788.32|1992-01-14|true
488290|73633|42631.02|1992-01-14|true
501990|23351|317439.80|1992-01-14|true
507687|114422|280950.52|1992-01-14|true
513094|56014|233779.05|1992-01-14|true
544421|10249|47849.98|1992-01-14|true
549442|58915|225097.65|1992-01-14|true
553376|148079|186663.10|1992-01-14|true
573061|88549|55405.06|1992-01-14|true
579783|22793|123644.71|1992-01-14|true
581763|70147|81550.94|1992-01-14|true
582241|130282|145093.75|1992-01-14|true
588870|100741|148336.67|1992-01-14|true
616359|47647|60931.92|1992-01-14|true
621287|19276|119889.03|1992-01-14|true
645376|35194|5192.05|1992-01-14|true
657893|87976|277895.77|1992-01-14|true
666720|139852|267180.60|1992-01-14|true
678338|133661|26385.13|1992-01-14|true
679521|91438|82863.00|1992-01-14|true
679553|78793|80527.03|1992-01-14|true
697638|32293|216214.27|1992-01-14|true
700037|4196|113471.74|1992-01-14|true
723776|81787|81643.83|1992-01-14|true
731239|95551|107347.92|1992-01-14|true
739012|73783|66762.17|1992-01-14|true
750694|65531|32390.96|1992-01-14|true
777376|104158|245605.17|1992-01-14|true
790401|110059|119211.77|1992-01-14|true
792577|125653|312026.82|1992-01-14|true
797152|99817|58706.54|1992-01-14|true
824707|16405|91323.25|1992-01-14|true
840901|56581|35172.40|1992-01-14|true
841862|32350|157617.41|1992-01-14|true
841923|95284|257827.31|1992-01-14|true
844482|67114|211533.61|1992-01-14|true
854118|39289|237359.78|1992-01-14|true
863207|32074|127544.24|1992-01-14|true
866980|106699|155579.61|1992-01-14|true
890021|60787|276971.99|1992-01-14|true
898242|49399|326131.57|1992-01-14|true
912352|73249|133067.21|1992-01-14|true
941255|121711|83771.97|1992-01-14|true
945799|22987|102237.17|1992-01-14|true
951296|103720|93770.75|1992-01-14|true
955489|53669|16811.95|1992-01-14|true
958816|9187|82421.94|1992-01-14|true
960835|68777|176646.82|1992-01-14|true
961058|11365|230366.41|1992-01-14|true
962855|60409|7612.63|1992-01-14|true
972709|57280|198580.68|1992-01-14|true
976195|100354|74431.74|1992-01-14|true
992548|124885|263133.41|1992-01-14|true
994436|107882|14097.32|1992-01-14|true
995168|29612|124556.69|1992-01-14|true
1004423|54982|292700.69|1992-01-14|true
1011649|66847|120306.92|1992-01-14|true
1017543|123580|17563.30|1992-01-14|true
1019745|88549|263814.30|1992-01-14|true
1055617|113539|10436.93|1992-01-14|true
1055969|99334|94373.85|1992-01-14|true
1060291|99836|101342.65|1992-01-14|true
1060359|44302|213162.60|1992-01-14|true
1062502|83306|3762.98|1992-01-14|true
1068359|38422|185912.41|1992-01-14|true
1087716|45515|33710.37|1992-01-14|true
1090533|67762|150704.30|1992-01-14|true
1095586|133802|148203.34|1992-01-14|true
1099426|78898|84346.83|1992-01-14|true
1110851|90544|45665.89|1992-01-14|true
1113222|34459|74794.97|1992-01-14|true
1116129|93343|221835.29|1992-01-14|true
1123939|88324|58125.08|1992-01-14|true
1126435|96286|145884.51|1992-01-14|true
1136485|38677|117170.04|1992-01-14|true
1137255|40991|125404.16|1992-01-14|true
1140450|99685|149664.58|1992-01-14|true
1223204|54467|325871.68|1992-01-14|true
1227043|122530|94703.26|1992-01-14|true
1240065|132167|130558.43|1992-01-14|true
1251044|137378|13916.93|1992-01-14|true
1252005|34|275058.17|1992-01-14|true
1253063|21106|184397.43|1992-01-14|true
1264068|142027|34536.91|1992-01-14|true
1279363|68281|93695.02|1992-01-14|true
1286374|77881|102515.75|1992-01-14|true
1291809|97129|164896.64|1992-01-14|true
1297153|93530|208507.03|1992-01-14|true
1300134|29494|46281.22|1992-01-14|true
1302214|36332|248035.38|1992-01-14|true
1302276|78764|224062.93|1992-01-14|true
1306690|41780|222835.51|1992-01-14|true
1313283|16510|144152.05|1992-01-14|true
1317253|64813|116737.97|1992-01-14|true
1317314|54109|261393.63|1992-01-14|true
1318659|56233|120431.27|1992-01-14|true
1339398|38479|301544.57|1992-01-14|true
1346787|141733|263075.84|1992-01-14|true
1356864|37333|126015.32|1992-01-14|true
1367783|467|157308.34|1992-01-14|true
1378657|123592|201668.90|1992-01-14|true
1383811|105611|267305.12|1992-01-14|true
1384133|143875|107028.32|1992-01-14|true
1390756|94318|241392.95|1992-01-14|true
1392231|79999|165199.97|1992-01-14|true
1398534|48926|98515.74|1992-01-14|true
1410790|22495|128563.96|1992-01-14|true
1418242|19192|92665.42|1992-01-14|true
1419174|102541|235036.77|1992-01-14|true
1430178|58411|7378.96|1992-01-14|true
1435943|97675|66085.72|1992-01-14|true
1447041|90919|41893.98|1992-01-14|true
1448741|16333|117251.59|1992-01-14|true
1455398|62449|134890.77|1992-01-14|true
1466021|105658|283012.87|1992-01-14|true
1469221|114988|59252.23|1992-01-14|true
1496483|75532|84563.00|1992-01-14|true
1507203|105791|48704.02|1992-01-14|true
1518722|23612|84632.25|1992-01-14|true
1532226|13570|78497.35|1992-01-14|true
1536102|91831|155904.15|1992-01-14|true
1541955|102793|118624.18|1992-01-14|true
1579553|117880|191743.27|1992-01-14|true
1580999|59860|115365.13|1992-01-14|true
1611685|127198|102856.90|1992-01-14|true
1633156|119512|272312.17|1992-01-14|true
1638467|37426|124778.66|1992-01-14|true
1664580|25340|209276.03|1992-01-14|true
1679684|80489|16332.41|1992-01-14|true
1686083|54091|103155.86|1992-01-14|true
1693890|66394|70352.98|1992-01-14|true
1694180|82126|35648.59|1992-01-14|true
1710853|139120|42189.90|1992-01-14|true
1724709|66964|231586.08|1992-01-14|true
1736965|132404|318059.34|1992-01-14|true
1741092|43510|328810.33|1992-01-14|true
1742502|75179|258376.05|1992-01-14|true
1750533|128474|200350.03|1992-01-14|true
1753280|144244|94703.31|1992-01-14|true
1771970|105373|285260.48|1992-01-14|true
1794660|140251|132505.76|1992-01-14|true
1802567|91604|172204.90|1992-01-14|true
1831106|36526|142481.03|1992-01-14|true
1834017|16987|44388.66|1992-01-14|true
1834855|98989|137443.72|1992-01-14|true
1847681|17410|90061.94|1992-01-14|true
1861349|63854|238226.35|1992-01-14|true
1899844|137465|159631.59|1992-01-14|true
1906882|2633|66109.68|1992-01-14|true
1912423|9784|10832.98|1992-01-14|true
1923238|35044|312329.99|1992-01-14|true
1925696|87869|190299.80|1992-01-14|true
1933954|93908|173159.03|1992-01-14|true
1962977|60815|100010.09|1992-01-14|true
1995297|109865|87022.02|1992-01-14|true
1996226|121466|133779.34|1992-01-14|true
2001701|90334|206391.70|1992-01-14|true
2020773|65581|213577.06|1992-01-14|true
2031585|65644|88182.60|1992-01-14|true
2031649|52123|69756.13|1992-01-14|true
2033030|72890|139604.69|1992-01-14|true
2041926|17048|42502.66|1992-01-14|true
2047302|41269|80375.18|1992-01-14|true
2068389|68944|48583.04|1992-01-14|true
2093093|103198|166398.47|1992-01-14|true
2099975|52069|277368.42|1992-01-14|true
2106180|54703|151462.47|1992-01-14|true
2111683|47215|360947.17|1992-01-14|true
2115717|96880|199026.17|1992-01-14|true
2142758|73531|218648.81|1992-01-14|true
2163747|114004|199940.36|1992-01-14|true
2167010|52687|8209.15|1992-01-14|true
2176673|125204|199020.33|1992-01-14|true
2190983|85261|107163.98|1992-01-14|true
2214469|121459|163836.28|1992-01-14|true
2242661|18373|141257.61|1992-01-14|true
2251426|11257|94063.78|1992-01-14|true
